Tanggal;Buka*;Tinggi;Rendah;Tutup**;Volume;Kapitalisasi pasar
Apr 23, 2026;Rp 1,346,690,247.33;Rp 1,359,450,749.46;Rp 1,332,414,984.06;Rp 1,356,890,155.55;Rp 694,921,482,541,551;Rp 26,981,212,608,737,448
Apr 22, 2026;Rp 1,308,718,886.18;Rp 1,368,127,163.87;Rp 1,306,311,937.78;Rp 1,346,676,930.41;Rp 828,495,092,381,007;Rp 26,834,572,984,637,316
Apr 21, 2026;Rp 1,299,792,643.38;Rp 1,317,945,327.86;Rp 1,285,325,378.45;Rp 1,308,694,232.01;Rp 624,492,586,833,041;Rp 26,185,716,597,145,412
Apr 20, 2026;Rp 1,265,840,823.59;Rp 1,311,513,810.21;Rp 1,264,492,335.81;Rp 1,299,787,396.62;Rp 680,008,777,704,583;Rp 26,033,040,719,461,548
Apr 19, 2026;Rp 1,297,904,127.80;Rp 1,306,833,245.43;Rp 1,265,359,217.86;Rp 1,265,876,960.69;Rp 530,166,170,409,104;Rp 25,340,328,782,291,108
Apr 18, 2026;Rp 1,322,082,662.43;Rp 1,326,922,339.59;Rp 1,294,154,712.06;Rp 1,297,947,197.43;Rp 445,877,259,793,357;Rp 25,980,533,798,357,104
Apr 17, 2026;Rp 1,287,541,261.09;Rp 1,339,492,226.09;Rp 1,280,198,377.08;Rp 1,321,925,514.05;Rp 927,356,613,361,508;Rp 26,449,240,694,530,920
Apr 16, 2026;Rp 1,283,238,412.47;Rp 1,295,244,757.66;Rp 1,259,058,715.42;Rp 1,287,337,188.29;Rp 708,642,312,733,310;Rp 25,807,630,842,096,496
Apr 15, 2026;Rp 1,271,164,660.68;Rp 1,293,495,255.52;Rp 1,260,434,876.12;Rp 1,283,138,939.46;Rp 652,703,704,492,234;Rp 25,659,780,140,588,132
Apr 14, 2026;Rp 1,275,896,947.67;Rp 1,302,072,598.87;Rp 1,265,024,708.05;Rp 1,271,157,551.88;Rp 917,213,253,440,466;Rp 25,436,647,340,314,248
Apr 13, 2026;Rp 1,209,234,914.42;Rp 1,283,056,254.81;Rp 1,209,234,914.42;Rp 1,276,003,777.87;Rp 893,425,179,772,960;Rp 25,476,128,663,391,188
Apr 12, 2026;Rp 1,248,476,748.23;Rp 1,250,151,177.65;Rp 1,205,385,690.06;Rp 1,209,162,951.08;Rp 510,675,117,012,783;Rp 24,202,089,525,052,676
Apr 11, 2026;Rp 1,247,110,868.19;Rp 1,260,920,883.99;Rp 1,239,936,981.36;Rp 1,248,446,331.01;Rp 397,959,793,111,486;Rp 24,987,669,089,325,472
Apr 10, 2026;Rp 1,224,976,716.13;Rp 1,254,685,323.74;Rp 1,221,969,981.62;Rp 1,247,160,884.77;Rp 643,813,427,469,194;Rp 24,927,330,511,960,184
Apr 09, 2026;Rp 1,210,127,183.71;Rp 1,247,732,693.04;Rp 1,199,797,673.92;Rp 1,225,251,188.42;Rp 660,180,698,727,489;Rp 24,441,789,324,112,768
Apr 08, 2026;Rp 1,226,584,570.73;Rp 1,236,630,925.76;Rp 1,202,712,210.80;Rp 1,210,174,612.93;Rp 723,583,347,878,957;Rp 24,264,933,484,410,484
Apr 07, 2026;Rp 1,172,558,123.60;Rp 1,239,920,638.56;Rp 1,156,080,651.77;Rp 1,226,423,493.44;Rp 760,322,304,640,439;Rp 24,519,482,901,533,696
Apr 06, 2026;Rp 1,172,323,236.21;Rp 1,197,329,419.15;Rp 1,163,834,575.68;Rp 1,172,565,781.80;Rp 671,995,005,505,198;Rp 23,418,968,096,703,680
Apr 05, 2026;Rp 1,143,586,949.55;Rp 1,174,103,273.09;Rp 1,132,021,101.94;Rp 1,172,306,026.37;Rp 390,410,975,156,050;Rp 23,460,789,711,737,404
Apr 04, 2026;Rp 1,137,595,542.39;Rp 1,147,390,716.72;Rp 1,134,723,296.37;Rp 1,143,575,439.73;Rp 269,854,108,772,724;Rp 22,884,878,805,076,472
Apr 03, 2026;Rp 1,135,243,662.47;Rp 1,142,151,652.04;Rp 1,126,627,127.65;Rp 1,137,467,259.27;Rp 387,226,542,477,558;Rp 22,734,352,524,066,168
Apr 02, 2026;Rp 1,153,035,399.70;Rp 1,162,439,620.97;Rp 1,117,866,989.85;Rp 1,135,236,190.21;Rp 666,020,163,615,366;Rp 22,670,094,743,891,588
Apr 01, 2026;Rp 1,156,484,534.48;Rp 1,175,102,537.07;Rp 1,147,924,553.40;Rp 1,153,046,454.91;Rp 618,054,773,193,447;Rp 23,088,985,826,453,644
Mar 31, 2026;Rp 1,133,434,487.56;Rp 1,160,647,155.92;Rp 1,121,693,391.24;Rp 1,156,491,736.15;Rp 730,719,965,676,050;Rp 23,202,841,978,360,480
Mar 30, 2026;Rp 1,118,982,423.40;Rp 1,158,758,226.14;Rp 1,115,615,038.36;Rp 1,133,381,050.82;Rp 639,495,018,310,475;Rp 22,639,989,863,901,284
Mar 29, 2026;Rp 1,126,824,619.43;Rp 1,139,283,335.00;Rp 1,102,415,176.91;Rp 1,118,924,228.95;Rp 367,780,984,148,988;Rp 22,423,690,047,886,252
Mar 28, 2026;Rp 1,127,144,194.61;Rp 1,142,340,044.30;Rp 1,119,808,334.89;Rp 1,126,824,715.43;Rp 355,530,509,803,911;Rp 22,546,006,168,785,532
Mar 27, 2026;Rp 1,164,762,975.35;Rp 1,170,003,570.28;Rp 1,112,135,313.73;Rp 1,127,141,997.91;Rp 787,055,512,060,960;Rp 22,471,153,153,915,112
Mar 26, 2026;Rp 1,205,925,374.40;Rp 1,207,621,141.02;Rp 1,152,685,080.35;Rp 1,164,776,312.74;Rp 658,887,569,383,311;Rp 23,269,976,134,899,504
Mar 25, 2026;Rp 1,191,015,014.95;Rp 1,213,871,041.65;Rp 1,189,527,685.37;Rp 1,205,921,384.56;Rp 598,036,939,258,101;Rp 24,090,834,826,411,028
Mar 24, 2026;Rp 1,196,225,871.15;Rp 1,205,288,520.51;Rp 1,166,849,300.58;Rp 1,190,978,054.57;Rp 677,822,101,382,933;Rp 23,795,673,747,394,780
Mar 23, 2026;Rp 1,150,948,885.66;Rp 1,214,312,880.07;Rp 1,145,181,358.25;Rp 1,196,262,823.85;Rp 873,838,843,095,450;Rp 24,064,172,718,744,248
Mar 22, 2026;Rp 1,166,331,845.68;Rp 1,180,318,979.05;Rp 1,142,973,305.73;Rp 1,150,986,504.49;Rp 510,871,144,647,650;Rp 23,026,599,814,374,164
Mar 21, 2026;Rp 1,196,619,935.22;Rp 1,205,592,591.83;Rp 1,164,049,098.92;Rp 1,165,892,004.93;Rp 358,181,936,959,619;Rp 23,330,186,061,497,592
Mar 20, 2026;Rp 1,180,945,533.14;Rp 1,208,365,315.84;Rp 1,177,316,326.94;Rp 1,196,621,879.63;Rp 646,948,032,483,117;Rp 23,828,936,070,861,632
Mar 19, 2026;Rp 1,214,526,361.47;Rp 1,214,670,864.46;Rp 1,166,210,742.30;Rp 1,180,966,811.18;Rp 760,782,950,582,237;Rp 23,837,724,703,885,040
Mar 18, 2026;Rp 1,254,862,424.23;Rp 1,265,839,326.91;Rp 1,197,056,998.77;Rp 1,214,445,007.31;Rp 784,602,651,353,236;Rp 24,189,018,426,160,460
Mar 17, 2026;Rp 1,269,703,008.72;Rp 1,289,774,264.09;Rp 1,246,412,020.46;Rp 1,254,618,423.68;Rp 839,636,192,062,455;Rp 25,086,301,369,965,208
Mar 16, 2026;Rp 1,233,347,975.44;Rp 1,270,492,800.01;Rp 1,226,827,767.81;Rp 1,269,801,187.44;Rp 941,509,306,078,384;Rp 25,367,729,065,701,836
Mar 15, 2026;Rp 1,207,787,563.41;Rp 1,239,698,457.53;Rp 1,202,169,362.98;Rp 1,233,208,159.61;Rp 474,733,316,228,365;Rp 24,696,355,467,246,604
Mar 14, 2026;Rp 1,203,576,375.99;Rp 1,209,102,401.12;Rp 1,192,962,950.39;Rp 1,207,803,655.23;Rp 377,930,062,779,871;Rp 24,158,343,180,300,432
Mar 13, 2026;Rp 1,192,425,829.26;Rp 1,251,031,771.28;Rp 1,190,965,720.67;Rp 1,203,625,368.22;Rp 1,034,616,111,087,292;Rp 24,009,071,237,897,936
Mar 12, 2026;Rp 1,185,920,165.29;Rp 1,195,799,244.36;Rp 1,170,361,507.55;Rp 1,192,365,129.86;Rp 690,370,473,891,650;Rp 23,817,090,780,713,420
Mar 11, 2026;Rp 1,178,941,101.20;Rp 1,204,492,383.49;Rp 1,163,222,456.23;Rp 1,185,812,035.51;Rp 762,628,878,381,727;Rp 23,673,885,846,589,672
Mar 10, 2026;Rp 1,155,421,064.62;Rp 1,209,359,792.03;Rp 1,155,421,064.62;Rp 1,178,868,014.75;Rp 912,205,799,888,947;Rp 23,625,450,371,945,516
Mar 09, 2026;Rp 1,116,652,451.13;Rp 1,175,353,479.73;Rp 1,114,763,890.16;Rp 1,155,532,521.19;Rp 837,873,368,998,682;Rp 23,156,887,639,873,764
Mar 08, 2026;Rp 1,139,589,484.23;Rp 1,154,924,949.57;Rp 1,111,060,087.14;Rp 1,116,655,790.95;Rp 562,321,337,669,354;Rp 22,350,016,517,787,508
Mar 07, 2026;Rp 1,154,228,650.26;Rp 1,160,640,017.93;Rp 1,134,452,548.40;Rp 1,139,591,070.94;Rp 394,000,072,665,903;Rp 22,790,955,505,152,496
Mar 06, 2026;Rp 1,198,635,105.89;Rp 1,207,272,886.48;Rp 1,149,544,290.03;Rp 1,154,225,365.60;Rp 740,697,456,331,885;Rp 23,055,827,445,392,392
Mar 05, 2026;Rp 1,226,805,917.88;Rp 1,243,245,853.44;Rp 1,196,323,221.33;Rp 1,198,617,718.63;Rp 863,386,749,764,510;Rp 23,902,998,573,394,632
Mar 04, 2026;Rp 1,154,458,806.48;Rp 1,249,183,543.44;Rp 1,139,725,061.41;Rp 1,226,770,877.03;Rp 1,269,118,284,396,408;Rp 24,567,304,763,457,204
Mar 03, 2026;Rp 1,160,422,157.10;Rp 1,167,976,900.98;Rp 1,123,338,022.66;Rp 1,154,510,968.36;Rp 808,895,252,916,243;Rp 23,038,668,496,025,852
Mar 02, 2026;Rp 1,104,595,502.11;Rp 1,182,444,781.00;Rp 1,102,635,758.79;Rp 1,160,266,493.99;Rp 952,754,738,877,052;Rp 23,113,870,051,529,680
Mar 01, 2026;Rp 1,123,540,603.49;Rp 1,145,302,375.80;Rp 1,093,549,346.68;Rp 1,104,663,002.31;Rp 683,004,752,487,556;Rp 22,040,580,472,639,384
Feb 28, 2026;Rp 1,106,927,388.35;Rp 1,137,769,939.08;Rp 1,059,599,754.45;Rp 1,125,694,610.19;Rp 706,400,153,202,521;Rp 22,512,946,817,264,320
Feb 27, 2026;Rp 1,130,294,649.28;Rp 1,144,305,408.42;Rp 1,091,252,535.25;Rp 1,106,975,568.58;Rp 674,988,910,596,690;Rp 22,072,487,752,134,480
Feb 26, 2026;Rp 1,139,453,607.27;Rp 1,154,174,054.92;Rp 1,115,609,252.74;Rp 1,130,248,625.41;Rp 720,824,205,576,752;Rp 22,616,588,498,395,440
Feb 25, 2026;Rp 1,078,124,494.47;Rp 1,173,324,466.31;Rp 1,075,848,309.38;Rp 1,139,925,830.51;Rp 902,325,275,386,005;Rp 22,861,242,271,939,276
Feb 24, 2026;Rp 1,087,813,883.90;Rp 1,094,146,232.58;Rp 1,052,785,784.02;Rp 1,078,162,723.43;Rp 687,700,531,328,892;Rp 21,568,933,683,836,696
Feb 23, 2026;Rp 1,142,053,313.15;Rp 1,142,053,313.15;Rp 1,075,183,244.00;Rp 1,087,825,988.13;Rp 859,951,472,062,606;Rp 21,804,025,751,090,396
Feb 22, 2026;Rp 1,146,657,380.11;Rp 1,150,643,820.12;Rp 1,132,944,073.93;Rp 1,141,900,792.06;Rp 301,736,908,433,918;Rp 22,814,140,922,266,636
Feb 21, 2026;Rp 1,146,681,356.52;Rp 1,157,767,916.82;Rp 1,138,803,371.89;Rp 1,146,740,680.48;Rp 309,562,974,081,600;Rp 22,924,955,881,818,332
Feb 20, 2026;Rp 1,131,301,960.23;Rp 1,152,766,929.23;Rp 1,122,820,224.25;Rp 1,146,768,607.79;Rp 802,671,547,475,059;Rp 22,969,399,594,478,448
Feb 19, 2026;Rp 1,124,064,397.70;Rp 1,137,572,041.54;Rp 1,110,052,908.76;Rp 1,131,284,192.35;Rp 532,929,050,270,371;Rp 22,652,666,751,409,296
Feb 18, 2026;Rp 1,137,244,037.39;Rp 1,155,141,219.71;Rp 1,112,918,713.75;Rp 1,124,059,290.33;Rp 557,673,731,672,883;Rp 22,377,347,652,515,652
Feb 17, 2026;Rp 1,159,217,813.13;Rp 1,165,179,041.37;Rp 1,121,817,839.55;Rp 1,137,348,395.84;Rp 587,108,645,841,495;Rp 22,717,837,958,681,516
Feb 16, 2026;Rp 1,157,774,815.51;Rp 1,178,425,809.06;Rp 1,132,241,270.91;Rp 1,159,448,836.57;Rp 565,875,027,577,893;Rp 23,164,969,001,090,720
Feb 15, 2026;Rp 1,174,339,520.43;Rp 1,194,106,905.54;Rp 1,145,514,945.65;Rp 1,157,872,283.50;Rp 676,529,636,033,210;Rp 23,144,443,319,596,980
Feb 14, 2026;Rp 1,159,055,866.33;Rp 1,186,395,292.81;Rp 1,156,524,693.03;Rp 1,174,384,451.65;Rp 606,189,487,096,575;Rp 23,474,334,189,305,004
Feb 13, 2026;Rp 1,113,417,689.66;Rp 1,167,297,487.86;Rp 1,107,133,980.95;Rp 1,159,070,291.51;Rp 686,425,839,012,626;Rp 23,144,544,571,045,544
Feb 12, 2026;Rp 1,125,498,969.25;Rp 1,149,250,700.91;Rp 1,094,890,905.66;Rp 1,113,560,054.15;Rp 750,158,090,320,253;Rp 22,235,365,993,742,908
Feb 11, 2026;Rp 1,154,671,407.49;Rp 1,162,375,728.05;Rp 1,103,588,238.91;Rp 1,125,495,257.60;Rp 833,743,614,073,232;Rp 22,475,619,933,458,996
Feb 10, 2026;Rp 1,178,500,641.12;Rp 1,184,229,552.83;Rp 1,137,708,088.49;Rp 1,154,706,616.93;Rp 682,074,882,227,772;Rp 23,103,237,502,474,840
Feb 09, 2026;Rp 1,183,487,949.75;Rp 1,203,821,448.10;Rp 1,148,636,179.19;Rp 1,178,221,592.81;Rp 877,491,769,709,425;Rp 23,618,590,111,345,336
Feb 08, 2026;Rp 1,167,811,894.78;Rp 1,216,571,106.35;Rp 1,160,550,094.45;Rp 1,183,848,404.67;Rp 669,529,495,564,769;Rp 23,663,626,997,814,380
Feb 07, 2026;Rp 1,189,219,496.95;Rp 1,207,041,770.91;Rp 1,135,461,367.45;Rp 1,167,782,284.79;Rp 1,050,891,673,143,905;Rp 23,339,730,874,400,124
Feb 06, 2026;Rp 1,058,886,937.76;Rp 1,208,224,283.62;Rp 1,014,470,062.47;Rp 1,189,041,418.69;Rp 1,936,498,486,301,761;Rp 23,811,301,790,754,896
Feb 05, 2026;Rp 1,227,227,728.95;Rp 1,229,589,671.33;Rp 1,051,239,782.24;Rp 1,058,847,188.97;Rp 2,109,508,090,665,650;Rp 21,062,283,433,725,568
Feb 04, 2026;Rp 1,268,181,809.69;Rp 1,289,011,926.89;Rp 1,206,170,542.35;Rp 1,227,283,646.67;Rp 1,126,932,791,862,700;Rp 24,473,804,165,962,600
Feb 03, 2026;Rp 1,319,391,116.64;Rp 1,326,506,606.24;Rp 1,221,600,766.84;Rp 1,268,072,097.93;Rp 1,144,278,241,937,841;Rp 25,341,943,148,474,580
Feb 02, 2026;Rp 1,291,352,189.17;Rp 1,330,384,097.21;Rp 1,251,971,030.22;Rp 1,319,311,560.72;Rp 1,260,678,002,480,998;Rp 26,382,849,572,201,808
Feb 01, 2026;Rp 1,318,835,340.09;Rp 1,330,517,841.01;Rp 1,270,045,124.27;Rp 1,291,445,639.91;Rp 895,243,792,246,322;Rp 25,798,356,052,561,096
Jan 31, 2026;Rp 1,411,630,550.56;Rp 1,411,630,550.56;Rp 1,271,697,710.96;Rp 1,318,751,256.23;Rp 1,182,631,841,248,431;Rp 26,363,819,686,244,876
Jan 30, 2026;Rp 1,419,634,850.96;Rp 1,420,296,890.44;Rp 1,362,076,778.53;Rp 1,411,132,057.84;Rp 1,210,139,500,278,193;Rp 28,221,478,135,614,408
Jan 29, 2026;Rp 1,492,819,500.71;Rp 1,493,337,414.35;Rp 1,397,758,551.19;Rp 1,419,615,658.53;Rp 1,082,376,896,081,586;Rp 28,288,442,632,236,160
Jan 28, 2026;Rp 1,486,335,642.16;Rp 1,516,210,151.24;Rp 1,483,210,672.45;Rp 1,493,065,973.25;Rp 664,023,580,548,273;Rp 29,721,389,805,957,748
Jan 27, 2026;Rp 1,477,518,367.99;Rp 1,491,724,969.56;Rp 1,456,615,831.59;Rp 1,486,311,034.88;Rp 648,629,078,463,597;Rp 29,805,948,133,762,540
Jan 26, 2026;Rp 1,455,165,735.11;Rp 1,486,382,835.30;Rp 1,450,024,245.06;Rp 1,477,680,136.38;Rp 761,976,142,554,127;Rp 29,643,514,949,677,488
Jan 25, 2026;Rp 1,494,950,723.06;Rp 1,496,433,549.97;Rp 1,442,337,642.30;Rp 1,455,261,423.72;Rp 606,085,158,506,750;Rp 29,019,051,520,970,088
Jan 24, 2026;Rp 1,501,684,986.86;Rp 1,506,809,844.91;Rp 1,493,936,140.06;Rp 1,495,050,945.56;Rp 244,257,655,167,700;Rp 29,869,469,750,088,616
Jan 23, 2026;Rp 1,505,377,904.81;Rp 1,529,143,550.21;Rp 1,489,989,575.30;Rp 1,501,646,846.60;Rp 656,212,380,209,950;Rp 30,092,121,293,939,572
Jan 22, 2026;Rp 1,510,832,236.48;Rp 1,524,414,649.19;Rp 1,490,466,615.12;Rp 1,505,384,634.50;Rp 600,922,999,592,413;Rp 30,213,810,265,706,708
Jan 21, 2026;Rp 1,499,006,850.54;Rp 1,529,127,706.95;Rp 1,474,850,465.63;Rp 1,510,805,759.45;Rp 955,994,865,257,030;Rp 30,305,300,090,641,144
Jan 20, 2026;Rp 1,568,595,056.45;Rp 1,572,603,916.92;Rp 1,490,324,737.09;Rp 1,498,742,012.27;Rp 899,478,745,552,049;Rp 29,906,989,022,125,704
Jan 19, 2026;Rp 1,582,780,475.37;Rp 1,582,867,617.21;Rp 1,556,307,958.21;Rp 1,568,454,906.20;Rp 662,399,415,955,277;Rp 31,248,863,085,075,280
Jan 18, 2026;Rp 1,608,075,344.92;Rp 1,613,806,115.03;Rp 1,581,651,456.79;Rp 1,582,421,504.54;Rp 351,874,671,837,212;Rp 31,637,301,806,587,096
Jan 17, 2026;Rp 1,615,244,429.60;Rp 1,616,484,151.32;Rp 1,606,459,437.00;Rp 1,608,054,100.31;Rp 270,912,783,164,365;Rp 32,124,826,699,761,936
Jan 16, 2026;Rp 1,613,604,320.78;Rp 1,618,745,320.18;Rp 1,594,819,749.64;Rp 1,615,243,787.02;Rp 561,455,676,770,402;Rp 32,224,806,472,855,348
Jan 15, 2026;Rp 1,634,009,551.35;Rp 1,640,822,242.52;Rp 1,605,687,712.94;Rp 1,613,936,037.48;Rp 894,898,056,083,862;Rp 32,177,792,785,189,404
Jan 14, 2026;Rp 1,606,796,310.40;Rp 1,649,442,900.64;Rp 1,596,008,563.79;Rp 1,633,976,502.34;Rp 1,021,368,233,285,677;Rp 32,638,819,138,248,644
Jan 13, 2026;Rp 1,538,738,913.95;Rp 1,618,405,495.58;Rp 1,534,631,369.46;Rp 1,606,777,277.85;Rp 927,790,632,671,237;Rp 32,131,840,664,309,548
Jan 12, 2026;Rp 1,528,470,636.27;Rp 1,557,610,582.84;Rp 1,521,455,360.44;Rp 1,538,868,018.79;Rp 695,799,307,917,274;Rp 30,652,213,283,873,860
Jan 11, 2026;Rp 1,522,328,941.03;Rp 1,535,295,607.95;Rp 1,518,140,658.55;Rp 1,528,497,625.13;Rp 289,113,670,338,641;Rp 30,556,196,753,249,772
Jan 10, 2026;Rp 1,524,429,979.66;Rp 1,527,847,822.69;Rp 1,517,766,774.52;Rp 1,522,350,729.61;Rp 208,611,299,177,236;Rp 30,407,416,908,550,576
Jan 09, 2026;Rp 1,530,411,116.44;Rp 1,548,184,381.60;Rp 1,510,174,203.01;Rp 1,524,480,432.63;Rp 644,031,463,226,527;Rp 30,394,770,956,572,460
Jan 08, 2026;Rp 1,530,349,596.70;Rp 1,533,302,815.55;Rp 1,501,929,709.48;Rp 1,530,425,427.67;Rp 710,401,042,237,394;Rp 30,471,354,881,587,120
Jan 07, 2026;Rp 1,569,842,255.18;Rp 1,570,031,909.15;Rp 1,517,879,250.49;Rp 1,530,322,997.14;Rp 727,933,642,305,739;Rp 30,545,489,587,261,660
Jan 06, 2026;Rp 1,571,814,604.65;Rp 1,581,796,138.72;Rp 1,528,424,755.83;Rp 1,569,868,406.14;Rp 877,863,974,597,975;Rp 31,343,006,322,722,780
Jan 05, 2026;Rp 1,526,623,317.40;Rp 1,586,521,306.06;Rp 1,526,623,317.40;Rp 1,571,908,444.43;Rp 891,385,428,307,965;Rp 31,311,051,207,527,960
Jan 04, 2026;Rp 1,513,296,568.13;Rp 1,531,829,417.25;Rp 1,513,164,682.00;Rp 1,526,879,565.68;Rp 447,134,132,109,351;Rp 30,493,750,575,116,140
Jan 03, 2026;Rp 1,502,307,311.65;Rp 1,514,575,484.91;Rp 1,492,002,062.18;Rp 1,513,299,766.75;Rp 346,991,574,584,552;Rp 30,222,315,129,010,172
Jan 02, 2026;Rp 1,479,623,868.88;Rp 1,518,703,637.90;Rp 1,475,251,161.03;Rp 1,502,301,249.31;Rp 773,701,760,427,057;Rp 29,952,720,820,631,732
Jan 01, 2026;Rp 1,460,808,310.43;Rp 1,480,793,805.52;Rp 1,458,994,763.93;Rp 1,479,605,877.56;Rp 314,654,947,055,482;Rp 29,581,102,367,802,348
Dec 31, 2025;Rp 1,479,082,107.73;Rp 1,487,795,069.39;Rp 1,454,557,649.91;Rp 1,460,821,288.18;Rp 565,847,485,779,824;Rp 29,229,132,135,193,460
Dec 30, 2025;Rp 1,461,853,027.51;Rp 1,493,883,272.29;Rp 1,455,136,895.44;Rp 1,479,091,299.76;Rp 597,032,298,400,261;Rp 29,626,218,354,449,640
Dec 29, 2025;Rp 1,473,215,974.60;Rp 1,515,463,535.66;Rp 1,454,466,525.32;Rp 1,461,916,629.16;Rp 811,978,573,593,143;Rp 29,183,686,180,087,460
Dec 28, 2025;Rp 1,472,596,957.27;Rp 1,475,742,540.39;Rp 1,465,814,381.35;Rp 1,473,216,682.04;Rp 254,210,336,575,509;Rp 29,417,780,900,140,772
Dec 27, 2025;Rp 1,464,245,827.94;Rp 1,473,862,215.39;Rp 1,462,259,084.09;Rp 1,472,644,087.99;Rp 230,471,517,206,759;Rp 29,404,824,878,337,932
Dec 26, 2025;Rp 1,462,075,899.63;Rp 1,498,472,335.89;Rp 1,450,591,083.51;Rp 1,464,245,812.08;Rp 711,561,357,055,623;Rp 29,216,212,341,024,872
Dec 25, 2025;Rp 1,465,639,356.58;Rp 1,480,586,685.76;Rp 1,457,278,292.65;Rp 1,462,062,937.88;Rp 333,806,427,318,880;Rp 29,140,058,223,529,096
Dec 24, 2025;Rp 1,463,318,785.19;Rp 1,471,470,637.06;Rp 1,446,309,073.26;Rp 1,465,700,333.52;Rp 427,761,811,386,668;Rp 29,285,791,944,841,428
Dec 23, 2025;Rp 1,483,791,945.73;Rp 1,490,639,250.62;Rp 1,453,476,419.00;Rp 1,463,480,827.10;Rp 732,472,369,135,538;Rp 29,262,165,069,846,024
Dec 22, 2025;Rp 1,480,637,241.47;Rp 1,512,056,084.12;Rp 1,473,561,592.06;Rp 1,483,791,793.06;Rp 635,676,070,362,143;Rp 29,518,158,272,946,860
Dec 21, 2025;Rp 1,475,091,466.82;Rp 1,486,499,673.89;Rp 1,464,820,185.39;Rp 1,480,643,073.40;Rp 331,360,691,865,294;Rp 29,542,874,420,943,156
Dec 20, 2025;Rp 1,471,033,597.30;Rp 1,477,637,842.38;Rp 1,468,081,606.56;Rp 1,477,334,865.59;Rp 245,248,819,632,384;Rp 29,450,021,173,958,932
Dec 19, 2025;Rp 1,427,203,593.89;Rp 1,494,054,245.10;Rp 1,421,993,243.59;Rp 1,471,062,146.40;Rp 780,310,759,794,458;Rp 29,368,501,104,749,512
Dec 18, 2025;Rp 1,436,577,888.89;Rp 1,493,091,282.05;Rp 1,408,794,294.71;Rp 1,426,976,015.33;Rp 878,297,882,413,301;Rp 28,457,310,681,736,744
Dec 17, 2025;Rp 1,462,408,038.76;Rp 1,507,313,388.71;Rp 1,424,431,116.25;Rp 1,436,567,760.33;Rp 736,524,186,223,417;Rp 28,628,734,215,077,072
Dec 16, 2025;Rp 1,439,165,153.46;Rp 1,468,547,171.72;Rp 1,425,274,310.37;Rp 1,462,347,624.53;Rp 687,110,170,428,827;Rp 29,203,289,418,679,868
Dec 15, 2025;Rp 1,467,357,707.97;Rp 1,499,496,062.60;Rp 1,421,609,518.86;Rp 1,439,088,111.24;Rp 758,208,975,401,182;Rp 28,711,987,855,375,100
Dec 14, 2025;Rp 1,501,968,316.87;Rp 1,505,322,950.06;Rp 1,458,435,122.32;Rp 1,467,425,891.47;Rp 839,438,365,179,161;Rp 29,276,865,824,648,056
Dec 13, 2025;Rp 1,501,325,690.23;Rp 1,507,809,054.85;Rp 1,493,727,246.37;Rp 1,502,006,169.43;Rp 1,068,514,642,641,056;Rp 29,981,991,147,775,408
Dec 12, 2025;Rp 1,540,866,014.53;Rp 1,544,853,771.79;Rp 1,491,353,647.61;Rp 1,501,535,478.96;Rp 1,337,039,009,495,967;Rp 30,007,744,376,572,288
Dec 11, 2025;Rp 1,531,613,839.36;Rp 1,558,209,625.16;Rp 1,488,667,938.45;Rp 1,540,895,212.74;Rp 1,074,209,119,636,224;Rp 30,739,289,633,558,400
Dec 10, 2025;Rp 1,545,136,849.77;Rp 1,571,842,653.34;Rp 1,527,014,193.97;Rp 1,531,774,323.68;Rp 1,090,497,556,755,827;Rp 30,613,986,654,568,068
Dec 09, 2025;Rp 1,512,799,030.08;Rp 1,577,508,289.28;Rp 1,494,360,577.15;Rp 1,545,078,071.71;Rp 1,115,938,640,712,242;Rp 30,880,111,014,705,592
Dec 08, 2025;Rp 1,507,511,818.12;Rp 1,539,973,311.55;Rp 1,496,921,696.30;Rp 1,513,079,611.78;Rp 956,844,666,612,224;Rp 30,160,772,530,359,348
Dec 07, 2025;Rp 1,490,006,487.32;Rp 1,531,113,421.34;Rp 1,465,335,193.00;Rp 1,507,195,939.38;Rp 790,999,535,964,920;Rp 30,121,046,990,689,756
Dec 06, 2025;Rp 1,491,868,215.23;Rp 1,506,523,301.05;Rp 1,484,563,309.40;Rp 1,489,915,746.99;Rp 634,103,470,451,981;Rp 29,738,354,077,452,292
Dec 05, 2025;Rp 1,535,029,526.37;Rp 1,544,366,970.88;Rp 1,471,745,890.95;Rp 1,491,841,396.68;Rp 1,053,908,531,910,920;Rp 29,723,304,368,578,500
Dec 04, 2025;Rp 1,551,779,471.32;Rp 1,564,587,329.70;Rp 1,514,868,913.45;Rp 1,535,162,354.65;Rp 1,071,640,521,505,663;Rp 30,532,257,677,473,848
Dec 03, 2025;Rp 1,517,831,214.00;Rp 1,561,460,562.02;Rp 1,512,992,953.45;Rp 1,552,685,300.11;Rp 1,290,270,748,555,257;Rp 30,991,174,140,540,884
Dec 02, 2025;Rp 1,434,267,900.76;Rp 1,534,264,113.81;Rp 1,432,268,353.57;Rp 1,517,916,120.86;Rp 1,305,072,277,716,778;Rp 30,288,886,350,675,932
Dec 01, 2025;Rp 1,504,752,113.96;Rp 1,504,902,751.46;Rp 1,393,148,115.80;Rp 1,434,251,815.12;Rp 1,464,361,709,400,287;Rp 28,678,466,754,642,344
Nov 30, 2025;Rp 1,512,260,879.03;Rp 1,531,020,273.09;Rp 1,504,838,666.77;Rp 1,504,838,666.77;Rp 640,907,312,331,814;Rp 30,029,456,760,206,236
Nov 29, 2025;Rp 1,513,601,544.37;Rp 1,518,077,835.99;Rp 1,502,638,041.20;Rp 1,512,486,374.04;Rp 631,315,996,269,168;Rp 30,177,911,385,695,620
Nov 28, 2025;Rp 1,518,650,958.32;Rp 1,548,583,889.63;Rp 1,501,677,774.28;Rp 1,513,610,359.77;Rp 1,013,081,301,508,936;Rp 30,183,053,084,435,948
Nov 27, 2025;Rp 1,505,681,566.50;Rp 1,530,104,867.51;Rp 1,498,558,022.35;Rp 1,518,650,840.05;Rp 948,819,424,389,066;Rp 30,300,040,674,011,044
Nov 26, 2025;Rp 1,453,452,396.05;Rp 1,506,735,968.64;Rp 1,436,305,528.81;Rp 1,505,691,611.36;Rp 1,106,515,087,234,189;Rp 30,055,666,339,181,276
Nov 25, 2025;Rp 1,469,845,111.92;Rp 1,474,046,505.62;Rp 1,430,560,747.23;Rp 1,453,390,947.55;Rp 1,079,652,180,437,760;Rp 29,021,344,501,960,716
Nov 24, 2025;Rp 1,448,648,317.78;Rp 1,484,967,116.13;Rp 1,421,115,756.86;Rp 1,470,110,423.36;Rp 1,242,281,852,120,228;Rp 29,395,194,895,153,692
Nov 23, 2025;Rp 1,411,227,743.34;Rp 1,469,338,527.84;Rp 1,411,113,798.68;Rp 1,448,752,407.73;Rp 968,343,804,467,149;Rp 28,872,950,128,733,312
Nov 22, 2025;Rp 1,418,729,251.49;Rp 1,425,471,984.67;Rp 1,391,926,909.35;Rp 1,411,223,543.93;Rp 680,086,233,339,342;Rp 28,157,374,781,353,592
Nov 21, 2025;Rp 1,448,310,172.99;Rp 1,462,571,454.26;Rp 1,350,076,086.38;Rp 1,418,597,882.51;Rp 2,161,825,760,966,758;Rp 28,417,066,250,309,296
Nov 20, 2025;Rp 1,528,732,307.10;Rp 1,555,909,413.82;Rp 1,441,098,127.57;Rp 1,450,036,282.72;Rp 1,637,567,822,100,632;Rp 28,854,917,124,733,172
Nov 19, 2025;Rp 1,555,393,673.47;Rp 1,555,393,673.47;Rp 1,480,213,411.76;Rp 1,528,039,960.19;Rp 1,344,610,957,464,621;Rp 30,536,864,666,520,092
Nov 18, 2025;Rp 1,542,205,841.13;Rp 1,569,142,836.59;Rp 1,496,570,440.33;Rp 1,555,438,962.74;Rp 1,696,921,814,294,158;Rp 31,052,205,521,236,900
Nov 17, 2025;Rp 1,572,838,010.46;Rp 1,605,145,426.03;Rp 1,527,519,506.38;Rp 1,542,194,808.24;Rp 1,572,926,344,344,311;Rp 30,683,315,518,239,960
Nov 16, 2025;Rp 1,596,946,340.88;Rp 1,613,780,763.60;Rp 1,553,973,547.00;Rp 1,574,129,802.42;Rp 1,187,993,173,726,737;Rp 31,398,448,710,146,196
Nov 15, 2025;Rp 1,577,954,911.90;Rp 1,616,526,231.11;Rp 1,577,954,911.90;Rp 1,597,755,108.71;Rp 643,423,976,722,945;Rp 31,854,608,652,658,056
Nov 14, 2025;Rp 1,667,523,893.26;Rp 1,669,152,159.02;Rp 1,570,940,267.44;Rp 1,577,575,830.26;Rp 1,912,593,267,724,711;Rp 31,505,267,227,842,628
Nov 13, 2025;Rp 1,701,567,922.10;Rp 1,740,615,143.66;Rp 1,638,989,081.91;Rp 1,667,570,466.23;Rp 1,699,436,941,696,182;Rp 33,282,789,468,976,084
Nov 12, 2025;Rp 1,720,486,677.91;Rp 1,758,663,863.60;Rp 1,687,863,741.31;Rp 1,701,384,474.20;Rp 1,074,720,155,820,703;Rp 33,874,682,835,741,316
Nov 11, 2025;Rp 1,769,750,906.30;Rp 1,793,669,890.84;Rp 1,711,307,846.05;Rp 1,720,253,461.73;Rp 1,187,606,161,175,315;Rp 34,307,868,536,912,472
Nov 10, 2025;Rp 1,748,127,758.14;Rp 1,778,138,538.56;Rp 1,741,899,279.00;Rp 1,769,746,558.60;Rp 1,161,579,841,999,559;Rp 35,293,604,526,140,864
Nov 09, 2025;Rp 1,706,575,935.27;Rp 1,759,722,507.54;Rp 1,693,058,918.00;Rp 1,748,058,786.73;Rp 995,778,009,249,268;Rp 34,853,890,552,335,072
Nov 08, 2025;Rp 1,724,808,522.73;Rp 1,724,839,524.06;Rp 1,692,878,126.98;Rp 1,706,628,213.91;Rp 858,413,764,222,315;Rp 34,039,682,734,543,372
Nov 07, 2025;Rp 1,691,591,681.46;Rp 1,736,174,942.54;Rp 1,657,692,114.51;Rp 1,724,820,292.23;Rp 1,539,307,487,267,620;Rp 34,434,833,139,805,912
Nov 06, 2025;Rp 1,732,551,425.77;Rp 1,740,457,670.04;Rp 1,676,332,697.32;Rp 1,691,842,982.46;Rp 1,066,155,292,179,878;Rp 33,689,092,993,935,220
Nov 05, 2025;Rp 1,697,795,362.37;Rp 1,742,637,229.76;Rp 1,654,517,453.96;Rp 1,732,520,895.11;Rp 1,296,754,600,212,480;Rp 34,632,554,219,475,816
Nov 04, 2025;Rp 1,776,397,091.47;Rp 1,794,198,594.28;Rp 1,654,171,826.62;Rp 1,697,983,989.88;Rp 1,850,189,161,887,481;Rp 33,778,593,519,194,332
Nov 03, 2025;Rp 1,841,052,795.82;Rp 1,843,016,383.24;Rp 1,759,483,559.48;Rp 1,776,498,758.63;Rp 1,212,183,834,550,839;Rp 35,355,698,699,873,784
Nov 02, 2025;Rp 1,831,202,484.65;Rp 1,849,551,735.72;Rp 1,822,359,737.27;Rp 1,840,931,680.23;Rp 570,405,249,093,186;Rp 36,714,139,575,811,992
Nov 01, 2025;Rp 1,822,787,142.99;Rp 1,839,695,450.19;Rp 1,819,698,002.90;Rp 1,831,195,592.74;Rp 430,441,182,617,458;Rp 36,519,945,831,751,544
Oct 31, 2025;Rp 1,801,686,511.67;Rp 1,848,533,662.45;Rp 1,801,417,961.74;Rp 1,822,746,104.32;Rp 999,626,753,008,281;Rp 36,346,566,338,467,072
Oct 30, 2025;Rp 1,823,234,803.51;Rp 1,857,145,765.50;Rp 1,768,794,004.82;Rp 1,801,705,378.95;Rp 1,154,215,196,983,474;Rp 35,779,247,289,596,404
Oct 29, 2025;Rp 1,874,840,298.63;Rp 1,881,983,462.88;Rp 1,811,427,621.10;Rp 1,823,486,416.16;Rp 1,032,578,627,700,609;Rp 36,440,012,838,808,896
Oct 28, 2025;Rp 1,875,403,431.23;Rp 1,927,275,269.96;Rp 1,862,308,465.31;Rp 1,873,349,855.27;Rp 1,060,344,547,166,475;Rp 37,002,336,424,656,920
Oct 27, 2025;Rp 1,902,012,102.38;Rp 1,932,969,720.81;Rp 1,871,347,988.58;Rp 1,875,242,980.67;Rp 1,026,126,893,514,091;Rp 37,811,611,112,023,432
Oct 26, 2025;Rp 1,854,051,148.95;Rp 1,914,988,869.57;Rp 1,847,896,970.59;Rp 1,901,889,063.16;Rp 692,676,400,127,022;Rp 37,911,347,652,179,432
Oct 25, 2025;Rp 1,843,979,703.33;Rp 1,859,177,103.14;Rp 1,838,528,987.34;Rp 1,854,095,613.18;Rp 410,333,820,152,107;Rp 36,969,703,894,028,352
Oct 24, 2025;Rp 1,827,184,306.85;Rp 1,856,585,964.91;Rp 1,822,851,036.68;Rp 1,844,001,429.25;Rp 799,484,010,159,431;Rp 36,751,882,737,656,592
Oct 23, 2025;Rp 1,787,812,490.61;Rp 1,848,071,238.41;Rp 1,785,637,324.07;Rp 1,827,190,421.45;Rp 912,241,989,193,111;Rp 36,438,160,985,738,296
Oct 22, 2025;Rp 1,801,599,459.60;Rp 1,813,600,607.43;Rp 1,772,835,077.71;Rp 1,787,964,397.38;Rp 1,341,873,180,738,882;Rp 35,652,248,266,433,048
Oct 21, 2025;Rp 1,830,164,452.12;Rp 1,892,703,925.49;Rp 1,783,524,356.33;Rp 1,801,356,337.41;Rp 1,674,711,257,168,624;Rp 35,798,148,685,107,448
Oct 20, 2025;Rp 1,801,006,977.63;Rp 1,849,109,924.79;Rp 1,781,349,141.63;Rp 1,830,185,970.09;Rp 1,052,550,556,724,423;Rp 36,542,536,830,940,144
Oct 19, 2025;Rp 1,776,659,576.53;Rp 1,814,522,752.39;Rp 1,759,315,908.65;Rp 1,800,994,841.09;Rp 789,802,929,470,212;Rp 35,904,134,800,659,348
Oct 18, 2025;Rp 1,764,717,674.82;Rp 1,781,410,409.39;Rp 1,763,121,972.28;Rp 1,776,559,357.25;Rp 626,113,147,255,303;Rp 35,420,538,876,767,544
Oct 17, 2025;Rp 1,792,414,674.08;Rp 1,812,380,610.84;Rp 1,719,283,265.74;Rp 1,764,453,340.97;Rp 1,651,974,877,949,739;Rp 35,173,726,356,712,164
Oct 16, 2025;Rp 1,837,010,790.37;Rp 1,857,052,704.47;Rp 1,781,761,597.18;Rp 1,792,529,062.19;Rp 1,447,731,511,757,884;Rp 35,760,793,949,285,496
Oct 15, 2025;Rp 1,876,334,096.10;Rp 1,882,554,463.62;Rp 1,832,049,696.20;Rp 1,837,027,288.41;Rp 1,203,859,412,325,520;Rp 36,632,545,004,594,032
Oct 14, 2025;Rp 1,908,205,679.70;Rp 1,912,145,767.49;Rp 1,830,470,756.06;Rp 1,876,411,977.83;Rp 1,526,581,333,651,443;Rp 37,329,118,791,373,000
Oct 13, 2025;Rp 1,912,259,627.09;Rp 1,920,289,878.03;Rp 1,887,240,699.43;Rp 1,908,308,256.25;Rp 1,188,619,554,008,148;Rp 38,153,459,887,999,160
Oct 12, 2025;Rp 1,839,980,867.01;Rp 1,920,382,498.12;Rp 1,821,782,677.23;Rp 1,912,359,553.27;Rp 1,556,023,941,831,350;Rp 38,115,751,375,203,768
Oct 11, 2025;Rp 1,880,245,621.67;Rp 1,883,455,204.14;Rp 1,822,530,273.88;Rp 1,839,920,512.98;Rp 1,830,440,199,975,043;Rp 36,675,952,226,051,696
Oct 10, 2025;Rp 2,018,229,707.28;Rp 2,031,736,981.76;Rp 1,736,549,107.49;Rp 1,879,879,261.60;Rp 2,539,272,188,001,723;Rp 37,429,759,211,116,112
Oct 09, 2025;Rp 2,042,841,093.56;Rp 2,049,504,068.63;Rp 1,989,668,170.92;Rp 2,018,243,670.82;Rp 1,236,483,388,013,493;Rp 40,178,685,261,818,040
Oct 08, 2025;Rp 2,013,628,021.73;Rp 2,061,042,770.66;Rp 2,012,072,898.82;Rp 2,043,135,958.95;Rp 1,083,582,086,819,234;Rp 40,759,466,901,292,856
Oct 07, 2025;Rp 2,071,353,339.85;Rp 2,078,555,564.77;Rp 2,002,530,689.58;Rp 2,015,291,313.42;Rp 1,264,365,807,960,688;Rp 40,191,844,008,108,304
Oct 06, 2025;Rp 2,046,005,792.67;Rp 2,093,428,923.63;Rp 2,040,946,153.71;Rp 2,071,359,792.54;Rp 1,202,135,943,287,224;Rp 41,187,334,498,167,408
Oct 05, 2025;Rp 2,027,739,637.14;Rp 2,079,925,960.82;Rp 2,024,146,444.35;Rp 2,046,055,882.36;Rp 1,220,577,948,148,726;Rp 40,769,259,761,920,992
Oct 04, 2025;Rp 2,025,397,317.16;Rp 2,035,173,667.40;Rp 2,013,968,943.72;Rp 2,028,013,954.69;Rp 609,092,360,585,038;Rp 40,412,772,950,531,968
Oct 03, 2025;Rp 2,004,522,705.13;Rp 2,055,987,150.38;Rp 1,974,430,396.65;Rp 2,024,920,070.41;Rp 1,394,551,925,641,642;Rp 40,479,727,951,859,080
Oct 02, 2025;Rp 1,975,686,810.09;Rp 2,013,910,306.45;Rp 1,967,823,506.72;Rp 2,004,926,040.29;Rp 1,189,137,465,001,984;Rp 40,037,063,937,089,592
Oct 01, 2025;Rp 1,903,533,605.78;Rp 1,975,629,242.28;Rp 1,902,349,498.58;Rp 1,975,629,242.28;Rp 1,190,420,883,763,255;Rp 39,462,170,018,412,232
Sep 30, 2025;Rp 1,902,973,885.57;Rp 1,914,096,706.02;Rp 1,880,407,514.56;Rp 1,903,596,035.94;Rp 981,231,298,392,976;Rp 37,810,494,049,155,528
Sep 29, 2025;Rp 1,875,698,748.86;Rp 1,904,255,598.30;Rp 1,859,851,135.58;Rp 1,903,038,199.19;Rp 1,003,784,612,615,821;Rp 38,138,682,116,715,048
Sep 28, 2025;Rp 1,829,270,033.00;Rp 1,875,778,388.21;Rp 1,821,848,352.67;Rp 1,875,778,388.21;Rp 556,560,678,429,339;Rp 37,262,219,803,795,336
Sep 27, 2025;Rp 1,829,690,212.58;Rp 1,830,880,316.05;Rp 1,820,303,061.58;Rp 1,829,269,952.67;Rp 438,764,224,261,477;Rp 36,452,023,094,058,768
Sep 26, 2025;Rp 1,827,955,710.97;Rp 1,843,272,124.20;Rp 1,817,884,567.46;Rp 1,829,785,118.45;Rp 967,918,030,585,339;Rp 36,647,423,466,945,240
Sep 25, 2025;Rp 1,892,851,760.77;Rp 1,896,278,738.50;Rp 1,826,050,498.67;Rp 1,828,374,886.45;Rp 1,261,487,136,652,207;Rp 36,289,971,626,664,264
Sep 24, 2025;Rp 1,864,104,391.10;Rp 1,905,645,279.66;Rp 1,854,754,691.30;Rp 1,892,745,809.26;Rp 799,589,380,369,105;Rp 37,582,234,119,434,208
Sep 23, 2025;Rp 1,870,449,353.05;Rp 1,889,491,490.15;Rp 1,856,247,408.76;Rp 1,864,218,113.00;Rp 783,162,091,799,418;Rp 37,021,403,469,402,296
Sep 22, 2025;Rp 1,919,477,198.90;Rp 1,921,238,708.32;Rp 1,858,682,117.75;Rp 1,870,300,557.57;Rp 1,176,632,954,783,497;Rp 37,398,901,017,239,224
Sep 21, 2025;Rp 1,926,184,946.42;Rp 1,929,028,759.38;Rp 1,912,634,069.32;Rp 1,919,102,322.81;Rp 374,415,339,963,076;Rp 38,236,348,697,281,096
Sep 20, 2025;Rp 1,925,534,219.78;Rp 1,933,856,420.89;Rp 1,921,912,469.83;Rp 1,926,047,342.04;Rp 380,550,183,294,215;Rp 38,375,952,838,276,488
Sep 19, 2025;Rp 1,941,732,642.17;Rp 1,947,175,860.56;Rp 1,916,460,774.25;Rp 1,925,496,510.65;Rp 643,640,198,762,022;Rp 38,207,980,422,053,816
Sep 18, 2025;Rp 1,915,904,232.89;Rp 1,955,235,429.25;Rp 1,911,421,869.25;Rp 1,941,724,836.52;Rp 813,621,582,251,613;Rp 38,391,947,508,164,000
Sep 17, 2025;Rp 1,917,469,559.53;Rp 1,928,971,289.89;Rp 1,887,976,602.03;Rp 1,916,023,415.18;Rp 993,325,434,700,981;Rp 38,076,524,614,514,192
Sep 16, 2025;Rp 1,889,659,999.21;Rp 1,920,173,582.16;Rp 1,883,504,006.53;Rp 1,917,513,496.88;Rp 749,515,831,640,702;Rp 38,107,806,121,942,440
Sep 15, 2025;Rp 1,893,490,978.17;Rp 1,915,356,669.54;Rp 1,877,022,041.63;Rp 1,890,005,733.64;Rp 868,610,741,770,915;Rp 37,729,005,270,149,776
Sep 14, 2025;Rp 1,902,500,801.37;Rp 1,906,294,421.13;Rp 1,890,582,887.96;Rp 1,893,622,625.50;Rp 538,146,895,823,117;Rp 37,719,656,422,674,000
Sep 13, 2025;Rp 1,904,851,515.33;Rp 1,908,807,033.88;Rp 1,890,982,185.39;Rp 1,902,504,291.82;Rp 566,884,001,826,757;Rp 37,898,706,333,621,192
Sep 12, 2025;Rp 1,896,788,120.35;Rp 1,915,829,121.02;Rp 1,885,168,017.85;Rp 1,904,983,129.22;Rp 899,652,840,571,951;Rp 37,975,493,542,732,088
Sep 11, 2025;Rp 1,874,267,694.60;Rp 1,897,030,349.52;Rp 1,866,043,536.77;Rp 1,896,783,925.87;Rp 751,359,854,912,828;Rp 37,841,340,084,044,208
Sep 10, 2025;Rp 1,835,458,593.29;Rp 1,882,187,692.11;Rp 1,825,530,058.93;Rp 1,874,167,878.45;Rp 927,798,448,339,921;Rp 37,357,411,867,067,032
Sep 09, 2025;Rp 1,846,814,318.46;Rp 1,863,797,974.55;Rp 1,821,939,970.08;Rp 1,835,447,108.04;Rp 757,732,273,398,869;Rp 36,606,732,056,122,600
Sep 08, 2025;Rp 1,822,952,505.13;Rp 1,861,147,054.07;Rp 1,811,372,288.20;Rp 1,846,713,041.62;Rp 659,446,373,359,719;Rp 36,608,569,472,368,080
Sep 07, 2025;Rp 1,805,282,030.10;Rp 1,829,732,136.67;Rp 1,805,123,085.77;Rp 1,823,027,968.34;Rp 403,210,959,747,879;Rp 36,264,150,143,258,720
Sep 06, 2025;Rp 1,812,312,519.00;Rp 1,822,540,089.48;Rp 1,802,051,466.82;Rp 1,805,337,256.74;Rp 352,153,826,857,835;Rp 35,956,049,517,188,288
Sep 05, 2025;Rp 1,822,417,777.01;Rp 1,865,782,283.02;Rp 1,804,783,637.88;Rp 1,812,319,341.66;Rp 991,532,339,470,907;Rp 36,272,787,623,890,096
Sep 04, 2025;Rp 1,840,087,290.84;Rp 1,848,183,375.99;Rp 1,799,977,854.21;Rp 1,822,427,414.51;Rp 990,407,863,818,028;Rp 36,321,265,444,269,128
Sep 03, 2025;Rp 1,829,292,696.18;Rp 1,853,191,133.40;Rp 1,816,607,487.66;Rp 1,840,170,702.10;Rp 1,005,531,207,960,521;Rp 36,603,842,511,928,288
Sep 02, 2025;Rp 1,795,693,843.37;Rp 1,837,804,916.01;Rp 1,782,723,941.07;Rp 1,829,455,380.69;Rp 1,229,154,406,739,746;Rp 36,399,471,003,368,264
Sep 01, 2025;Rp 1,776,148,529.93;Rp 1,804,552,429.70;Rp 1,767,810,132.59;Rp 1,795,817,576.90;Rp 1,097,413,745,461,743;Rp 35,703,285,760,625,956
Aug 31, 2025;Rp 1,786,391,061.66;Rp 1,797,431,620.54;Rp 1,774,112,060.71;Rp 1,776,279,208.31;Rp 787,753,320,595,409;Rp 35,382,132,980,179,172
Aug 30, 2025;Rp 1,779,675,894.01;Rp 1,788,211,419.98;Rp 1,763,834,840.12;Rp 1,786,220,507.14;Rp 845,211,384,749,289;Rp 35,574,134,437,365,304
Aug 29, 2025;Rp 1,840,645,577.82;Rp 1,841,766,362.35;Rp 1,765,409,783.85;Rp 1,779,699,421.54;Rp 1,273,046,738,515,627;Rp 35,305,037,688,696,624
Aug 28, 2025;Rp 1,818,042,220.34;Rp 1,852,669,963.55;Rp 1,812,841,961.58;Rp 1,840,552,064.42;Rp 962,157,539,501,320;Rp 36,636,008,403,167,936
Aug 27, 2025;Rp 1,823,270,616.44;Rp 1,848,657,047.92;Rp 1,810,441,217.54;Rp 1,818,091,415.63;Rp 1,013,390,146,164,799;Rp 36,118,560,281,948,288
Aug 26, 2025;Rp 1,792,187,222.76;Rp 1,833,077,264.74;Rp 1,770,004,243.31;Rp 1,823,383,919.66;Rp 1,129,373,065,913,082;Rp 36,227,730,586,801,544
Aug 25, 2025;Rp 1,841,846,185.41;Rp 1,846,631,645.64;Rp 1,778,883,922.43;Rp 1,792,191,218.08;Rp 1,391,355,315,591,613;Rp 35,596,686,966,791,044
Aug 24, 2025;Rp 1,877,016,011.00;Rp 1,877,016,011.00;Rp 1,802,901,355.13;Rp 1,841,871,145.91;Rp 1,203,137,523,478,806;Rp 36,748,144,846,952,552
Aug 23, 2025;Rp 1,897,150,182.18;Rp 1,899,258,676.20;Rp 1,859,321,913.27;Rp 1,872,929,205.32;Rp 898,964,844,119,425;Rp 37,295,329,924,264,944
Aug 22, 2025;Rp 1,838,072,252.55;Rp 1,905,024,760.40;Rp 1,825,727,451.71;Rp 1,897,275,498.87;Rp 1,349,173,312,961,599;Rp 38,039,015,856,493,240
Aug 21, 2025;Rp 1,860,750,964.86;Rp 1,867,867,810.14;Rp 1,830,994,174.15;Rp 1,837,831,882.55;Rp 941,448,600,220,670;Rp 36,449,759,739,586,728
Aug 20, 2025;Rp 1,837,240,727.68;Rp 1,866,451,838.38;Rp 1,833,584,150.93;Rp 1,860,735,604.07;Rp 1,107,180,629,660,277;Rp 37,047,314,437,307,128
Aug 19, 2025;Rp 1,885,245,302.02;Rp 1,894,054,409.02;Rp 1,835,651,083.56;Rp 1,837,292,095.85;Rp 1,162,164,459,769,549;Rp 36,430,584,744,394,256
Aug 18, 2025;Rp 1,903,136,113.92;Rp 1,905,702,415.34;Rp 1,859,125,954.25;Rp 1,885,414,870.61;Rp 1,179,399,736,383,696;Rp 37,497,245,051,399,808
Aug 17, 2025;Rp 1,903,735,653.52;Rp 1,921,607,362.71;Rp 1,894,291,251.38;Rp 1,903,122,443.63;Rp 742,942,702,866,817;Rp 37,886,728,398,822,088
Aug 16, 2025;Rp 1,902,206,649.39;Rp 1,911,890,214.55;Rp 1,900,157,444.92;Rp 1,903,712,318.08;Rp 778,342,253,339,923;Rp 37,898,354,806,912,792
Aug 15, 2025;Rp 1,914,684,928.24;Rp 1,928,123,734.54;Rp 1,891,669,321.15;Rp 1,902,205,432.49;Rp 1,110,730,752,659,565;Rp 37,803,943,197,838,184
Aug 14, 2025;Rp 1,987,740,115.00;Rp 2,005,753,336.33;Rp 1,897,358,796.79;Rp 1,914,584,575.23;Rp 1,676,962,531,841,508;Rp 37,973,285,784,162,728
Aug 13, 2025;Rp 1,953,539,024.61;Rp 1,993,268,844.18;Rp 1,930,382,144.54;Rp 1,987,815,286.85;Rp 1,477,803,131,063,039;Rp 39,913,043,135,621,536
Aug 12, 2025;Rp 1,935,857,691.03;Rp 1,955,703,129.54;Rp 1,928,263,167.70;Rp 1,953,602,902.60;Rp 1,187,165,568,606,627;Rp 39,004,864,263,187,240
Aug 11, 2025;Rp 1,939,463,468.08;Rp 1,988,470,130.01;Rp 1,926,754,291.02;Rp 1,936,082,467.98;Rp 1,471,644,984,856,470;Rp 38,414,504,742,882,472
Aug 10, 2025;Rp 1,893,798,530.29;Rp 1,939,689,481.86;Rp 1,893,594,507.66;Rp 1,939,462,665.95;Rp 1,052,671,211,999,295;Rp 38,604,201,445,590,208
Aug 09, 2025;Rp 1,896,671,732.28;Rp 1,916,701,671.36;Rp 1,891,622,140.51;Rp 1,893,841,535.50;Rp 877,870,813,565,045;Rp 37,693,246,572,921,184
Aug 08, 2025;Rp 1,916,136,653.13;Rp 1,919,163,692.58;Rp 1,883,131,269.71;Rp 1,896,903,589.02;Rp 973,727,020,510,393;Rp 37,869,959,459,751,664
Aug 07, 2025;Rp 1,881,212,977.00;Rp 1,918,931,767.25;Rp 1,863,534,470.90;Rp 1,915,996,414.90;Rp 1,047,507,083,970,412;Rp 38,248,266,450,882,912
Aug 06, 2025;Rp 1,870,370,080.22;Rp 1,891,621,161.23;Rp 1,856,215,490.41;Rp 1,881,179,356.02;Rp 923,856,671,180,893;Rp 37,515,682,751,969,520
Aug 05, 2025;Rp 1,883,372,603.06;Rp 1,884,328,529.64;Rp 1,845,577,404.67;Rp 1,870,378,734.73;Rp 999,020,954,309,875;Rp 37,180,357,238,008,848
Aug 04, 2025;Rp 1,883,518,705.22;Rp 1,894,103,072.56;Rp 1,882,010,348.09;Rp 1,883,554,138.50;Rp 590,051,562,637,962;Rp 37,764,204,192,965,736
Aug 03, 2025;Rp 1,841,816,722.56;Rp 1,883,415,639.36;Rp 1,832,290,593.48;Rp 1,883,415,639.36;Rp 787,292,106,838,509;Rp 37,208,042,658,801,096
Aug 02, 2025;Rp 1,854,822,548.79;Rp 1,866,299,931.85;Rp 1,833,304,828.30;Rp 1,841,834,912.49;Rp 930,859,491,119,626;Rp 36,653,976,177,568,176
Aug 01, 2025;Rp 1,908,674,292.40;Rp 1,912,972,340.22;Rp 1,845,068,046.54;Rp 1,854,817,501.15;Rp 1,505,556,383,104,930;Rp 37,189,894,207,034,648
Jul 31, 2025;Rp 1,937,868,306.43;Rp 1,957,814,659.30;Rp 1,904,646,946.46;Rp 1,908,818,539.17;Rp 1,140,850,836,558,146;Rp 37,878,175,944,495,168
Jul 30, 2025;Rp 1,931,249,310.90;Rp 1,953,971,212.84;Rp 1,906,636,284.36;Rp 1,937,828,207.30;Rp 1,128,336,070,996,221;Rp 38,402,259,705,733,648
Jul 29, 2025;Rp 1,935,012,154.05;Rp 1,959,135,526.22;Rp 1,916,019,161.30;Rp 1,931,022,339.75;Rp 1,123,270,604,837,372;Rp 38,499,703,858,190,784
Jul 28, 2025;Rp 1,954,320,336.96;Rp 1,957,509,737.20;Rp 1,926,704,767.73;Rp 1,934,739,658.03;Rp 1,060,500,788,187,640;Rp 38,394,197,374,373,520
Jul 27, 2025;Rp 1,929,552,188.37;Rp 1,957,140,900.81;Rp 1,928,160,908.08;Rp 1,954,172,579.99;Rp 894,609,338,334,035;Rp 38,887,354,959,301,584
Jul 26, 2025;Rp 1,924,646,119.94;Rp 1,935,948,147.89;Rp 1,917,061,450.63;Rp 1,929,595,322.29;Rp 793,596,786,415,398;Rp 38,394,096,305,155,480
Jul 25, 2025;Rp 1,931,087,986.23;Rp 1,933,088,231.44;Rp 1,873,215,967.29;Rp 1,924,499,487.27;Rp 1,710,666,183,921,058;Rp 38,188,991,697,483,792
Jul 24, 2025;Rp 1,932,712,673.45;Rp 1,947,003,784.79;Rp 1,910,323,554.92;Rp 1,930,950,115.94;Rp 1,181,835,304,077,436;Rp 38,324,605,401,356,960
Jul 23, 2025;Rp 1,950,942,422.64;Rp 1,952,826,875.42;Rp 1,913,145,105.38;Rp 1,932,451,916.58;Rp 1,082,936,014,212,151;Rp 38,420,180,951,577,800
Jul 22, 2025;Rp 1,918,227,775.74;Rp 1,955,373,168.78;Rp 1,898,785,982.53;Rp 1,950,909,465.00;Rp 1,294,063,696,478,636;Rp 39,000,758,274,641,760
Jul 21, 2025;Rp 1,914,793,247.31;Rp 1,953,015,991.99;Rp 1,903,590,088.93;Rp 1,918,492,256.92;Rp 1,139,673,230,620,051;Rp 38,134,933,688,305,984
Jul 20, 2025;Rp 1,925,820,901.70;Rp 1,940,857,992.43;Rp 1,903,059,760.12;Rp 1,915,279,383.44;Rp 939,126,601,234,469;Rp 38,107,252,289,901,336
Jul 19, 2025;Rp 1,926,702,923.09;Rp 1,935,573,642.58;Rp 1,916,747,316.35;Rp 1,925,753,457.80;Rp 776,646,071,945,905;Rp 38,313,544,356,842,184
Jul 18, 2025;Rp 1,949,024,851.92;Rp 1,971,165,547.35;Rp 1,909,196,653.13;Rp 1,926,786,150.33;Rp 1,273,583,703,667,261;Rp 38,356,276,085,718,024
Jul 17, 2025;Rp 1,934,009,352.26;Rp 1,977,189,647.15;Rp 1,914,291,095.27;Rp 1,949,118,482.95;Rp 1,178,660,162,340,683;Rp 38,651,519,685,596,728
Jul 16, 2025;Rp 1,916,423,308.36;Rp 1,955,623,695.57;Rp 1,907,282,186.42;Rp 1,934,009,352.26;Rp 1,174,191,672,166,775;Rp 38,435,229,595,683,264
Jul 15, 2025;Rp 1,949,794,392.48;Rp 1,951,123,690.37;Rp 1,883,282,103.46;Rp 1,916,423,308.36;Rp 1,599,506,616,322,654;Rp 38,115,039,971,976,624
Jul 14, 2025;Rp 1,933,130,115.54;Rp 2,000,313,683.90;Rp 1,929,312,081.84;Rp 1,949,726,997.71;Rp 2,949,562,640,533,454;Rp 38,692,903,518,892,312
Jul 13, 2025;Rp 1,905,854,160.51;Rp 1,938,594,882.40;Rp 1,903,147,697.38;Rp 1,933,184,120.98;Rp 795,582,907,417,710;Rp 38,454,667,648,371,280
Jul 12, 2025;Rp 1,907,739,729.19;Rp 1,918,638,045.86;Rp 1,898,466,908.50;Rp 1,905,903,322.73;Rp 738,947,379,848,430;Rp 37,916,045,335,050,824
Jul 11, 2025;Rp 1,881,052,128.50;Rp 1,928,238,287.49;Rp 1,868,861,917.71;Rp 1,907,230,297.14;Rp 1,409,794,696,174,352;Rp 37,914,353,649,749,792
Jul 10, 2025;Rp 1,808,796,123.64;Rp 1,890,694,834.63;Rp 1,797,423,847.31;Rp 1,880,854,334.94;Rp 1,558,302,286,510,185;Rp 37,482,986,069,059,536
Jul 09, 2025;Rp 1,772,403,082.57;Rp 1,818,714,490.77;Rp 1,761,392,046.66;Rp 1,809,020,316.16;Rp 942,363,237,094,637;Rp 36,022,936,390,516,136
Jul 08, 2025;Rp 1,768,607,547.69;Rp 1,776,741,303.32;Rp 1,748,227,661.89;Rp 1,772,403,082.57;Rp 723,168,247,429,878;Rp 35,388,573,800,605,608
Jul 07, 2025;Rp 1,767,982,569.23;Rp 1,781,281,351.34;Rp 1,749,540,489.64;Rp 1,768,634,038.26;Rp 735,056,702,184,090;Rp 34,861,939,457,397,852
Jul 06, 2025;Rp 1,753,512,424.91;Rp 1,777,821,905.71;Rp 1,747,288,331.15;Rp 1,767,929,834.12;Rp 595,342,314,168,671;Rp 35,198,523,485,839,416
Jul 05, 2025;Rp 1,750,023,509.52;Rp 1,755,945,189.46;Rp 1,747,211,501.77;Rp 1,753,512,395.05;Rp 496,019,017,206,156;Rp 34,874,062,021,096,256
Jul 04, 2025;Rp 1,779,564,047.50;Rp 1,780,094,922.52;Rp 1,737,407,363.24;Rp 1,750,323,235.25;Rp 691,733,807,276,163;Rp 34,868,456,188,251,932
Jul 03, 2025;Rp 1,760,872,848.83;Rp 1,794,776,531.59;Rp 1,760,684,537.77;Rp 1,779,764,079.09;Rp 816,893,841,427,024;Rp 35,273,103,685,768,904
Jul 02, 2025;Rp 1,676,984,964.48;Rp 1,777,972,015.59;Rp 1,676,984,964.48;Rp 1,761,104,369.54;Rp 892,387,767,496,757;Rp 34,340,920,970,380,288
Jul 01, 2025;Rp 1,730,251,569.51;Rp 1,736,780,809.02;Rp 1,676,908,467.79;Rp 1,676,908,467.79;Rp 712,334,073,043,867;Rp 33,945,288,385,008,712
Jun 30, 2025;Rp 1,759,220,187.67;Rp 1,762,517,625.67;Rp 1,729,770,409.19;Rp 1,730,105,453.16;Rp 682,772,687,591,795;Rp 34,583,525,021,873,660
Jun 29, 2025;Rp 1,742,169,434.19;Rp 1,761,623,506.92;Rp 1,740,583,352.56;Rp 1,759,770,110.86;Rp 576,810,101,003,576;Rp 34,984,334,242,324,876
Jun 28, 2025;Rp 1,738,317,956.07;Rp 1,746,066,128.50;Rp 1,734,964,774.70;Rp 1,742,167,498.57;Rp 487,578,860,269,442;Rp 34,642,690,765,058,220
Jun 27, 2025;Rp 1,736,766,131.40;Rp 1,742,893,110.35;Rp 1,727,256,054.12;Rp 1,738,283,566.02;Rp 736,466,867,700,209;Rp 34,578,229,661,504,244
Jun 26, 2025;Rp 1,753,472,484.79;Rp 1,757,391,078.01;Rp 1,728,428,186.41;Rp 1,736,886,538.24;Rp 716,771,568,894,715;Rp 34,729,586,543,964,408
Jun 25, 2025;Rp 1,727,490,987.99;Rp 1,765,912,611.90;Rp 1,724,786,656.34;Rp 1,753,246,965.35;Rp 840,946,594,533,173;Rp 34,778,596,214,961,692
Jun 24, 2025;Rp 1,735,962,258.37;Rp 1,735,962,258.37;Rp 1,712,003,414.86;Rp 1,727,462,137.59;Rp 802,819,392,601,405;Rp 34,671,790,716,151,112
Jun 23, 2025;Rp 1,660,027,467.22;Rp 1,750,556,819.86;Rp 1,642,506,643.58;Rp 1,735,962,516.59;Rp 1,072,375,311,460,707;Rp 34,504,013,066,290,204
Jun 22, 2025;Rp 1,677,969,716.13;Rp 1,696,677,951.25;Rp 1,613,521,120.58;Rp 1,660,021,983.67;Rp 1,075,891,862,562,625;Rp 32,962,284,545,356,204
Jun 21, 2025;Rp 1,696,077,929.81;Rp 1,707,581,002.79;Rp 1,657,630,082.84;Rp 1,678,714,597.78;Rp 629,748,246,904,094;Rp 33,361,382,150,284,920
Jun 20, 2025;Rp 1,671,913,119.30;Rp 1,748,142,236.60;Rp 1,671,913,119.30;Rp 1,695,988,024.31;Rp 813,777,671,565,510;Rp 32,806,516,894,132,668
Jun 19, 2025;Rp 1,714,877,782.47;Rp 1,725,388,401.90;Rp 1,671,965,073.15;Rp 1,671,965,073.15;Rp 610,400,276,371,591;Rp 34,026,768,091,164,716
Jun 18, 2025;Rp 1,709,616,209.77;Rp 1,724,053,155.18;Rp 1,693,217,239.44;Rp 1,712,325,195.39;Rp 773,366,848,793,225;Rp 34,079,767,307,373,176
Jun 17, 2025;Rp 1,738,095,676.54;Rp 1,754,299,522.47;Rp 1,687,932,980.12;Rp 1,709,600,653.46;Rp 910,826,792,968,902;Rp 33,840,696,558,964,328
Jun 16, 2025;Rp 1,720,253,534.27;Rp 1,773,632,433.86;Rp 1,710,357,612.85;Rp 1,738,474,992.52;Rp 820,831,617,020,928;Rp 34,596,426,360,634,756
Jun 15, 2025;Rp 1,718,774,523.29;Rp 1,730,056,348.55;Rp 1,703,374,386.53;Rp 1,720,195,419.49;Rp 598,826,869,492,690;Rp 34,195,199,754,175,024
Jun 14, 2025;Rp 1,729,257,575.25;Rp 1,730,816,734.73;Rp 1,701,084,395.45;Rp 1,718,897,869.43;Rp 619,419,319,016,476;Rp 34,165,799,974,047,956
Jun 13, 2025;Rp 1,718,885,397.31;Rp 1,730,471,071.85;Rp 1,671,779,199.14;Rp 1,728,978,587.21;Rp 1,128,625,907,476,984;Rp 34,227,193,647,048,492
Jun 12, 2025;Rp 1,769,189,249.93;Rp 1,769,189,249.93;Rp 1,716,631,375.68;Rp 1,718,957,783.10;Rp 892,748,482,753,950;Rp 34,274,452,362,971,072
Jun 11, 2025;Rp 1,779,719,114.12;Rp 1,795,001,483.76;Rp 1,759,314,584.51;Rp 1,767,201,091.56;Rp 820,643,781,787,429;Rp 34,870,972,150,827,432
Jun 10, 2025;Rp 1,797,874,856.50;Rp 1,797,874,856.50;Rp 1,762,828,431.04;Rp 1,789,615,795.48;Rp 891,639,004,599,881;Rp 35,725,708,246,728,520
Jun 09, 2025;Rp 1,726,112,546.57;Rp 1,800,382,160.31;Rp 1,718,208,213.87;Rp 1,797,848,962.38;Rp 912,113,133,960,164;Rp 35,769,604,694,395,096
Jun 08, 2025;Rp 1,723,292,250.33;Rp 1,737,643,302.52;Rp 1,714,445,869.23;Rp 1,726,122,810.16;Rp 597,606,425,879,575;Rp 34,309,474,625,874,264
Jun 07, 2025;Rp 1,703,274,297.34;Rp 1,729,088,546.27;Rp 1,696,693,374.88;Rp 1,723,261,524.44;Rp 625,977,318,887,588;Rp 34,251,719,051,365,752
Jun 06, 2025;Rp 1,651,197,989.94;Rp 1,719,472,279.89;Rp 1,644,617,628.09;Rp 1,703,269,437.38;Rp 794,216,205,369,099;Rp 33,727,982,570,584,732
Jun 05, 2025;Rp 1,707,170,600.53;Rp 1,722,117,584.64;Rp 1,632,947,959.53;Rp 1,651,223,759.56;Rp 936,765,991,776,007;Rp 32,900,904,567,883,512
Jun 04, 2025;Rp 1,722,792,306.64;Rp 1,727,912,531.01;Rp 1,699,110,258.11;Rp 1,706,864,260.63;Rp 727,860,737,899,622;Rp 34,017,549,120,620,844
Jun 03, 2025;Rp 1,725,537,387.09;Rp 1,744,777,539.89;Rp 1,710,109,620.16;Rp 1,722,761,289.36;Rp 752,809,061,074,328;Rp 34,146,379,108,481,820
Jun 02, 2025;Rp 1,726,015,563.61;Rp 1,726,648,993.25;Rp 1,691,752,211.30;Rp 1,725,424,300.22;Rp 748,562,883,854,219;Rp 34,379,675,012,679,908
Jun 01, 2025;Rp 1,712,776,518.20;Rp 1,733,192,340.02;Rp 1,699,512,287.43;Rp 1,725,203,710.19;Rp 612,141,204,811,194;Rp 34,367,681,146,357,032
May 31, 2025;Rp 1,702,258,294.22;Rp 1,717,520,296.87;Rp 1,688,204,100.17;Rp 1,704,530,577.25;Rp 638,344,006,737,100;Rp 34,037,627,509,819,256
May 30, 2025;Rp 1,721,996,209.88;Rp 1,735,025,825.18;Rp 1,697,201,562.44;Rp 1,702,321,429.36;Rp 939,761,001,808,339;Rp 33,685,033,552,754,224
May 29, 2025;Rp 1,755,896,688.86;Rp 1,774,813,300.96;Rp 1,717,565,837.48;Rp 1,721,960,699.43;Rp 912,562,216,432,086;Rp 34,197,068,624,694,580
May 28, 2025;Rp 1,774,970,227.02;Rp 1,779,949,954.79;Rp 1,740,303,067.78;Rp 1,756,423,273.81;Rp 800,510,069,090,332;Rp 34,883,638,627,845,712
May 27, 2025;Rp 1,779,172,736.80;Rp 1,802,603,904.31;Rp 1,747,315,594.75;Rp 1,775,010,445.84;Rp 933,967,515,606,925;Rp 35,208,758,979,771,468
May 26, 2025;Rp 1,768,146,184.19;Rp 1,796,416,858.90;Rp 1,763,474,640.67;Rp 1,779,172,068.31;Rp 745,223,973,465,237;Rp 35,267,928,116,323,044
May 25, 2025;Rp 1,751,382,663.58;Rp 1,775,931,224.94;Rp 1,733,204,739.89;Rp 1,768,334,454.01;Rp 771,989,987,254,817;Rp 35,194,075,500,815,024
May 24, 2025;Rp 1,742,873,443.99;Rp 1,778,225,514.70;Rp 1,736,647,622.73;Rp 1,751,202,093.20;Rp 745,761,802,788,039;Rp 34,798,905,181,914,784
May 23, 2025;Rp 1,826,815,610.25;Rp 1,829,342,983.88;Rp 1,735,770,490.35;Rp 1,743,024,367.24;Rp 1,104,931,015,623,567;Rp 34,866,580,957,388,904
May 22, 2025;Rp 1,793,501,579.65;Rp 1,832,369,673.70;Rp 1,787,149,717.25;Rp 1,827,306,143.89;Rp 1,147,293,850,217,254;Rp 36,285,869,025,042,400
May 21, 2025;Rp 1,752,445,436.97;Rp 1,810,688,235.18;Rp 1,737,411,785.73;Rp 1,793,576,549.67;Rp 1,281,397,234,149,900;Rp 35,757,234,490,643,976
May 20, 2025;Rp 1,735,359,743.17;Rp 1,760,909,739.77;Rp 1,711,373,864.94;Rp 1,752,441,781.44;Rp 600,044,274,418,593;Rp 34,864,505,203,506,764
May 19, 2025;Rp 1,755,510,341.78;Rp 1,765,991,506.76;Rp 1,678,771,293.50;Rp 1,735,637,592.38;Rp 1,018,714,214,765,194;Rp 34,606,476,418,067,368
May 18, 2025;Rp 1,701,991,443.07;Rp 1,758,258,897.26;Rp 1,701,259,905.65;Rp 1,755,765,640.03;Rp 822,850,003,276,236;Rp 34,873,353,979,861,772
May 17, 2025;Rp 1,706,978,217.30;Rp 1,710,733,285.92;Rp 1,693,286,131.65;Rp 1,702,059,561.71;Rp 625,108,203,599,380;Rp 33,810,553,594,074,924
May 16, 2025;Rp 1,713,692,274.56;Rp 1,723,076,271.12;Rp 1,697,159,317.06;Rp 1,706,978,249.89;Rp 733,256,092,214,217;Rp 33,962,144,143,062,428
May 15, 2025;Rp 1,715,971,759.57;Rp 1,718,269,136.10;Rp 1,673,823,840.88;Rp 1,713,840,763.06;Rp 835,426,893,009,953;Rp 34,153,003,485,232,696
May 14, 2025;Rp 1,730,199,576.65;Rp 1,730,199,576.65;Rp 1,700,020,567.60;Rp 1,714,879,352.61;Rp 763,321,650,031,182;Rp 34,162,725,599,678,040
May 13, 2025;Rp 1,716,820,993.65;Rp 1,743,278,781.87;Rp 1,685,715,199.07;Rp 1,730,240,889.92;Rp 878,492,693,920,340;Rp 34,552,960,423,237,404
May 12, 2025;Rp 1,723,036,461.65;Rp 1,745,203,847.72;Rp 1,683,176,678.15;Rp 1,716,828,688.13;Rp 1,046,835,605,464,772;Rp 33,800,743,884,066,384
May 11, 2025;Rp 1,732,258,072.31;Rp 1,732,432,669.75;Rp 1,710,752,199.61;Rp 1,723,026,412.43;Rp 765,784,525,124,522;Rp 34,213,433,817,759,552
May 10, 2025;Rp 1,703,679,277.42;Rp 1,733,107,548.65;Rp 1,701,309,522.94;Rp 1,732,179,562.19;Rp 699,459,683,373,072;Rp 34,407,916,577,357,268
May 09, 2025;Rp 1,708,953,954.46;Rp 1,722,076,071.72;Rp 1,691,213,405.14;Rp 1,703,631,885.12;Rp 963,382,023,342,483;Rp 33,857,098,267,831,540
May 08, 2025;Rp 1,601,537,382.86;Rp 1,721,005,766.10;Rp 1,599,550,617.84;Rp 1,708,953,943.50;Rp 1,153,614,384,826,005;Rp 33,844,050,132,895,972
May 07, 2025;Rp 1,591,340,067.07;Rp 1,604,912,639.21;Rp 1,581,609,502.15;Rp 1,601,943,969.70;Rp 1,265,570,196,806,636;Rp 31,683,025,782,021,444
May 06, 2025;Rp 1,556,706,942.84;Rp 1,592,802,876.16;Rp 1,532,140,786.45;Rp 1,591,377,599.40;Rp 436,234,927,475,716;Rp 31,587,553,440,309,328
May 05, 2025;Rp 1,551,830,326.17;Rp 1,564,014,962.95;Rp 1,532,982,689.19;Rp 1,556,701,441.90;Rp 424,752,346,877,180;Rp 30,960,589,579,528,376
May 04, 2025;Rp 1,579,447,175.17;Rp 1,586,724,173.50;Rp 1,550,720,360.58;Rp 1,553,067,559.60;Rp 299,798,823,424,768;Rp 30,858,509,649,572,936
May 03, 2025;Rp 1,596,373,036.01;Rp 1,597,019,578.66;Rp 1,578,526,409.13;Rp 1,579,687,918.69;Rp 259,874,380,336,283;Rp 31,367,426,037,053,820
May 02, 2025;Rp 1,603,070,923.25;Rp 1,609,671,370.70;Rp 1,584,098,273.02;Rp 1,595,514,921.62;Rp 438,947,434,679,940;Rp 31,970,927,695,245,576
May 01, 2025;Rp 1,559,604,442.69;Rp 1,618,111,368.78;Rp 1,558,623,962.93;Rp 1,603,027,228.72;Rp 544,229,120,613,210;Rp 31,722,014,220,019,832
Apr 30, 2025;Rp 1,576,204,291.80;Rp 1,581,981,574.85;Rp 1,544,388,559.10;Rp 1,559,512,541.56;Rp 473,843,242,149,885;Rp 31,276,346,518,206,000
Apr 29, 2025;Rp 1,595,906,028.19;Rp 1,596,056,389.02;Rp 1,568,015,639.20;Rp 1,576,176,256.59;Rp 433,600,244,349,965;Rp 31,459,343,580,534,452
Apr 28, 2025;Rp 1,577,937,837.65;Rp 1,608,959,411.59;Rp 1,564,013,188.52;Rp 1,595,853,792.11;Rp 544,689,310,026,164;Rp 31,743,757,371,450,664
Apr 27, 2025;Rp 1,590,833,375.67;Rp 1,601,441,472.01;Rp 1,573,953,337.23;Rp 1,577,930,148.40;Rp 304,019,484,469,946;Rp 31,286,924,089,605,276
Apr 26, 2025;Rp 1,591,585,408.44;Rp 1,600,604,337.60;Rp 1,578,353,519.61;Rp 1,590,598,414.95;Rp 295,966,004,643,873;Rp 31,585,514,097,057,816
Apr 25, 2025;Rp 1,577,868,812.57;Rp 1,612,541,172.62;Rp 1,563,341,063.68;Rp 1,591,683,739.54;Rp 687,130,909,243,893;Rp 31,585,956,105,224,776
Apr 24, 2025;Rp 1,579,019,599.50;Rp 1,579,019,599.50;Rp 1,546,411,505.08;Rp 1,577,693,207.60;Rp 530,593,228,748,860;Rp 31,440,192,830,341,276
Apr 23, 2025;Rp 1,575,009,879.82;Rp 1,594,635,233.65;Rp 1,550,367,131.80;Rp 1,579,132,806.43;Rp 703,311,902,005,488;Rp 31,360,880,976,177,340
Apr 22, 2025;Rp 1,472,459,208.54;Rp 1,581,980,892.31;Rp 1,465,110,122.96;Rp 1,575,649,243.70;Rp 940,439,833,145,297;Rp 31,208,295,961,455,224
Apr 21, 2025;Rp 1,434,748,107.53;Rp 1,487,828,178.39;Rp 1,434,281,405.20;Rp 1,472,409,306.52;Rp 697,335,091,223,760;Rp 29,272,205,715,342,796
Apr 20, 2025;Rp 1,434,589,547.33;Rp 1,438,642,275.32;Rp 1,416,220,437.52;Rp 1,434,794,581.92;Rp 247,300,648,727,948;Rp 28,517,722,354,875,232
Apr 19, 2025;Rp 1,424,214,583.47;Rp 1,443,555,258.76;Rp 1,422,571,778.27;Rp 1,434,544,758.59;Rp 257,339,185,681,670;Rp 28,481,843,070,036,988
Apr 18, 2025;Rp 1,431,792,120.00;Rp 1,435,078,287.75;Rp 1,421,651,409.35;Rp 1,424,213,516.69;Rp 214,656,562,725,772;Rp 28,275,242,604,421,432
Apr 17, 2025;Rp 1,411,929,583.41;Rp 1,441,048,598.06;Rp 1,411,929,583.41;Rp 1,431,717,243.38;Rp 357,505,605,301,864;Rp 28,320,811,840,602,336
Apr 16, 2025;Rp 1,407,462,264.76;Rp 1,436,703,261.09;Rp 1,397,961,973.84;Rp 1,411,983,225.38;Rp 498,191,637,042,179;Rp 28,060,325,644,647,168
Apr 15, 2025;Rp 1,419,389,473.15;Rp 1,453,882,525.22;Rp 1,406,189,062.72;Rp 1,407,801,828.95;Rp 470,786,417,778,893;Rp 27,889,154,335,135,996
Apr 14, 2025;Rp 1,406,012,207.24;Rp 1,441,906,634.18;Rp 1,405,946,919.55;Rp 1,419,434,779.91;Rp 572,702,210,209,215;Rp 28,193,183,597,867,304
Apr 13, 2025;Rp 1,432,638,264.84;Rp 1,444,997,791.76;Rp 1,394,798,332.78;Rp 1,405,851,870.29;Rp 483,770,151,277,531;Rp 27,910,651,311,141,092
Apr 12, 2025;Rp 1,401,140,295.03;Rp 1,442,326,731.68;Rp 1,390,470,381.47;Rp 1,432,766,657.82;Rp 407,519,224,559,015;Rp 28,438,455,506,059,112
Apr 11, 2025;Rp 1,340,583,235.54;Rp 1,415,301,405.01;Rp 1,328,987,680.39;Rp 1,401,145,718.08;Rp 701,341,858,898,574;Rp 27,873,629,589,021,696
Apr 10, 2025;Rp 1,391,331,620.50;Rp 1,393,605,811.45;Rp 1,318,467,623.47;Rp 1,340,601,642.48;Rp 753,549,736,421,490;Rp 26,633,522,252,386,256
Apr 09, 2025;Rp 1,302,049,291.26;Rp 1,407,761,926.55;Rp 1,268,630,554.47;Rp 1,391,466,036.65;Rp 1,437,592,410,195,328;Rp 27,976,549,380,579,524
Apr 08, 2025;Rp 1,336,116,800.24;Rp 1,362,575,372.19;Rp 1,300,759,774.34;Rp 1,302,021,781.26;Rp 814,884,877,869,491;Rp 25,534,216,604,984,420
Apr 07, 2025;Rp 1,309,816,223.32;Rp 1,370,357,403.56;Rp 1,268,860,160.84;Rp 1,336,401,152.57;Rp 1,528,189,306,403,882;Rp 26,328,859,721,369,864
Apr 06, 2025;Rp 1,398,282,971.66;Rp 1,401,635,499.33;Rp 1,291,001,671.39;Rp 1,309,701,481.28;Rp 607,757,325,806,219;Rp 25,996,847,314,440,584
Apr 05, 2025;Rp 1,403,979,495.85;Rp 1,410,046,539.21;Rp 1,379,415,187.04;Rp 1,383,389,039.93;Rp 240,806,556,792,931;Rp 27,752,173,298,874,780
Apr 04, 2025;Rp 1,391,771,254.05;Rp 1,418,236,969.18;Rp 1,367,576,688.15;Rp 1,403,964,512.59;Rp 756,304,673,887,142;Rp 27,869,588,595,977,840
Apr 03, 2025;Rp 1,381,488,430.32;Rp 1,407,068,129.61;Rp 1,357,399,689.16;Rp 1,391,814,476.97;Rp 617,193,890,253,439;Rp 27,620,920,609,490,680
Apr 02, 2025;Rp 1,425,523,211.76;Rp 1,479,212,323.15;Rp 1,377,739,325.70;Rp 1,380,118,045.24;Rp 796,339,238,665,108;Rp 27,396,063,752,090,488
Apr 01, 2025;Rp 1,375,040,528.47;Rp 1,429,392,055.40;Rp 1,372,999,140.67;Rp 1,425,331,702.16;Rp 469,312,666,519,472;Rp 28,156,837,093,860,176
Mar 31, 2025;Rp 1,366,413,669.96;Rp 1,397,064,575.50;Rp 1,349,118,253.86;Rp 1,374,990,429.05;Rp 481,341,641,532,922;Rp 27,187,214,004,979,104
Mar 30, 2025;Rp 1,370,743,850.09;Rp 1,385,812,952.71;Rp 1,353,754,366.91;Rp 1,366,388,168.40;Rp 245,012,998,351,829;Rp 27,115,462,668,614,856
Mar 29, 2025;Rp 1,399,870,557.06;Rp 1,403,442,909.39;Rp 1,354,764,941.41;Rp 1,370,753,825.76;Rp 281,616,767,116,464;Rp 27,200,817,529,963,144
Mar 28, 2025;Rp 1,444,484,968.05;Rp 1,449,532,020.53;Rp 1,386,624,726.35;Rp 1,399,888,451.84;Rp 566,602,727,994,497;Rp 27,732,072,403,773,224
Mar 27, 2025;Rp 1,445,509,910.93;Rp 1,453,418,740.70;Rp 1,425,055,314.52;Rp 1,444,341,509.96;Rp 406,115,496,006,922;Rp 28,778,545,681,338,040
Mar 26, 2025;Rp 1,454,288,815.47;Rp 1,464,245,948.30;Rp 1,426,856,997.06;Rp 1,445,709,202.27;Rp 444,034,877,555,745;Rp 28,670,598,815,999,204
Mar 25, 2025;Rp 1,452,629,665.48;Rp 1,469,033,018.69;Rp 1,434,204,872.82;Rp 1,454,479,478.40;Rp 498,068,439,239,622;Rp 28,805,731,664,473,500
Mar 24, 2025;Rp 1,422,035,135.71;Rp 1,469,855,964.27;Rp 1,411,429,768.56;Rp 1,452,398,821.99;Rp 571,362,251,779,647;Rp 28,689,906,262,697,484
Mar 23, 2025;Rp 1,382,750,283.78;Rp 1,422,429,209.93;Rp 1,382,140,161.19;Rp 1,421,761,598.90;Rp 207,739,632,532,093;Rp 28,161,017,842,376,868
Mar 22, 2025;Rp 1,388,948,464.37;Rp 1,396,676,255.58;Rp 1,382,809,427.79;Rp 1,385,415,689.18;Rp 162,999,476,055,234;Rp 27,486,588,205,999,644
Mar 21, 2025;Rp 1,385,725,997.80;Rp 1,395,896,590.85;Rp 1,372,727,361.00;Rp 1,388,898,669.78;Rp 313,326,630,317,457;Rp 27,451,875,760,463,240
Mar 20, 2025;Rp 1,435,167,250.42;Rp 1,444,589,016.52;Rp 1,379,980,323.89;Rp 1,385,769,643.19;Rp 479,567,606,320,642;Rp 27,585,497,354,467,324
Mar 19, 2025;Rp 1,366,618,044.86;Rp 1,437,616,095.85;Rp 1,364,025,952.26;Rp 1,434,857,869.12;Rp 577,119,648,400,890;Rp 28,474,193,077,713,748
Mar 18, 2025;Rp 1,377,727,733.82;Rp 1,377,727,733.82;Rp 1,341,933,393.78;Rp 1,366,613,056.42;Rp 394,851,434,330,802;Rp 26,891,222,661,366,620
Mar 17, 2025;Rp 1,348,564,195.46;Rp 1,386,571,052.22;Rp 1,348,564,195.46;Rp 1,377,727,291.77;Rp 409,793,344,105,819;Rp 27,238,953,391,827,476
Mar 16, 2025;Rp 1,376,994,475.27;Rp 1,388,722,499.98;Rp 1,339,444,414.08;Rp 1,348,619,012.73;Rp 348,280,651,371,761;Rp 26,747,478,266,768,104
Mar 15, 2025;Rp 1,371,036,132.26;Rp 1,382,535,390.96;Rp 1,365,667,304.75;Rp 1,377,154,274.82;Rp 222,885,221,559,041;Rp 27,319,216,954,056,664
Mar 14, 2025;Rp 1,328,545,445.35;Rp 1,392,730,293.50;Rp 1,324,129,948.62;Rp 1,371,047,460.12;Rp 484,897,124,542,182;Rp 27,300,433,716,709,804
Mar 13, 2025;Rp 1,374,202,222.95;Rp 1,387,654,717.02;Rp 1,310,178,992.94;Rp 1,328,540,659.85;Rp 515,590,010,650,375;Rp 26,404,558,364,178,788
Mar 12, 2025;Rp 1,363,360,161.00;Rp 1,388,061,341.18;Rp 1,327,988,997.66;Rp 1,374,160,243.51;Rp 663,988,339,274,616;Rp 27,316,030,575,786,516
Mar 11, 2025;Rp 1,282,377,272.30;Rp 1,373,897,120.12;Rp 1,251,369,823.44;Rp 1,363,439,632.12;Rp 893,354,769,335,593;Rp 26,836,022,223,257,728
Mar 10, 2025;Rp 1,313,674,184.98;Rp 1,372,409,882.83;Rp 1,269,291,896.30;Rp 1,282,504,359.49;Rp 881,156,106,793,443;Rp 25,401,487,675,196,068
Mar 09, 2025;Rp 1,404,310,728.86;Rp 1,409,474,948.11;Rp 1,304,796,582.38;Rp 1,313,737,614.01;Rp 503,657,740,865,635;Rp 26,050,656,187,834,112
Mar 08, 2025;Rp 1,413,900,756.14;Rp 1,415,605,968.77;Rp 1,389,529,582.02;Rp 1,404,315,412.15;Rp 296,758,782,835,313;Rp 27,852,878,400,795,064
Mar 07, 2025;Rp 1,468,704,602.73;Rp 1,488,794,195.40;Rp 1,383,109,310.11;Rp 1,413,901,125.08;Rp 1,076,602,776,938,970;Rp 28,084,575,859,027,444
Mar 06, 2025;Rp 1,475,332,899.34;Rp 1,515,327,687.08;Rp 1,433,975,315.53;Rp 1,468,724,155.19;Rp 777,367,367,722,822;Rp 29,040,236,856,948,788
Mar 05, 2025;Rp 1,429,062,841.77;Rp 1,481,483,189.15;Rp 1,415,450,468.12;Rp 1,475,383,305.05;Rp 827,376,548,356,877;Rp 29,446,817,234,172,556
Mar 04, 2025;Rp 1,416,666,175.73;Rp 1,456,816,170.11;Rp 1,340,502,289.02;Rp 1,429,254,655.82;Rp 1,120,888,531,871,717;Rp 28,471,398,104,758,580
Mar 03, 2025;Rp 1,558,085,138.78;Rp 1,561,082,768.35;Rp 1,400,503,773.77;Rp 1,416,692,540.17;Rp 1,158,411,952,049,190;Rp 28,221,648,454,260,928
Mar 02, 2025;Rp 1,422,304,089.83;Rp 1,571,205,796.85;Rp 1,405,837,998.83;Rp 1,558,083,965.50;Rp 965,409,255,827,595;Rp 30,902,540,855,486,716
Mar 01, 2025;Rp 1,394,822,320.13;Rp 1,431,562,437.10;Rp 1,385,240,164.70;Rp 1,422,232,258.17;Rp 482,563,413,789,754;Rp 28,205,308,315,586,416
Feb 28, 2025;Rp 1,402,784,794.27;Rp 1,406,362,018.98;Rp 1,297,158,812.79;Rp 1,394,808,201.58;Rp 1,384,649,865,053,444;Rp 27,709,689,976,737,256
Feb 27, 2025;Rp 1,376,557,472.25;Rp 1,430,725,970.99;Rp 1,376,557,472.25;Rp 1,402,812,074.53;Rp 862,174,837,942,783;Rp 27,501,349,072,761,760
Feb 26, 2025;Rp 1,446,684,472.32;Rp 1,462,547,503.99;Rp 1,345,026,739.69;Rp 1,380,980,660.16;Rp 1,054,302,295,270,815;Rp 27,274,906,620,515,208
Feb 25, 2025;Rp 1,489,506,015.19;Rp 1,507,106,128.03;Rp 1,404,398,364.93;Rp 1,448,471,559.78;Rp 1,500,941,399,186,612;Rp 28,663,422,855,159,824
Feb 24, 2025;Rp 1,571,550,016.81;Rp 1,575,230,711.75;Rp 1,488,441,087.54;Rp 1,489,197,478.04;Rp 718,972,903,986,743;Rp 29,591,008,892,821,472
Feb 23, 2025;Rp 1,574,421,003.64;Rp 1,575,954,561.96;Rp 1,553,108,448.73;Rp 1,571,484,005.69;Rp 277,127,206,224,000;Rp 31,121,076,883,922,776
Feb 22, 2025;Rp 1,567,189,373.03;Rp 1,580,491,193.25;Rp 1,561,176,155.68;Rp 1,574,420,326.56;Rp 299,205,882,006,445;Rp 31,217,363,029,523,328
Feb 21, 2025;Rp 1,598,625,932.18;Rp 1,623,120,281.78;Rp 1,546,384,853.51;Rp 1,567,048,231.78;Rp 806,439,132,388,617;Rp 30,981,206,604,803,276
Feb 20, 2025;Rp 1,580,354,993.66;Rp 1,605,534,809.64;Rp 1,576,923,355.36;Rp 1,600,348,437.05;Rp 517,906,761,418,597;Rp 31,887,472,788,174,380
Feb 19, 2025;Rp 1,559,473,054.80;Rp 1,584,043,039.06;Rp 1,550,975,383.25;Rp 1,580,402,977.44;Rp 473,247,008,610,268;Rp 31,275,110,418,214,772
Feb 18, 2025;Rp 1,554,164,814.31;Rp 1,578,547,660.58;Rp 1,524,429,330.74;Rp 1,559,587,509.82;Rp 605,701,262,810,390;Rp 30,736,288,817,824,404
Feb 17, 2025;Rp 1,557,267,193.72;Rp 1,574,464,504.24;Rp 1,544,768,675.84;Rp 1,554,157,803.14;Rp 442,615,451,997,836;Rp 30,744,017,445,049,528
Feb 16, 2025;Rp 1,578,837,700.44;Rp 1,581,185,505.41;Rp 1,555,356,213.58;Rp 1,557,202,873.21;Rp 267,562,221,777,711;Rp 30,851,408,539,241,440
Feb 15, 2025;Rp 1,578,244,747.94;Rp 1,585,221,406.31;Rp 1,573,331,803.24;Rp 1,578,835,415.83;Rp 275,922,517,862,010;Rp 31,311,636,495,945,100
Feb 14, 2025;Rp 1,568,796,657.38;Rp 1,599,180,643.20;Rp 1,558,111,068.85;Rp 1,578,388,017.15;Rp 530,891,156,896,042;Rp 31,383,750,995,304,040
Feb 13, 2025;Rp 1,603,672,178.28;Rp 1,607,344,134.29;Rp 1,549,472,824.26;Rp 1,568,789,968.44;Rp 608,569,043,437,892;Rp 31,380,005,473,014,472
Feb 12, 2025;Rp 1,565,212,314.67;Rp 1,607,969,013.77;Rp 1,542,537,393.50;Rp 1,603,624,940.14;Rp 806,597,867,325,290;Rp 31,718,306,093,184,304
Feb 11, 2025;Rp 1,592,459,232.88;Rp 1,612,753,785.48;Rp 1,550,316,406.76;Rp 1,565,240,705.10;Rp 612,689,901,893,143;Rp 31,018,981,210,942,708
Feb 10, 2025;Rp 1,575,522,174.06;Rp 1,607,290,085.84;Rp 1,556,279,143.99;Rp 1,592,449,852.71;Rp 654,359,025,330,078;Rp 31,539,040,596,361,496
Feb 09, 2025;Rp 1,577,011,218.39;Rp 1,590,806,066.42;Rp 1,548,634,981.18;Rp 1,575,532,503.95;Rp 453,301,213,184,975;Rp 31,265,641,923,355,360
Feb 08, 2025;Rp 1,577,860,281.92;Rp 1,583,543,966.55;Rp 1,564,281,163.52;Rp 1,577,029,763.92;Rp 366,910,430,835,329;Rp 31,259,084,121,368,196
Feb 07, 2025;Rp 1,577,815,177.07;Rp 1,631,512,369.37;Rp 1,563,486,690.90;Rp 1,577,791,985.75;Rp 910,625,952,736,765;Rp 31,258,633,665,374,600
Feb 06, 2025;Rp 1,575,360,445.34;Rp 1,621,489,855.53;Rp 1,563,226,592.61;Rp 1,578,010,939.81;Rp 738,714,930,494,442;Rp 31,215,927,843,664,984
Feb 05, 2025;Rp 1,595,740,052.94;Rp 1,618,047,939.73;Rp 1,568,217,087.98;Rp 1,575,555,021.87;Rp 800,917,227,487,772;Rp 31,221,148,958,273,420
Feb 04, 2025;Rp 1,655,580,769.93;Rp 1,661,058,218.17;Rp 1,569,125,822.44;Rp 1,595,809,777.03;Rp 1,191,937,397,910,939;Rp 31,662,941,559,149,276
Feb 03, 2025;Rp 1,598,085,812.32;Rp 1,673,748,930.09;Rp 1,495,444,330.03;Rp 1,655,646,342.48;Rp 1,887,985,815,804,939;Rp 32,877,057,005,556,164
Feb 02, 2025;Rp 1,646,344,592.86;Rp 1,658,923,897.23;Rp 1,574,117,651.65;Rp 1,598,214,666.33;Rp 1,031,882,437,507,209;Rp 31,659,618,334,150,988
Feb 01, 2025;Rp 1,674,823,363.74;Rp 1,680,595,587.81;Rp 1,640,394,108.89;Rp 1,646,252,500.77;Rp 453,988,127,443,043;Rp 32,627,797,142,380,528
Jan 31, 2025;Rp 1,705,143,223.25;Rp 1,727,376,114.66;Rp 1,660,917,804.75;Rp 1,674,859,819.09;Rp 744,536,263,744,097;Rp 33,039,408,088,248,480
Jan 30, 2025;Rp 1,684,758,208.73;Rp 1,728,835,961.07;Rp 1,678,460,124.01;Rp 1,705,106,440.64;Rp 680,921,269,723,210;Rp 33,718,985,471,499,008
Jan 29, 2025;Rp 1,643,937,670.19;Rp 1,701,193,290.86;Rp 1,643,390,793.75;Rp 1,684,658,665.76;Rp 769,613,467,522,115;Rp 33,346,586,110,481,472
Jan 28, 2025;Rp 1,655,150,161.81;Rp 1,683,894,002.85;Rp 1,629,691,800.17;Rp 1,645,372,042.94;Rp 764,883,685,070,077;Rp 32,545,475,465,932,384
Jan 27, 2025;Rp 1,660,608,587.65;Rp 1,669,241,638.38;Rp 1,585,175,032.56;Rp 1,655,014,988.53;Rp 1,439,469,237,462,423;Rp 32,718,047,901,981,184
Jan 26, 2025;Rp 1,693,259,778.81;Rp 1,704,990,329.45;Rp 1,657,817,326.64;Rp 1,660,644,061.33;Rp 364,536,855,885,220;Rp 32,902,095,788,796,832
Jan 25, 2025;Rp 1,695,051,795.34;Rp 1,701,839,453.68;Rp 1,683,673,347.04;Rp 1,693,282,937.10;Rp 386,295,823,471,159;Rp 33,546,560,325,972,432
Jan 24, 2025;Rp 1,688,184,241.26;Rp 1,731,754,480.57;Rp 1,666,193,638.28;Rp 1,694,978,232.84;Rp 850,674,874,802,918;Rp 33,725,498,451,003,468
Jan 23, 2025;Rp 1,685,136,901.02;Rp 1,735,463,245.93;Rp 1,647,098,805.80;Rp 1,688,094,963.93;Rp 1,692,401,081,239,889;Rp 33,485,960,272,515,328
Jan 22, 2025;Rp 1,734,814,877.83;Rp 1,734,814,877.83;Rp 1,680,125,218.01;Rp 1,685,062,033.46;Rp 880,646,835,067,455;Rp 33,570,499,636,924,660
Jan 21, 2025;Rp 1,663,174,420.19;Rp 1,746,942,699.73;Rp 1,633,009,518.89;Rp 1,734,972,068.02;Rp 1,446,116,534,864,064;Rp 34,271,707,264,595,336
Jan 20, 2025;Rp 1,655,667,715.62;Rp 1,785,821,263.64;Rp 1,627,848,789.13;Rp 1,662,589,138.20;Rp 2,068,355,986,171,458;Rp 33,118,009,858,703,060
Jan 19, 2025;Rp 1,710,580,552.57;Rp 1,741,520,229.15;Rp 1,630,882,394.61;Rp 1,655,763,583.43;Rp 1,258,057,077,925,652;Rp 32,810,693,228,778,924
Jan 18, 2025;Rp 1,705,889,543.19;Rp 1,718,803,548.60;Rp 1,674,788,943.48;Rp 1,710,527,807.31;Rp 826,456,222,257,145;Rp 33,889,784,818,626,272
Jan 17, 2025;Rp 1,640,676,265.06;Rp 1,734,514,112.45;Rp 1,639,415,566.25;Rp 1,711,412,090.36;Rp 1,179,161,500,064,218;Rp 33,942,501,730,945,080
Jan 16, 2025;Rp 1,642,937,480.43;Rp 1,647,453,936.86;Rp 1,596,155,135.53;Rp 1,635,787,736.03;Rp 884,422,334,808,933;Rp 32,300,238,567,651,152
Jan 15, 2025;Rp 1,576,104,025.95;Rp 1,646,894,192.52;Rp 1,575,638,075.83;Rp 1,642,924,316.62;Rp 943,792,918,219,926;Rp 32,508,740,862,593,628
Jan 14, 2025;Rp 1,543,084,488.17;Rp 1,588,550,248.37;Rp 1,536,144,756.64;Rp 1,574,576,448.60;Rp 877,825,055,480,168;Rp 31,222,389,133,792,400
Jan 13, 2025;Rp 1,540,250,608.55;Rp 1,563,782,357.80;Rp 1,454,258,878.68;Rp 1,542,991,763.79;Rp 1,189,620,746,766,976;Rp 30,521,337,402,526,400
Jan 12, 2025;Rp 1,543,043,133.37;Rp 1,556,126,395.04;Rp 1,529,121,109.95;Rp 1,540,243,255.03;Rp 340,785,814,748,402;Rp 30,541,894,182,218,692
Jan 11, 2025;Rp 1,545,247,779.76;Rp 1,549,765,176.40;Rp 1,531,202,066.30;Rp 1,543,057,294.11;Rp 307,756,038,193,258;Rp 30,565,903,800,372,712
Jan 10, 2025;Rp 1,503,729,038.57;Rp 1,557,895,707.07;Rp 1,500,147,362.74;Rp 1,545,257,870.44;Rp 1,008,919,107,163,653;Rp 30,497,204,787,556,384
Jan 09, 2025;Rp 1,541,583,549.72;Rp 1,547,738,196.22;Rp 1,479,738,651.63;Rp 1,503,215,104.80;Rp 1,018,232,772,444,270;Rp 29,717,362,829,854,144
Jan 08, 2025;Rp 1,572,350,911.58;Rp 1,574,514,970.87;Rp 1,501,946,060.05;Rp 1,544,012,293.97;Rp 1,036,225,232,606,440;Rp 30,540,003,809,119,532
Jan 07, 2025;Rp 1,657,105,693.97;Rp 1,661,636,373.12;Rp 1,555,554,885.38;Rp 1,572,164,011.90;Rp 951,095,969,067,545;Rp 31,113,217,594,231,220
Jan 06, 2025;Rp 1,594,491,634.95;Rp 1,656,697,950.49;Rp 1,586,324,918.87;Rp 1,654,129,441.67;Rp 840,482,796,301,888;Rp 32,790,118,425,075,832
Jan 05, 2025;Rp 1,591,428,567.18;Rp 1,602,574,000.81;Rp 1,576,165,503.37;Rp 1,594,491,675.26;Rp 332,517,338,268,953;Rp 31,545,249,524,089,680
Jan 04, 2025;Rp 1,589,372,538.39;Rp 1,599,537,230.27;Rp 1,580,559,235.93;Rp 1,591,466,205.81;Rp 361,959,187,910,846;Rp 31,520,380,560,297,360
Jan 03, 2025;Rp 1,576,877,353.99;Rp 1,603,230,699.98;Rp 1,558,461,917.28;Rp 1,589,379,588.95;Rp 579,622,152,026,727;Rp 31,628,500,385,883,388
Jan 02, 2025;Rp 1,538,741,527.47;Rp 1,588,081,431.09;Rp 1,535,377,265.95;Rp 1,576,961,164.71;Rp 749,837,025,041,512;Rp 31,270,343,951,774,768
Jan 01, 2025;Rp 1,519,729,095.71;Rp 1,544,206,795.65;Rp 1,509,367,551.75;Rp 1,538,809,076.04;Rp 398,860,560,616,189;Rp 30,416,511,543,565,652
Dec 31, 2024;Rp 1,498,958,540.48;Rp 1,556,156,539.31;Rp 1,484,466,697.22;Rp 1,519,795,800.65;Rp 705,849,866,222,985;Rp 29,935,781,457,835,376
Dec 30, 2024;Rp 1,514,464,763.13;Rp 1,536,290,524.85;Rp 1,480,000,844.16;Rp 1,498,920,890.60;Rp 909,839,640,000,294;Rp 29,707,959,847,458,480
Dec 29, 2024;Rp 1,540,392,082.18;Rp 1,540,405,407.04;Rp 1,504,013,855.73;Rp 1,515,111,747.89;Rp 479,656,803,073,785;Rp 29,976,552,047,996,772
Dec 28, 2024;Rp 1,523,982,614.12;Rp 1,546,086,667.68;Rp 1,521,621,227.06;Rp 1,540,228,238.34;Rp 390,178,854,679,303;Rp 30,503,614,207,369,416
Dec 27, 2024;Rp 1,549,996,602.90;Rp 1,583,322,813.64;Rp 1,510,881,203.00;Rp 1,524,058,264.84;Rp 848,970,712,875,647;Rp 30,197,318,739,522,276
Dec 26, 2024;Rp 1,609,868,877.77;Rp 1,615,711,332.72;Rp 1,541,294,567.49;Rp 1,551,439,334.62;Rp 762,881,230,217,931;Rp 30,754,195,304,605,832
Dec 25, 2024;Rp 1,599,788,138.79;Rp 1,612,804,192.49;Rp 1,582,239,014.85;Rp 1,609,893,127.54;Rp 546,369,332,987,979;Rp 31,877,279,277,065,476
Dec 24, 2024;Rp 1,540,943,562.01;Rp 1,611,345,566.63;Rp 1,510,929,167.35;Rp 1,595,974,746.52;Rp 766,773,879,892,421;Rp 31,798,024,666,853,212
Dec 23, 2024;Rp 1,539,725,001.58;Rp 1,559,558,924.38;Rp 1,497,905,581.43;Rp 1,536,947,038.55;Rp 1,056,264,628,057,752;Rp 30,362,633,176,198,304
Dec 22, 2024;Rp 1,572,146,590.35;Rp 1,574,442,048.69;Rp 1,525,198,619.96;Rp 1,539,814,737.13;Rp 697,758,950,272,933;Rp 30,449,802,951,702,984
Dec 21, 2024;Rp 1,580,844,711.08;Rp 1,609,159,143.57;Rp 1,559,342,194.94;Rp 1,572,250,217.25;Rp 837,112,750,533,698;Rp 31,127,519,897,222,584
Dec 20, 2024;Rp 1,592,729,355.85;Rp 1,593,418,731.05;Rp 1,513,345,938.99;Rp 1,580,840,473.53;Rp 1,725,876,063,272,887;Rp 31,622,020,530,567,996
Dec 19, 2024;Rp 1,625,244,430.10;Rp 1,676,014,336.52;Rp 1,563,285,383.35;Rp 1,592,831,513.58;Rp 1,578,973,517,093,700;Rp 31,345,775,950,715,328
Dec 18, 2024;Rp 1,703,738,392.13;Rp 1,716,545,677.22;Rp 1,624,771,091.66;Rp 1,624,771,091.66;Rp 1,506,609,487,087,731;Rp 31,828,449,119,493,028
Dec 17, 2024;Rp 1,700,596,925.91;Rp 1,745,578,874.46;Rp 1,690,006,097.09;Rp 1,702,520,255.34;Rp 1,100,085,856,310,824;Rp 33,702,885,306,395,572
Dec 16, 2024;Rp 1,672,151,176.57;Rp 1,728,606,491.01;Rp 1,656,474,060.58;Rp 1,698,172,004.84;Rp 1,459,341,063,068,853;Rp 33,655,145,617,829,788
Dec 15, 2024;Rp 1,625,266,098.46;Rp 1,684,239,592.87;Rp 1,622,917,261.68;Rp 1,672,233,255.51;Rp 819,994,311,084,401;Rp 33,109,323,261,768,444
Dec 14, 2024;Rp 1,627,259,997.88;Rp 1,645,232,135.95;Rp 1,613,410,495.88;Rp 1,625,257,009.95;Rp 648,376,012,649,333;Rp 32,188,791,030,485,420
Dec 13, 2024;Rp 1,598,019,105.20;Rp 1,633,345,833.50;Rp 1,584,539,370.73;Rp 1,626,640,423.17;Rp 908,765,056,365,678;Rp 32,080,027,927,957,260
Dec 12, 2024;Rp 1,615,685,328.66;Rp 1,636,582,648.86;Rp 1,586,271,069.85;Rp 1,597,906,178.17;Rp 1,151,046,772,888,452;Rp 31,628,329,647,188,700
Dec 11, 2024;Rp 1,538,243,247.14;Rp 1,625,563,992.45;Rp 1,521,208,035.48;Rp 1,615,764,523.68;Rp 1,358,970,741,191,501;Rp 31,871,907,331,078,128
Dec 10, 2024;Rp 1,546,533,695.09;Rp 1,558,831,312.26;Rp 1,498,334,466.79;Rp 1,538,575,011.12;Rp 1,663,705,408,536,033;Rp 30,365,815,788,115,128
Dec 09, 2024;Rp 1,606,124,191.36;Rp 1,606,686,489.04;Rp 1,496,552,299.51;Rp 1,545,841,467.20;Rp 1,755,880,302,009,091;Rp 30,595,834,943,440,644
Dec 08, 2024;Rp 1,585,286,190.39;Rp 1,608,709,028.31;Rp 1,567,034,765.09;Rp 1,606,107,558.81;Rp 700,066,085,703,804;Rp 31,786,646,327,691,428
Dec 07, 2024;Rp 1,585,203,654.08;Rp 1,595,463,160.53;Rp 1,571,149,771.86;Rp 1,585,308,716.23;Rp 700,887,254,726,678;Rp 31,373,872,114,156,876
Dec 06, 2024;Rp 1,540,131,154.18;Rp 1,617,366,761.75;Rp 1,531,256,766.51;Rp 1,585,267,119.31;Rp 1,499,841,474,663,334;Rp 31,376,104,887,881,776
Dec 05, 2024;Rp 1,571,705,546.00;Rp 1,652,729,225.43;Rp 1,457,826,494.74;Rp 1,532,551,202.74;Rp 2,375,173,060,955,274;Rp 30,430,469,500,090,428
Dec 04, 2024;Rp 1,533,896,688.79;Rp 1,576,986,130.62;Rp 1,504,710,787.99;Rp 1,572,130,823.07;Rp 1,233,653,077,419,339;Rp 31,227,414,429,493,808
Dec 03, 2024;Rp 1,527,567,403.01;Rp 1,535,625,476.99;Rp 1,492,465,694.96;Rp 1,534,114,551.02;Rp 1,068,812,603,236,323;Rp 30,271,514,837,701,232
Dec 02, 2024;Rp 1,540,792,698.45;Rp 1,554,344,545.81;Rp 1,502,558,087.31;Rp 1,527,721,843.34;Rp 1,151,219,315,433,390;Rp 30,047,229,140,954,916
Dec 01, 2024;Rp 1,527,561,729.54;Rp 1,550,488,260.99;Rp 1,516,616,641.16;Rp 1,540,852,615.78;Rp 579,450,250,701,545;Rp 30,480,894,580,816,456
Nov 30, 2024;Rp 1,543,516,113.86;Rp 1,543,999,586.25;Rp 1,522,539,865.18;Rp 1,527,367,247.83;Rp 500,959,632,484,865;Rp 30,225,428,363,767,052
Nov 29, 2024;Rp 1,519,523,476.24;Rp 1,564,992,939.56;Rp 1,513,590,795.26;Rp 1,543,400,689.49;Rp 873,212,253,292,408;Rp 30,640,534,934,871,564
Nov 28, 2024;Rp 1,525,242,219.22;Rp 1,533,993,374.16;Rp 1,502,511,156.64;Rp 1,519,469,401.75;Rp 830,693,728,959,827;Rp 30,087,902,035,582,696
Nov 27, 2024;Rp 1,466,471,281.77;Rp 1,544,796,870.86;Rp 1,460,979,069.93;Rp 1,523,587,398.55;Rp 1,134,129,987,646,054;Rp 30,273,482,186,191,224
Nov 26, 2024;Rp 1,478,118,955.84;Rp 1,511,894,112.48;Rp 1,445,153,069.08;Rp 1,465,785,462.22;Rp 1,455,400,130,253,826;Rp 28,900,357,543,151,768
Nov 25, 2024;Rp 1,561,831,296.21;Rp 1,571,390,254.11;Rp 1,470,891,418.62;Rp 1,478,357,380.30;Rp 1,289,018,596,055,921;Rp 29,350,138,208,683,508
Nov 24, 2024;Rp 1,558,929,984.05;Rp 1,572,786,208.02;Rp 1,527,201,994.89;Rp 1,561,518,689.32;Rp 824,473,186,351,494;Rp 30,897,321,054,210,388
Nov 23, 2024;Rp 1,578,518,945.70;Rp 1,578,645,467.15;Rp 1,550,237,492.93;Rp 1,558,916,948.67;Rp 708,127,108,091,596;Rp 30,844,828,971,714,104
Nov 22, 2024;Rp 1,568,402,969.99;Rp 1,587,394,704.65;Rp 1,546,555,511.35;Rp 1,578,374,175.17;Rp 1,249,570,136,130,893;Rp 31,193,312,949,957,208
Nov 21, 2024;Rp 1,503,534,627.89;Rp 1,576,967,683.92;Rp 1,501,046,533.91;Rp 1,566,033,084.45;Rp 1,689,851,257,213,049;Rp 31,060,533,221,278,516
Nov 20, 2024;Rp 1,463,949,566.50;Rp 1,509,494,459.58;Rp 1,452,438,782.78;Rp 1,503,647,998.63;Rp 1,137,192,425,205,119;Rp 29,589,555,704,328,804
Nov 19, 2024;Rp 1,434,253,283.45;Rp 1,490,328,288.94;Rp 1,432,513,455.12;Rp 1,464,020,060.26;Rp 1,180,537,025,781,987;Rp 28,942,024,390,733,964
Nov 18, 2024;Rp 1,428,011,760.83;Rp 1,467,353,890.54;Rp 1,415,708,064.53;Rp 1,434,376,566.24;Rp 1,200,595,663,354,554;Rp 28,470,929,013,277,504
Nov 17, 2024;Rp 1,439,725,614.03;Rp 1,453,629,907.77;Rp 1,410,495,345.26;Rp 1,428,045,706.97;Rp 736,888,737,658,112;Rp 28,259,646,442,324,132
Nov 16, 2024;Rp 1,447,768,613.51;Rp 1,458,890,772.59;Rp 1,432,345,023.13;Rp 1,439,725,806.79;Rp 704,822,399,281,483;Rp 28,482,374,008,650,732
Nov 15, 2024;Rp 1,395,123,317.61;Rp 1,461,519,555.04;Rp 1,385,465,651.80;Rp 1,447,794,698.32;Rp 1,250,613,600,961,529;Rp 28,793,597,549,939,996
Nov 14, 2024;Rp 1,437,342,601.56;Rp 1,460,619,865.97;Rp 1,385,511,249.55;Rp 1,394,583,838.93;Rp 1,390,398,973,793,905;Rp 27,414,872,424,212,568
Nov 13, 2024;Rp 1,391,565,496.92;Rp 1,475,473,590.34;Rp 1,361,293,295.99;Rp 1,437,494,716.50;Rp 1,955,425,281,332,549;Rp 28,355,750,035,476,824
Nov 12, 2024;Rp 1,399,038,442.79;Rp 1,421,266,994.80;Rp 1,344,519,061.06;Rp 1,392,015,032.90;Rp 2,108,256,298,182,032;Rp 27,433,022,664,820,148
Nov 11, 2024;Rp 1,259,761,350.20;Rp 1,411,193,513.89;Rp 1,256,815,661.75;Rp 1,396,971,889.58;Rp 1,846,743,658,250,708;Rp 27,469,149,292,297,560
Nov 10, 2024;Rp 1,201,909,621.90;Rp 1,275,463,250.52;Rp 1,198,620,320.81;Rp 1,259,804,751.64;Rp 1,292,630,271,239,627;Rp 24,918,617,048,334,100
Nov 09, 2024;Rp 1,198,475,688.75;Rp 1,204,370,880.36;Rp 1,186,227,293.18;Rp 1,201,961,657.84;Rp 454,139,063,637,644;Rp 23,774,876,113,638,616
Nov 08, 2024;Rp 1,182,165,810.18;Rp 1,210,175,483.47;Rp 1,182,165,810.18;Rp 1,198,105,435.96;Rp 859,364,437,906,610;Rp 23,584,112,054,061,068
Nov 07, 2024;Rp 1,197,280,382.04;Rp 1,197,550,603.64;Rp 1,175,045,508.24;Rp 1,182,209,403.31;Rp 1,004,647,101,878,800;Rp 23,764,461,976,453,508
Nov 06, 2024;Rp 1,090,134,341.58;Rp 1,208,306,870.32;Rp 1,089,561,127.06;Rp 1,197,415,873.78;Rp 1,863,966,507,874,556;Rp 23,513,270,506,873,476
Nov 05, 2024;Rp 1,071,341,660.07;Rp 1,111,388,593.73;Rp 1,064,551,557.72;Rp 1,090,158,981.21;Rp 727,489,992,715,404;Rp 21,672,736,238,599,776
Nov 04, 2024;Rp 1,089,611,959.82;Rp 1,095,161,543.43;Rp 1,053,764,687.46;Rp 1,071,355,345.95;Rp 652,808,818,663,681;Rp 21,258,291,454,126,708
Nov 03, 2024;Rp 1,098,282,478.96;Rp 1,099,317,041.33;Rp 1,069,534,557.56;Rp 1,089,595,805.15;Rp 552,629,880,986,262;Rp 21,547,362,844,366,296
Nov 02, 2024;Rp 1,101,288,123.89;Rp 1,107,331,813.22;Rp 1,094,119,568.20;Rp 1,098,169,865.20;Rp 288,208,998,130,558;Rp 21,720,629,347,742,912
Nov 01, 2024;Rp 1,104,064,997.02;Rp 1,128,578,173.74;Rp 1,080,518,343.54;Rp 1,101,231,795.47;Rp 786,021,394,480,638;Rp 21,607,228,699,589,008
Oct 31, 2024;Rp 1,135,932,210.75;Rp 1,142,226,836.11;Rp 1,092,094,754.90;Rp 1,104,038,088.61;Rp 638,011,002,385,511;Rp 21,806,361,215,536,624
Oct 30, 2024;Rp 1,146,945,400.92;Rp 1,146,945,400.92;Rp 1,120,015,076.86;Rp 1,136,002,847.80;Rp 641,122,730,681,123;Rp 22,562,780,407,516,644
Oct 29, 2024;Rp 1,099,240,173.83;Rp 1,158,785,869.17;Rp 1,098,455,146.04;Rp 1,147,097,324.60;Rp 920,491,180,585,766;Rp 22,609,684,997,393,076
Oct 28, 2024;Rp 1,066,589,699.37;Rp 1,106,053,622.93;Rp 1,063,029,898.55;Rp 1,101,256,609.20;Rp 609,274,117,821,785;Rp 21,707,168,579,367,264
Oct 27, 2024;Rp 1,051,940,211.90;Rp 1,071,279,250.40;Rp 1,049,173,851.35;Rp 1,066,693,724.25;Rp 262,442,599,297,203;Rp 21,082,141,129,654,120
Oct 26, 2024;Rp 1,045,744,690.23;Rp 1,056,561,457.39;Rp 1,041,536,182.58;Rp 1,051,802,382.39;Rp 307,437,159,396,260;Rp 20,800,496,650,494,112
Oct 25, 2024;Rp 1,065,853,387.27;Rp 1,075,702,275.07;Rp 1,028,371,100.46;Rp 1,045,959,300.73;Rp 648,437,327,293,893;Rp 20,599,045,508,891,372
Oct 24, 2024;Rp 1,044,424,821.98;Rp 1,074,378,350.21;Rp 1,039,824,900.37;Rp 1,065,504,869.52;Rp 492,245,846,833,838;Rp 21,119,209,549,766,900
Oct 23, 2024;Rp 1,050,352,693.49;Rp 1,050,982,168.79;Rp 1,021,276,986.85;Rp 1,040,780,558.27;Rp 503,078,446,355,360;Rp 20,480,770,055,185,088
Oct 22, 2024;Rp 1,048,195,579.69;Rp 1,057,166,011.35;Rp 1,036,075,996.20;Rp 1,050,302,788.33;Rp 494,969,603,804,129;Rp 20,724,714,876,925,880
Oct 21, 2024;Rp 1,067,835,819.32;Rp 1,074,698,734.29;Rp 1,038,427,625.73;Rp 1,048,445,672.41;Rp 580,307,248,318,238;Rp 20,610,151,843,202,512
Oct 20, 2024;Rp 1,057,891,224.95;Rp 1,073,285,550.91;Rp 1,053,891,756.10;Rp 1,067,756,558.85;Rp 293,638,906,043,061;Rp 21,110,304,316,824,068
Oct 19, 2024;Rp 1,058,739,191.50;Rp 1,062,592,755.71;Rp 1,052,637,060.66;Rp 1,057,868,859.09;Rp 223,503,741,845,997;Rp 20,914,129,758,535,572
Oct 18, 2024;Rp 1,046,662,255.70;Rp 1,066,984,501.95;Rp 1,041,519,488.78;Rp 1,058,736,288.31;Rp 572,196,877,146,836;Rp 20,998,904,029,241,656
Oct 17, 2024;Rp 1,054,081,467.26;Rp 1,057,342,098.42;Rp 1,035,780,455.88;Rp 1,046,382,414.89;Rp 511,176,741,646,730;Rp 20,777,260,676,592,320
Oct 16, 2024;Rp 1,044,911,685.99;Rp 1,061,570,559.58;Rp 1,039,446,707.92;Rp 1,054,060,026.61;Rp 595,303,316,852,028;Rp 20,833,516,037,976,556
Oct 15, 2024;Rp 1,029,064,533.37;Rp 1,053,915,442.20;Rp 1,007,346,882.73;Rp 1,045,069,648.37;Rp 761,298,951,899,215;Rp 20,648,283,786,043,036
Oct 14, 2024;Rp 978,590,578.16;Rp 1,035,689,361.07;Rp 972,164,065.63;Rp 1,028,998,675.39;Rp 680,545,848,453,389;Rp 20,330,041,330,373,800
Oct 13, 2024;Rp 983,860,417.45;Rp 985,101,424.86;Rp 970,799,579.33;Rp 978,636,907.53;Rp 283,008,686,365,390;Rp 19,342,202,658,826,356
Oct 12, 2024;Rp 972,209,615.07;Rp 987,843,623.62;Rp 972,188,658.17;Rp 983,861,655.11;Rp 260,691,573,993,240;Rp 19,447,796,696,121,340
Oct 11, 2024;Rp 945,622,658.82;Rp 987,167,394.19;Rp 939,685,177.10;Rp 972,216,951.27;Rp 475,782,878,664,105;Rp 19,364,187,635,950,356
Oct 10, 2024;Rp 951,585,968.03;Rp 961,871,085.96;Rp 924,179,122.35;Rp 945,586,325.64;Rp 478,335,210,353,730;Rp 18,713,832,639,218,848
Oct 09, 2024;Rp 974,949,406.17;Rp 974,949,406.17;Rp 946,106,521.74;Rp 951,593,350.93;Rp 434,203,417,727,701;Rp 18,789,648,974,000,308
Oct 08, 2024;Rp 980,022,586.33;Rp 988,716,965.49;Rp 968,584,944.80;Rp 974,943,915.30;Rp 443,132,306,166,257;Rp 19,342,223,308,606,568
Oct 07, 2024;Rp 984,382,243.43;Rp 1,012,957,689.05;Rp 978,934,517.41;Rp 979,794,110.88;Rp 536,757,034,064,123;Rp 19,270,820,110,646,548
Oct 06, 2024;Rp 972,871,738.42;Rp 986,576,438.99;Rp 968,925,461.13;Rp 984,379,816.81;Rp 231,543,581,550,199;Rp 19,455,235,634,511,048
Oct 05, 2024;Rp 972,599,456.45;Rp 977,353,941.00;Rp 966,675,736.81;Rp 972,949,492.31;Rp 208,495,786,423,185;Rp 19,227,432,323,526,328
Oct 04, 2024;Rp 940,114,070.44;Rp 978,855,599.24;Rp 933,611,418.56;Rp 972,597,371.56;Rp 457,804,141,374,060;Rp 18,981,089,965,017,808
Oct 03, 2024;Rp 927,966,929.22;Rp 946,186,934.15;Rp 927,966,929.22;Rp 940,983,024.75;Rp 552,601,271,803,403;Rp 18,375,966,763,707,000
Oct 02, 2024;Rp 929,439,234.37;Rp 953,047,260.36;Rp 917,268,892.65;Rp 927,941,259.19;Rp 622,760,722,747,226;Rp 18,306,119,049,327,304
Oct 01, 2024;Rp 963,042,900.72;Rp 974,801,098.51;Rp 918,130,266.73;Rp 929,650,345.19;Rp 763,629,003,394,707;Rp 18,280,265,865,039,980
Sep 30, 2024;Rp 992,692,075.12;Rp 992,698,015.23;Rp 955,993,329.23;Rp 962,925,019.01;Rp 561,315,297,382,101;Rp 18,927,747,680,378,136
Sep 29, 2024;Rp 996,655,080.40;Rp 999,288,945.00;Rp 989,921,649.78;Rp 992,701,876.04;Rp 223,690,944,050,727;Rp 19,618,577,806,668,908
Sep 28, 2024;Rp 995,096,883.11;Rp 1,002,041,981.59;Rp 990,042,953.11;Rp 996,540,804.66;Rp 230,557,737,956,462;Rp 19,692,211,170,733,604
Sep 27, 2024;Rp 986,469,674.91;Rp 1,004,269,751.59;Rp 982,293,504.55;Rp 995,073,888.83;Rp 485,190,619,235,263;Rp 19,675,306,192,567,692
Sep 26, 2024;Rp 960,939,265.18;Rp 993,141,928.72;Rp 950,551,902.99;Rp 986,449,567.24;Rp 561,191,841,611,433;Rp 19,601,687,869,360,400
Sep 25, 2024;Rp 973,540,023.03;Rp 977,946,391.41;Rp 957,926,942.93;Rp 961,010,267.24;Rp 379,686,167,233,273;Rp 18,887,905,100,258,932
Sep 24, 2024;Rp 962,340,084.28;Rp 979,485,244.38;Rp 952,596,364.63;Rp 973,531,468.55;Rp 454,954,952,621,600;Rp 19,307,390,968,478,416
Sep 23, 2024;Rp 964,692,871.71;Rp 983,067,499.38;Rp 949,504,300.59;Rp 961,118,824.01;Rp 475,960,953,021,596;Rp 18,965,733,150,736,768
Sep 22, 2024;Rp 961,146,259.29;Rp 970,192,038.50;Rp 946,651,898.99;Rp 964,965,907.46;Rp 305,995,714,516,525;Rp 19,063,713,091,156,152
Sep 21, 2024;Rp 957,925,161.08;Rp 963,368,174.15;Rp 951,842,104.03;Rp 961,116,471.20;Rp 218,446,148,786,626;Rp 18,989,531,000,803,612
Sep 20, 2024;Rp 956,846,298.66;Rp 967,638,458.65;Rp 946,064,448.78;Rp 958,056,056.63;Rp 534,769,239,743,353;Rp 18,977,142,660,470,360
Sep 19, 2024;Rp 944,557,670.89;Rp 969,692,907.03;Rp 944,557,670.89;Rp 956,826,874.81;Rp 654,364,001,320,120;Rp 19,051,515,438,454,100
Sep 18, 2024;Rp 926,981,888.10;Rp 944,758,258.86;Rp 907,202,369.43;Rp 944,537,810.28;Rp 630,049,212,818,115;Rp 18,720,950,462,704,572
Sep 17, 2024;Rp 894,743,496.19;Rp 941,136,375.22;Rp 885,899,058.85;Rp 925,843,213.14;Rp 585,433,917,708,492;Rp 18,318,997,272,178,180
Sep 16, 2024;Rp 911,453,016.84;Rp 911,764,859.44;Rp 883,635,983.64;Rp 894,743,458.17;Rp 493,305,743,721,462;Rp 17,703,773,172,354,262
Sep 15, 2024;Rp 924,713,224.67;Rp 930,587,985.16;Rp 904,131,823.65;Rp 911,416,187.33;Rp 279,274,812,612,299;Rp 18,019,095,329,463,972
Sep 14, 2024;Rp 933,473,048.73;Rp 934,823,189.07;Rp 917,271,741.05;Rp 924,780,894.96;Rp 253,189,657,004,233;Rp 18,266,952,413,289,284
Sep 13, 2024;Rp 897,347,230.91;Rp 934,689,155.70;Rp 888,903,733.01;Rp 933,506,691.31;Rp 501,550,385,516,339;Rp 18,469,631,600,683,936
Sep 12, 2024;Rp 885,618,699.35;Rp 903,590,984.30;Rp 885,416,815.50;Rp 897,247,280.88;Rp 522,565,011,884,461;Rp 17,734,066,468,062,676
Sep 11, 2024;Rp 893,307,656.63;Rp 894,514,984.69;Rp 857,307,615.96;Rp 885,202,697.05;Rp 574,085,783,247,591;Rp 17,551,398,693,903,052
Sep 10, 2024;Rp 882,624,412.36;Rp 897,810,639.42;Rp 871,769,568.06;Rp 892,934,468.56;Rp 446,692,479,958,253;Rp 17,626,737,148,320,364
Sep 09, 2024;Rp 845,374,129.79;Rp 897,516,032.22;Rp 843,711,662.50;Rp 882,864,817.39;Rp 533,532,105,100,200;Rp 17,357,959,955,019,456
Sep 08, 2024;Rp 837,043,108.18;Rp 854,862,997.16;Rp 829,403,954.25;Rp 845,215,063.17;Rp 282,399,409,389,327;Rp 16,747,928,579,377,892
Sep 07, 2024;Rp 833,969,266.33;Rp 847,712,732.97;Rp 830,738,162.48;Rp 836,915,682.38;Rp 294,661,036,395,676;Rp 16,532,553,104,606,440
Sep 06, 2024;Rp 866,203,768.45;Rp 876,232,780.18;Rp 813,097,355.89;Rp 833,964,089.12;Rp 761,345,098,568,742;Rp 16,434,513,185,399,278
Sep 05, 2024;Rp 896,136,534.88;Rp 900,074,007.93;Rp 858,426,512.08;Rp 866,219,355.52;Rp 479,671,401,570,618;Rp 17,145,789,244,233,452
Sep 04, 2024;Rp 893,394,252.61;Rp 904,149,223.27;Rp 864,988,363.58;Rp 896,134,022.85;Rp 554,229,002,876,388;Rp 17,810,562,195,205,284
Sep 03, 2024;Rp 919,443,200.76;Rp 930,835,446.05;Rp 893,353,796.99;Rp 893,444,892.79;Rp 414,825,511,354,002;Rp 17,643,432,841,083,066
Sep 02, 2024;Rp 890,424,742.52;Rp 924,102,126.14;Rp 887,436,762.29;Rp 919,581,566.79;Rp 419,940,722,446,411;Rp 18,130,557,937,572,856
Sep 01, 2024;Rp 915,942,513.07;Rp 917,375,708.71;Rp 888,710,587.43;Rp 890,401,760.82;Rp 381,979,770,347,508;Rp 17,584,339,581,976,226
Aug 31, 2024;Rp 918,236,338.72;Rp 923,130,791.21;Rp 912,820,260.08;Rp 915,944,049.42;Rp 192,655,669,244,409;Rp 18,087,834,904,582,220
Aug 30, 2024;Rp 918,477,150.37;Rp 925,379,959.27;Rp 896,883,663.54;Rp 918,267,330.07;Rp 499,425,107,531,794;Rp 18,055,265,381,971,440
Aug 29, 2024;Rp 911,885,844.67;Rp 945,961,149.60;Rp 909,144,144.82;Rp 918,470,880.42;Rp 497,827,766,981,360;Rp 18,117,088,729,529,400
Aug 28, 2024;Rp 921,231,471.74;Rp 928,743,221.96;Rp 892,745,261.77;Rp 911,852,815.73;Rp 623,715,500,216,972;Rp 18,044,205,501,584,908
Aug 27, 2024;Rp 973,530,459.16;Rp 978,794,029.97;Rp 899,700,026.61;Rp 921,185,760.24;Rp 605,422,979,182,781;Rp 18,192,483,689,339,004
Aug 26, 2024;Rp 991,762,707.60;Rp 994,035,959.63;Rp 973,071,452.43;Rp 973,552,941.63;Rp 426,687,379,554,285;Rp 19,137,762,655,021,984
Aug 25, 2024;Rp 988,393,064.53;Rp 1,001,846,379.16;Rp 983,112,791.27;Rp 991,628,895.81;Rp 289,968,919,987,516;Rp 19,563,729,071,879,816
Aug 24, 2024;Rp 987,276,516.39;Rp 993,589,790.27;Rp 979,823,069.06;Rp 988,433,470.86;Rp 330,056,728,236,575;Rp 19,515,536,402,028,748
Aug 23, 2024;Rp 951,046,831.90;Rp 1,000,262,687.66;Rp 950,906,604.27;Rp 987,130,014.27;Rp 669,888,502,070,757;Rp 19,935,466,857,870,864
Aug 22, 2024;Rp 947,998,871.99;Rp 951,715,213.73;Rp 932,051,531.29;Rp 951,075,503.11;Rp 428,149,192,932,383;Rp 18,476,058,120,113,488
Aug 21, 2024;Rp 911,710,756.93;Rp 957,695,679.54;Rp 909,477,040.83;Rp 948,674,669.63;Rp 505,657,061,952,985;Rp 18,656,782,644,555,516
Aug 20, 2024;Rp 923,934,113.76;Rp 950,244,503.33;Rp 904,948,796.18;Rp 911,682,431.47;Rp 490,956,529,722,962;Rp 18,094,311,579,590,996
Aug 19, 2024;Rp 917,697,944.98;Rp 925,795,515.46;Rp 900,769,185.96;Rp 923,944,181.45;Rp 406,606,912,951,064;Rp 18,431,208,061,475,024
Aug 18, 2024;Rp 933,512,887.77;Rp 945,986,052.68;Rp 917,143,833.42;Rp 917,748,980.39;Rp 278,487,022,206,650;Rp 18,123,291,659,743,596
Aug 17, 2024;Rp 924,492,979.13;Rp 937,069,004.44;Rp 923,257,577.72;Rp 933,683,043.81;Rp 213,326,782,863,856;Rp 18,428,839,186,922,912
Aug 16, 2024;Rp 907,895,021.78;Rp 937,765,706.67;Rp 898,951,681.15;Rp 924,501,978.88;Rp 462,950,739,762,963;Rp 18,337,818,008,424,620
Aug 15, 2024;Rp 918,193,579.51;Rp 941,541,930.02;Rp 885,210,602.54;Rp 907,895,420.01;Rp 557,828,475,372,322;Rp 17,763,585,649,117,710
Aug 14, 2024;Rp 954,972,375.75;Rp 971,335,415.25;Rp 914,187,577.36;Rp 918,239,751.69;Rp 472,068,907,556,042;Rp 18,267,107,922,034,056
Aug 13, 2024;Rp 947,513,030.71;Rp 970,254,190.16;Rp 927,090,259.45;Rp 954,948,534.87;Rp 484,126,096,955,422;Rp 19,098,906,241,624,220
Aug 12, 2024;Rp 935,101,592.10;Rp 968,403,315.59;Rp 921,569,794.76;Rp 947,496,876.62;Rp 590,474,290,976,153;Rp 18,658,247,438,010,396
Aug 11, 2024;Rp 972,064,941.71;Rp 985,363,455.02;Rp 930,657,897.35;Rp 935,102,992.70;Rp 363,015,813,249,390;Rp 18,486,605,891,147,084
Aug 10, 2024;Rp 971,049,521.98;Rp 980,352,814.34;Rp 961,580,657.36;Rp 972,079,624.87;Rp 251,144,290,737,801;Rp 19,186,778,210,198,832
Aug 09, 2024;Rp 986,926,057.40;Rp 987,304,266.83;Rp 949,828,783.36;Rp 971,031,701.56;Rp 534,416,110,522,934;Rp 19,212,443,954,509,348
Aug 08, 2024;Rp 882,149,214.79;Rp 1,001,758,009.56;Rp 877,899,703.33;Rp 986,496,251.46;Rp 726,149,208,228,576;Rp 19,530,580,812,630,056
Aug 07, 2024;Rp 906,436,691.06;Rp 926,366,395.22;Rp 875,553,026.34;Rp 882,076,351.22;Rp 673,472,312,151,577;Rp 17,567,683,485,195,712
Aug 06, 2024;Rp 875,832,356.79;Rp 921,122,705.68;Rp 875,539,144.18;Rp 906,346,364.84;Rp 799,738,497,265,533;Rp 17,942,034,982,226,628
Aug 05, 2024;Rp 930,875,426.89;Rp 933,408,346.27;Rp 795,477,565.65;Rp 875,203,866.08;Rp 1,745,940,496,211,528;Rp 17,069,658,969,252,976
Aug 04, 2024;Rp 981,493,465.66;Rp 987,751,865.94;Rp 925,439,094.16;Rp 930,982,410.62;Rp 513,730,657,021,974;Rp 18,551,305,120,381,316
Aug 03, 2024;Rp 993,442,871.52;Rp 1,005,308,954.26;Rp 967,912,675.00;Rp 981,558,177.90;Rp 513,635,435,192,332;Rp 19,369,994,380,881,956
Aug 02, 2024;Rp 1,064,482,175.02;Rp 1,066,269,245.58;Rp 989,723,773.18;Rp 993,447,013.83;Rp 701,378,437,618,083;Rp 19,741,270,428,824,208
Aug 01, 2024;Rp 1,050,912,671.02;Rp 1,067,520,872.92;Rp 1,013,558,087.97;Rp 1,063,836,111.94;Rp 666,323,704,620,909;Rp 20,972,644,344,904,720
Jul 31, 2024;Rp 1,081,533,640.16;Rp 1,087,138,175.62;Rp 1,048,531,457.48;Rp 1,050,307,007.72;Rp 511,231,887,177,545;Rp 20,835,020,485,967,532
Jul 30, 2024;Rp 1,089,856,917.42;Rp 1,092,777,186.90;Rp 1,065,918,018.27;Rp 1,081,532,745.60;Rp 511,833,751,560,220;Rp 21,307,876,417,903,952
Jul 29, 2024;Rp 1,111,961,419.32;Rp 1,139,497,190.38;Rp 1,083,849,208.05;Rp 1,089,806,959.53;Rp 664,330,113,868,044;Rp 21,479,439,486,209,768
Jul 28, 2024;Rp 1,105,562,492.02;Rp 1,113,603,674.69;Rp 1,093,777,405.63;Rp 1,111,909,466.84;Rp 294,178,500,339,659;Rp 21,959,384,614,932,088
Jul 27, 2024;Rp 1,107,244,406.51;Rp 1,131,483,738.15;Rp 1,087,571,905.76;Rp 1,105,638,857.85;Rp 565,622,030,931,460;Rp 21,815,003,314,949,016
Jul 26, 2024;Rp 1,074,975,691.05;Rp 1,112,066,941.98;Rp 1,074,517,388.73;Rp 1,107,248,463.53;Rp 498,306,742,469,144;Rp 21,901,089,120,468,020
Jul 25, 2024;Rp 1,062,920,002.75;Rp 1,079,661,333.09;Rp 1,036,210,819.72;Rp 1,075,058,931.05;Rp 622,960,540,768,934;Rp 21,099,533,276,550,032
Jul 24, 2024;Rp 1,069,897,024.63;Rp 1,088,875,751.53;Rp 1,058,333,671.78;Rp 1,062,511,525.09;Rp 445,806,678,662,785;Rp 20,932,904,376,453,532
Jul 23, 2024;Rp 1,096,802,299.38;Rp 1,100,016,176.51;Rp 1,061,938,601.96;Rp 1,069,976,096.35;Rp 577,827,806,656,562;Rp 21,109,469,724,669,384
Jul 22, 2024;Rp 1,104,954,476.70;Rp 1,110,267,258.00;Rp 1,080,138,535.05;Rp 1,096,633,801.09;Rp 691,463,925,591,103;Rp 21,618,491,318,387,324
Jul 21, 2024;Rp 1,088,948,075.32;Rp 1,106,719,738.87;Rp 1,067,504,482.63;Rp 1,104,979,554.31;Rp 432,113,289,170,195;Rp 21,799,925,862,689,700
Jul 20, 2024;Rp 1,081,571,359.57;Rp 1,096,176,217.02;Rp 1,074,919,027.75;Rp 1,088,927,533.41;Rp 308,527,552,305,823;Rp 21,483,288,147,029,248
Jul 19, 2024;Rp 1,035,796,498.10;Rp 1,093,357,535.60;Rp 1,024,992,120.50;Rp 1,081,575,067.47;Rp 599,141,324,794,049;Rp 21,308,603,050,777,048
Jul 18, 2024;Rp 1,035,705,769.94;Rp 1,051,977,381.22;Rp 1,024,245,818.66;Rp 1,035,858,928.73;Rp 440,090,806,512,576;Rp 20,390,217,615,127,396
Jul 17, 2024;Rp 1,053,175,011.60;Rp 1,067,869,639.22;Rp 1,031,972,156.61;Rp 1,035,931,752.25;Rp 526,250,252,633,990;Rp 20,465,496,721,314,488
Jul 16, 2024;Rp 1,049,656,905.88;Rp 1,056,436,538.37;Rp 1,011,197,208.22;Rp 1,053,269,341.42;Rp 674,296,940,830,550;Rp 20,806,101,197,906,248
Jul 15, 2024;Rp 980,033,184.01;Rp 1,051,045,993.84;Rp 978,259,934.02;Rp 1,051,045,993.84;Rp 613,888,327,031,725;Rp 20,621,205,603,608,516
Jul 14, 2024;Rp 954,388,258.83;Rp 988,186,207.70;Rp 954,388,258.83;Rp 979,587,357.64;Rp 358,120,349,287,712;Rp 19,317,397,733,127,384
Jul 13, 2024;Rp 933,173,262.72;Rp 963,441,861.34;Rp 931,363,661.77;Rp 954,496,272.11;Rp 275,237,509,983,776;Rp 18,822,889,838,050,244
Jul 12, 2024;Rp 923,829,813.27;Rp 942,949,675.38;Rp 912,753,636.36;Rp 933,023,832.06;Rp 412,521,616,491,602;Rp 18,395,432,503,059,736
Jul 11, 2024;Rp 936,110,136.52;Rp 960,968,087.41;Rp 923,784,930.92;Rp 923,784,930.92;Rp 465,506,963,545,380;Rp 18,336,974,535,044,432
Jul 10, 2024;Rp 945,020,662.90;Rp 964,408,903.93;Rp 926,623,149.54;Rp 935,710,691.53;Rp 426,236,538,753,070;Rp 18,542,091,724,731,296
Jul 09, 2024;Rp 923,910,603.15;Rp 947,380,688.94;Rp 916,986,478.18;Rp 944,063,030.01;Rp 453,763,211,112,964;Rp 18,638,465,816,943,976
Jul 08, 2024;Rp 907,673,934.18;Rp 946,192,653.54;Rp 883,697,053.48;Rp 923,952,873.72;Rp 646,284,373,657,822;Rp 18,173,232,923,597,048
Jul 07, 2024;Rp 946,495,576.10;Rp 948,635,774.23;Rp 906,759,787.80;Rp 907,666,407.33;Rp 334,029,087,981,782;Rp 17,898,497,723,455,738
Jul 06, 2024;Rp 920,811,958.82;Rp 950,284,167.53;Rp 910,733,996.72;Rp 947,537,448.24;Rp 334,954,807,926,442;Rp 18,685,047,146,296,276
Jul 05, 2024;Rp 932,071,604.56;Rp 939,266,785.17;Rp 875,881,839.87;Rp 920,865,557.91;Rp 905,832,593,931,601;Rp 18,263,839,291,352,784
Jul 04, 2024;Rp 983,768,432.31;Rp 987,241,744.18;Rp 927,513,543.42;Rp 931,373,163.31;Rp 673,044,273,576,477;Rp 18,377,128,042,044,520
Jul 03, 2024;Rp 1,017,217,338.76;Rp 1,019,058,704.75;Rp 971,139,388.02;Rp 983,649,575.19;Rp 487,940,029,839,850;Rp 19,457,327,975,748,928
Jul 02, 2024;Rp 1,030,323,127.44;Rp 1,035,229,069.06;Rp 1,011,419,705.92;Rp 1,016,637,448.03;Rp 330,382,233,335,499;Rp 20,053,689,081,521,236
Jul 01, 2024;Rp 1,024,689,085.39;Rp 1,044,281,946.06;Rp 1,021,990,020.48;Rp 1,029,295,311.39;Rp 416,398,097,063,148;Rp 20,263,486,021,068,264
Jun 30, 2024;Rp 995,553,484.68;Rp 1,028,403,008.52;Rp 991,376,024.45;Rp 1,024,765,695.43;Rp 283,406,051,724,040;Rp 20,208,253,326,282,244
Jun 29, 2024;Rp 986,257,070.75;Rp 998,973,610.71;Rp 985,947,914.80;Rp 995,536,075.92;Rp 206,880,664,319,012;Rp 19,630,514,947,889,760
Jun 28, 2024;Rp 1,009,871,999.67;Rp 1,020,206,200.38;Rp 980,846,702.78;Rp 986,261,359.87;Rp 408,992,923,625,460;Rp 19,495,106,093,813,256
Jun 27, 2024;Rp 999,838,487.04;Rp 1,019,460,040.86;Rp 993,887,205.57;Rp 1,009,736,583.55;Rp 349,085,471,256,497;Rp 19,971,997,638,293,336
Jun 26, 2024;Rp 1,013,883,294.98;Rp 1,025,883,529.90;Rp 997,531,676.89;Rp 999,368,224.40;Rp 369,292,448,592,604;Rp 19,674,571,548,132,204
Jun 25, 2024;Rp 988,363,697.95;Rp 1,021,355,993.60;Rp 987,928,530.09;Rp 1,014,097,959.42;Rp 478,898,312,607,217;Rp 19,984,759,662,414,836
Jun 24, 2024;Rp 1,039,204,116.98;Rp 1,042,611,835.85;Rp 960,533,421.26;Rp 988,615,905.57;Rp 709,854,282,229,174;Rp 19,549,996,344,795,408
Jun 23, 2024;Rp 1,058,665,503.14;Rp 1,062,665,264.31;Rp 1,039,326,595.64;Rp 1,039,326,595.64;Rp 184,062,007,644,534;Rp 20,525,372,570,992,720
Jun 22, 2024;Rp 1,056,439,414.60;Rp 1,067,092,075.75;Rp 1,053,904,623.84;Rp 1,058,725,078.91;Rp 162,438,963,513,015;Rp 20,873,174,657,402,276
Jun 21, 2024;Rp 1,069,884,963.19;Rp 1,071,026,126.72;Rp 1,034,551,698.69;Rp 1,056,148,310.44;Rp 432,128,327,833,217;Rp 20,851,555,533,553,536
Jun 20, 2024;Rp 1,065,332,602.80;Rp 1,095,437,219.02;Rp 1,065,332,602.80;Rp 1,069,005,085.77;Rp 420,507,779,332,766;Rp 20,960,217,408,143,960
Jun 19, 2024;Rp 1,067,703,949.95;Rp 1,073,964,656.81;Rp 1,060,204,300.50;Rp 1,064,741,464.18;Rp 345,868,981,428,470;Rp 20,989,080,110,273,748
Jun 18, 2024;Rp 1,094,873,672.88;Rp 1,095,955,891.04;Rp 1,048,890,588.30;Rp 1,066,751,347.48;Rp 650,118,595,078,661;Rp 21,146,200,122,712,608
Jun 17, 2024;Rp 1,097,777,377.75;Rp 1,105,791,934.50;Rp 1,072,218,300.14;Rp 1,094,862,429.02;Rp 494,328,025,492,439;Rp 21,593,793,607,009,128
Jun 16, 2024;Rp 1,091,230,847.16;Rp 1,102,033,064.86;Rp 1,088,409,864.96;Rp 1,097,819,074.33;Rp 218,959,523,515,249;Rp 21,657,863,054,339,416
Jun 15, 2024;Rp 1,088,220,123.02;Rp 1,094,739,661.71;Rp 1,085,995,035.86;Rp 1,091,257,929.20;Rp 232,810,244,904,618;Rp 21,511,394,647,975,040
Jun 14, 2024;Rp 1,087,530,686.42;Rp 1,109,177,781.73;Rp 1,072,768,920.66;Rp 1,088,291,896.68;Rp 446,496,641,640,306;Rp 21,201,047,455,016,968
Jun 13, 2024;Rp 1,108,661,061.62;Rp 1,109,945,353.46;Rp 1,079,356,827.24;Rp 1,087,593,741.65;Rp 470,399,282,584,759;Rp 21,377,712,980,777,856
Jun 12, 2024;Rp 1,098,334,742.34;Rp 1,133,564,109.62;Rp 1,090,170,238.71;Rp 1,108,056,771.55;Rp 562,826,996,748,858;Rp 21,945,593,918,598,196
Jun 11, 2024;Rp 1,134,288,271.22;Rp 1,134,962,841.35;Rp 1,078,340,247.23;Rp 1,098,506,830.75;Rp 605,690,709,560,217;Rp 21,658,015,102,088,596
Jun 10, 2024;Rp 1,133,613,328.36;Rp 1,144,037,894.27;Rp 1,128,233,591.17;Rp 1,134,273,904.80;Rp 335,272,555,869,402;Rp 22,301,858,857,117,524
Jun 09, 2024;Rp 1,127,941,463.65;Rp 1,136,405,846.93;Rp 1,125,717,188.91;Rp 1,133,673,232.74;Rp 220,290,675,094,916;Rp 22,344,362,031,883,448
Jun 08, 2024;Rp 1,128,375,756.83;Rp 1,131,779,893.60;Rp 1,126,529,398.20;Rp 1,128,076,227.45;Rp 232,142,746,830,403;Rp 22,234,067,709,732,548
Jun 07, 2024;Rp 1,149,705,904.71;Rp 1,168,351,539.47;Rp 1,115,353,013.98;Rp 1,128,675,415.80;Rp 587,994,275,675,874;Rp 22,206,130,602,722,296
Jun 06, 2024;Rp 1,160,235,164.39;Rp 1,164,100,164.90;Rp 1,138,518,444.56;Rp 1,149,655,355.03;Rp 411,699,753,946,986;Rp 22,762,291,890,918,264
Jun 05, 2024;Rp 1,150,070,695.61;Rp 1,171,374,718.14;Rp 1,150,070,695.61;Rp 1,160,232,881.47;Rp 534,725,646,017,606;Rp 22,830,843,972,050,252
Jun 04, 2024;Rp 1,115,328,553.44;Rp 1,157,326,720.19;Rp 1,115,328,553.44;Rp 1,149,043,330.17;Rp 537,359,721,690,154;Rp 22,544,085,797,534,148
Jun 03, 2024;Rp 1,101,031,858.77;Rp 1,139,839,790.57;Rp 1,076,595,437.46;Rp 1,115,328,461.07;Rp 526,535,739,211,457;Rp 22,034,913,760,368,060
Jun 02, 2024;Rp 1,100,637,224.36;Rp 1,111,997,831.46;Rp 1,094,220,611.76;Rp 1,100,994,599.09;Rp 278,134,325,744,813;Rp 21,704,263,264,887,920
Jun 01, 2024;Rp 1,096,819,881.37;Rp 1,102,742,219.29;Rp 1,095,369,380.67;Rp 1,100,583,036.70;Rp 189,233,675,184,030;Rp 21,689,785,606,995,960
May 31, 2024;Rp 1,110,236,741.42;Rp 1,119,828,443.95;Rp 1,083,821,597.19;Rp 1,097,050,388.37;Rp 444,781,299,653,865;Rp 21,599,150,406,480,348
May 30, 2024;Rp 1,098,801,895.58;Rp 1,126,634,485.03;Rp 1,092,362,422.31;Rp 1,109,908,568.69;Rp 479,834,347,917,309;Rp 21,904,656,983,347,504
May 29, 2024;Rp 1,101,271,038.92;Rp 1,113,053,047.24;Rp 1,090,122,336.80;Rp 1,098,825,415.67;Rp 430,648,588,523,321;Rp 21,471,903,229,646,020
May 28, 2024;Rp 1,115,981,187.76;Rp 1,117,767,594.81;Rp 1,082,916,779.17;Rp 1,100,472,131.05;Rp 526,246,969,247,407;Rp 21,642,780,852,254,544
May 27, 2024;Rp 1,099,275,478.72;Rp 1,135,079,766.64;Rp 1,096,261,503.45;Rp 1,115,741,780.53;Rp 415,099,119,528,001;Rp 21,939,479,310,228,068
May 26, 2024;Rp 1,111,345,456.88;Rp 1,115,227,436.93;Rp 1,093,179,263.60;Rp 1,099,370,299.64;Rp 250,758,219,301,512;Rp 21,660,247,129,502,208
May 25, 2024;Rp 1,099,514,467.01;Rp 1,116,400,210.71;Rp 1,099,336,313.08;Rp 1,111,372,051.20;Rp 248,265,436,078,010;Rp 21,897,390,764,211,436
May 24, 2024;Rp 1,093,779,629.17;Rp 1,109,673,993.20;Rp 1,070,650,060.85;Rp 1,099,501,238.75;Rp 470,135,432,100,072;Rp 21,740,749,057,522,256
May 23, 2024;Rp 1,109,235,890.09;Rp 1,124,025,825.15;Rp 1,067,328,374.14;Rp 1,093,180,189.39;Rp 672,328,081,303,746;Rp 21,477,255,510,806,900
May 22, 2024;Rp 1,122,978,515.02;Rp 1,132,420,389.86;Rp 1,106,250,419.25;Rp 1,109,261,471.91;Rp 525,221,425,772,256;Rp 21,805,047,447,386,068
May 21, 2024;Rp 1,145,999,310.00;Rp 1,153,326,978.16;Rp 1,106,355,686.53;Rp 1,122,468,556.06;Rp 752,823,911,681,551;Rp 22,164,686,315,325,316
May 20, 2024;Rp 1,058,157,292.85;Rp 1,145,827,840.88;Rp 1,054,507,612.88;Rp 1,145,740,549.27;Rp 700,087,054,660,128;Rp 22,471,232,646,943,704
May 19, 2024;Rp 1,068,630,584.62;Rp 1,080,705,632.83;Rp 1,052,654,075.04;Rp 1,058,151,312.44;Rp 307,302,169,734,684;Rp 20,845,362,189,537,460
May 18, 2024;Rp 1,070,678,526.15;Rp 1,075,805,035.59;Rp 1,064,249,390.16;Rp 1,068,676,471.96;Rp 266,803,152,635,104;Rp 21,053,063,288,175,108
May 17, 2024;Rp 1,039,714,001.54;Rp 1,076,088,305.53;Rp 1,039,714,001.54;Rp 1,070,449,657.00;Rp 446,787,265,758,464;Rp 21,058,246,220,590,964
May 16, 2024;Rp 1,055,299,935.29;Rp 1,061,861,738.34;Rp 1,029,682,016.39;Rp 1,039,726,158.68;Rp 502,882,922,796,352;Rp 20,467,073,456,703,388
May 15, 2024;Rp 992,098,044.90;Rp 1,058,021,297.93;Rp 987,533,042.64;Rp 1,055,045,901.80;Rp 641,721,999,000,475;Rp 21,036,061,551,290,968
May 14, 2024;Rp 1,014,455,642.08;Rp 1,016,606,567.28;Rp 984,369,445.30;Rp 991,570,746.88;Rp 454,584,583,913,929;Rp 19,555,254,000,857,172
May 13, 2024;Rp 985,982,600.28;Rp 1,022,430,647.40;Rp 977,388,238.31;Rp 1,014,145,376.72;Rp 447,480,913,225,245;Rp 19,879,990,348,530,296
May 12, 2024;Rp 976,039,674.94;Rp 992,490,476.57;Rp 973,456,432.18;Rp 985,937,291.85;Rp 221,566,375,726,118;Rp 19,433,545,890,431,392
May 11, 2024;Rp 976,037,346.67;Rp 986,598,273.08;Rp 971,209,100.31;Rp 976,043,007.55;Rp 222,237,692,477,786;Rp 19,225,108,135,603,212
May 10, 2024;Rp 1,011,214,370.21;Rp 1,017,493,671.20;Rp 966,814,823.59;Rp 976,028,031.30;Rp 445,907,296,543,409;Rp 19,203,009,340,611,204
May 09, 2024;Rp 984,007,682.84;Rp 1,016,260,746.32;Rp 974,899,208.39;Rp 1,011,138,782.06;Rp 409,311,797,888,121;Rp 19,971,511,386,348,064
May 08, 2024;Rp 1,002,596,958.45;Rp 1,012,942,206.81;Rp 978,347,602.67;Rp 983,482,862.87;Rp 419,618,374,399,492;Rp 19,385,220,864,380,732
May 07, 2024;Rp 1,013,268,242.50;Rp 1,033,799,733.38;Rp 1,001,551,050.09;Rp 1,002,336,377.99;Rp 415,985,381,173,961;Rp 19,694,333,762,039,504
May 06, 2024;Rp 1,029,980,628.27;Rp 1,047,249,404.63;Rp 1,006,528,799.47;Rp 1,013,255,197.95;Rp 461,572,283,665,653;Rp 20,008,027,294,477,976
May 05, 2024;Rp 1,020,279,445.89;Rp 1,031,751,922.51;Rp 1,005,314,402.46;Rp 1,029,865,134.44;Rp 292,165,966,910,035;Rp 20,139,786,894,226,600
May 04, 2024;Rp 1,004,287,999.44;Rp 1,029,900,642.55;Rp 999,630,290.53;Rp 1,020,263,763.53;Rp 329,282,226,886,979;Rp 20,093,491,557,019,036
May 03, 2024;Rp 952,105,532.94;Rp 1,011,146,122.41;Rp 947,107,676.69;Rp 1,004,268,935.95;Rp 534,202,259,183,555;Rp 19,945,678,787,482,372
May 02, 2024;Rp 943,337,192.37;Rp 959,287,066.27;Rp 922,018,309.35;Rp 951,579,817.29;Rp 529,722,024,017,569;Rp 18,854,707,525,295,776
May 01, 2024;Rp 986,662,016.98;Rp 988,537,085.81;Rp 919,306,304.88;Rp 943,342,133.90;Rp 788,551,182,968,477;Rp 18,675,010,897,739,200
Apr 30, 2024;Rp 1,036,822,401.99;Rp 1,051,317,908.27;Rp 961,380,986.56;Rp 986,128,106.24;Rp 614,576,867,454,035;Rp 19,384,483,084,123,952
Apr 29, 2024;Rp 1,022,956,893.12;Rp 1,042,270,606.56;Rp 1,003,096,292.44;Rp 1,036,850,016.70;Rp 431,769,286,743,420;Rp 20,377,989,989,550,524
Apr 28, 2024;Rp 1,030,033,146.64;Rp 1,044,616,660.78;Rp 1,019,496,724.06;Rp 1,023,068,215.30;Rp 281,527,249,409,785;Rp 20,181,507,780,868,372
Apr 27, 2024;Rp 1,035,351,542.61;Rp 1,037,744,936.86;Rp 1,013,812,188.74;Rp 1,029,962,131.07;Rp 317,190,780,901,810;Rp 20,282,485,693,742,868
Apr 26, 2024;Rp 1,045,178,875.85;Rp 1,051,094,181.76;Rp 1,027,259,503.37;Rp 1,035,421,883.47;Rp 391,250,956,773,840;Rp 20,345,886,319,597,484
Apr 25, 2024;Rp 1,043,104,985.27;Rp 1,057,021,017.89;Rp 1,019,031,160.88;Rp 1,044,168,396.08;Rp 521,849,094,742,799;Rp 20,606,217,792,777,000
Apr 24, 2024;Rp 1,072,935,838.51;Rp 1,083,315,851.71;Rp 1,031,467,485.08;Rp 1,043,149,768.18;Rp 489,166,292,285,798;Rp 20,447,104,105,978,344
Apr 23, 2024;Rp 1,086,549,325.21;Rp 1,090,764,655.35;Rp 1,069,579,585.92;Rp 1,072,029,190.55;Rp 395,199,219,094,662;Rp 21,254,929,635,649,916
Apr 22, 2024;Rp 1,053,475,792.87;Rp 1,091,755,079.39;Rp 1,046,321,133.72;Rp 1,085,320,209.96;Rp 458,840,921,592,760;Rp 21,349,893,467,425,344
Apr 21, 2024;Rp 1,054,069,747.96;Rp 1,065,915,934.33;Rp 1,042,472,155.54;Rp 1,053,329,945.32;Rp 332,581,892,880,713;Rp 20,731,724,242,111,652
Apr 20, 2024;Rp 1,035,553,103.15;Rp 1,061,362,159.91;Rp 1,024,545,839.67;Rp 1,054,096,077.61;Rp 374,600,794,118,567;Rp 20,752,376,573,942,176
Apr 19, 2024;Rp 1,030,668,379.96;Rp 1,061,306,080.59;Rp 971,827,133.14;Rp 1,035,430,954.84;Rp 810,121,179,727,376;Rp 20,399,945,601,590,052
Apr 18, 2024;Rp 996,574,888.69;Rp 1,038,780,947.36;Rp 983,506,220.39;Rp 1,030,700,887.99;Rp 585,602,562,543,454;Rp 20,334,771,694,220,064
Apr 17, 2024;Rp 1,042,828,392.35;Rp 1,047,641,771.52;Rp 971,463,850.28;Rp 995,947,196.24;Rp 684,774,318,724,705;Rp 19,706,487,708,391,480
Apr 16, 2024;Rp 1,019,912,329.18;Rp 1,049,187,258.13;Rp 1,000,269,842.71;Rp 1,040,318,436.59;Rp 689,076,088,883,349;Rp 20,207,261,729,219,104
Apr 15, 2024;Rp 1,059,569,791.74;Rp 1,074,167,084.61;Rp 1,003,752,047.39;Rp 1,020,071,050.51;Rp 702,664,544,552,499;Rp 20,120,111,712,095,628
Apr 14, 2024;Rp 1,028,899,617.48;Rp 1,060,965,462.11;Rp 1,002,621,476.83;Rp 1,059,554,952.97;Rp 791,131,253,644,326;Rp 20,855,178,501,890,136
Apr 13, 2024;Rp 1,082,928,813.57;Rp 1,094,905,192.19;Rp 981,881,969.28;Rp 1,028,661,751.77;Rp 852,143,866,102,309;Rp 20,250,634,560,676,560
Apr 12, 2024;Rp 1,123,128,953.49;Rp 1,144,773,717.88;Rp 1,051,503,349.66;Rp 1,083,049,499.65;Rp 707,421,037,698,073;Rp 21,197,621,189,229,648
Apr 11, 2024;Rp 1,129,311,771.83;Rp 1,138,467,855.57;Rp 1,114,204,006.81;Rp 1,121,953,888.23;Rp 482,496,876,357,085;Rp 22,062,853,956,745,344
Apr 10, 2024;Rp 1,099,361,296.79;Rp 1,137,593,561.94;Rp 1,076,853,465.20;Rp 1,129,245,275.17;Rp 609,283,209,686,812;Rp 22,083,657,255,443,512
Apr 09, 2024;Rp 1,140,742,732.30;Rp 1,142,015,184.44;Rp 1,082,939,350.55;Rp 1,099,259,105.08;Rp 580,095,911,179,073;Rp 21,666,732,605,686,692
Apr 08, 2024;Rp 1,102,037,496.74;Rp 1,155,301,633.44;Rp 1,097,292,722.92;Rp 1,139,885,347.13;Rp 592,012,456,476,982;Rp 22,394,714,835,677,636
Apr 07, 2024;Rp 1,094,620,077.41;Rp 1,116,661,393.45;Rp 1,093,897,486.02;Rp 1,102,037,453.42;Rp 336,898,632,485,242;Rp 21,683,534,243,581,572
Apr 06, 2024;Rp 1,077,834,072.98;Rp 1,106,257,710.01;Rp 1,072,291,498.79;Rp 1,094,604,171.46;Rp 317,243,189,004,032;Rp 21,536,909,448,090,756
Apr 05, 2024;Rp 1,090,231,924.01;Rp 1,092,474,963.66;Rp 1,050,381,963.57;Rp 1,077,787,505.20;Rp 537,006,389,008,578;Rp 21,238,143,257,519,448
Apr 04, 2024;Rp 1,051,809,149.76;Rp 1,099,434,627.35;Rp 1,035,390,757.06;Rp 1,090,118,424.46;Rp 549,047,784,354,796;Rp 21,489,237,939,540,320
Apr 03, 2024;Rp 1,043,732,061.05;Rp 1,066,447,879.45;Rp 1,029,630,336.39;Rp 1,050,963,543.94;Rp 550,008,877,794,813;Rp 20,698,751,868,191,360
Apr 02, 2024;Rp 1,110,831,417.44;Rp 1,110,884,914.15;Rp 1,028,289,048.06;Rp 1,045,059,457.95;Rp 808,047,554,052,167;Rp 20,516,854,095,855,928
Apr 01, 2024;Rp 1,132,695,367.99;Rp 1,132,832,033.29;Rp 1,086,634,638.80;Rp 1,112,143,047.60;Rp 553,752,323,390,116;Rp 21,772,180,513,548,972
Mar 31, 2024;Rp 1,106,013,695.83;Rp 1,133,398,719.21;Rp 1,105,649,877.13;Rp 1,132,697,959.57;Rp 318,410,954,109,718;Rp 22,281,499,231,926,408
Mar 30, 2024;Rp 1,109,914,884.69;Rp 1,117,252,292.87;Rp 1,105,271,873.30;Rp 1,105,974,420.55;Rp 272,029,954,132,249;Rp 21,754,024,117,373,544
Mar 29, 2024;Rp 1,124,190,402.87;Rp 1,124,823,524.45;Rp 1,096,281,040.34;Rp 1,109,905,114.93;Rp 400,938,059,119,590;Rp 21,844,369,736,166,164
Mar 28, 2024;Rp 1,104,364,242.28;Rp 1,135,550,059.01;Rp 1,093,804,788.67;Rp 1,123,725,706.60;Rp 546,593,180,801,841;Rp 22,123,550,471,277,428
Mar 27, 2024;Rp 1,108,344,999.93;Rp 1,140,254,631.31;Rp 1,086,605,897.14;Rp 1,103,241,289.22;Rp 646,510,941,276,100;Rp 21,628,853,688,039,884
Mar 26, 2024;Rp 1,104,768,188.03;Rp 1,129,919,350.84;Rp 1,096,151,909.72;Rp 1,107,602,776.05;Rp 568,889,333,548,010;Rp 21,744,283,628,097,520
Mar 25, 2024;Rp 1,063,123,406.59;Rp 1,123,590,068.49;Rp 1,048,105,211.65;Rp 1,105,123,393.38;Rp 675,185,946,236,719;Rp 21,744,238,448,607,676
Mar 24, 2024;Rp 1,013,224,484.75;Rp 1,069,269,054.08;Rp 1,009,351,618.49;Rp 1,063,124,588.98;Rp 430,249,738,430,401;Rp 20,907,231,181,114,928
Mar 23, 2024;Rp 1,008,985,815.47;Rp 1,043,360,710.31;Rp 996,900,185.35;Rp 1,013,089,276.87;Rp 391,225,700,361,316;Rp 19,922,487,928,853,404
Mar 22, 2024;Rp 1,029,952,917.60;Rp 1,051,512,857.32;Rp 986,090,934.31;Rp 1,008,606,917.83;Rp 651,110,822,868,789;Rp 19,728,717,013,939,808
Mar 21, 2024;Rp 1,065,968,866.63;Rp 1,069,781,639.94;Rp 1,014,770,902.73;Rp 1,029,982,501.96;Rp 698,182,345,028,364;Rp 20,210,313,445,350,388
Mar 20, 2024;Rp 974,508,185.27;Rp 1,069,217,391.02;Rp 956,830,114.45;Rp 1,065,825,749.17;Rp 1,051,022,220,607,994;Rp 21,009,103,322,781,676
Mar 19, 2024;Rp 1,064,368,680.74;Rp 1,071,938,335.87;Rp 967,679,404.06;Rp 973,601,468.08;Rp 1,169,294,621,555,594;Rp 19,181,776,614,266,540
Mar 18, 2024;Rp 1,069,933,631.91;Rp 1,080,311,471.90;Rp 1,047,512,376.14;Rp 1,063,571,332.23;Rp 770,888,005,040,541;Rp 20,781,933,545,820,020
Mar 17, 2024;Rp 1,021,978,721.79;Rp 1,077,357,595.74;Rp 1,009,914,774.18;Rp 1,070,235,898.24;Rp 699,666,889,209,771;Rp 21,028,689,388,781,804
Mar 16, 2024;Rp 1,085,756,494.87;Rp 1,095,986,029.55;Rp 1,013,921,515.53;Rp 1,021,959,517.02;Rp 732,921,140,995,341;Rp 20,088,204,865,602,424
Mar 15, 2024;Rp 1,116,321,681.11;Rp 1,130,417,366.44;Rp 1,025,466,481.41;Rp 1,085,933,056.30;Rp 1,224,729,312,200,743;Rp 21,328,319,061,843,612
Mar 14, 2024;Rp 1,138,584,750.51;Rp 1,149,482,858.63;Rp 1,071,443,192.96;Rp 1,116,472,028.59;Rp 928,490,572,961,311;Rp 21,860,343,992,449,824
Mar 13, 2024;Rp 1,112,317,041.87;Rp 1,146,376,681.19;Rp 1,109,180,935.92;Rp 1,138,722,869.47;Rp 750,224,373,001,560;Rp 22,349,500,694,270,912
Mar 12, 2024;Rp 1,119,865,284.98;Rp 1,131,835,636.83;Rp 1,068,462,464.84;Rp 1,112,348,387.08;Rp 971,264,076,386,955;Rp 21,812,071,363,688,000
Mar 11, 2024;Rp 1,073,144,827.72;Rp 1,130,082,124.21;Rp 1,047,568,275.06;Rp 1,119,743,179.83;Rp 1,021,775,261,606,607;Rp 22,037,709,397,757,824
Mar 10, 2024;Rp 1,064,583,026.31;Rp 1,087,971,813.22;Rp 1,061,008,384.24;Rp 1,073,132,958.06;Rp 554,575,400,013,569;Rp 21,078,424,193,463,476
Mar 09, 2024;Rp 1,061,459,285.19;Rp 1,067,268,596.83;Rp 1,057,634,034.97;Rp 1,064,561,664.02;Rp 335,842,059,437,410;Rp 20,918,816,935,863,092
Mar 08, 2024;Rp 1,046,320,797.33;Rp 1,087,559,832.19;Rp 1,027,920,576.89;Rp 1,061,472,277.17;Rp 925,410,369,607,194;Rp 20,976,920,640,169,740
Mar 07, 2024;Rp 1,036,057,691.12;Rp 1,061,893,607.14;Rp 1,029,230,656.82;Rp 1,045,892,887.06;Rp 736,521,450,387,006;Rp 20,614,369,290,177,776
Mar 06, 2024;Rp 1,004,989,876.07;Rp 1,062,471,977.54;Rp 988,350,243.51;Rp 1,035,355,179.06;Rp 1,083,373,502,301,438;Rp 20,464,032,874,379,396
Mar 05, 2024;Rp 1,077,998,069.13;Rp 1,088,697,777.55;Rp 934,020,864.53;Rp 1,004,742,376.11;Rp 1,621,592,866,183,570;Rp 19,763,470,604,884,260
Mar 04, 2024;Rp 991,535,188.41;Rp 1,080,193,093.92;Rp 979,468,338.08;Rp 1,076,894,183.02;Rp 1,109,844,523,590,393;Rp 21,080,664,938,339,208
Mar 03, 2024;Rp 974,016,744.34;Rp 992,998,924.62;Rp 964,649,665.96;Rp 992,012,066.21;Rp 412,236,034,673,148;Rp 19,483,869,309,039,080
Mar 02, 2024;Rp 980,298,685.64;Rp 980,723,361.22;Rp 968,139,664.36;Rp 973,989,541.26;Rp 375,095,619,358,615;Rp 19,132,027,859,433,192
Mar 01, 2024;Rp 961,068,754.48;Rp 991,829,006.71;Rp 954,371,591.28;Rp 980,439,690.09;Rp 631,405,696,266,260;Rp 19,270,192,422,494,260
Feb 29, 2024;Rp 983,216,288.27;Rp 999,836,553.63;Rp 950,177,497.97;Rp 961,485,424.70;Rp 1,030,370,858,774,088;Rp 18,909,602,951,066,864
Feb 28, 2024;Rp 894,449,840.36;Rp 1,004,739,360.45;Rp 888,364,293.26;Rp 983,253,278.98;Rp 1,304,570,141,723,357;Rp 19,239,876,520,290,160
Feb 27, 2024;Rp 853,064,714.40;Rp 901,219,384.11;Rp 851,795,204.63;Rp 893,935,753.83;Rp 778,545,384,551,381;Rp 17,542,258,432,621,348
Feb 26, 2024;Rp 806,621,809.92;Rp 859,271,911.80;Rp 796,983,390.74;Rp 852,842,458.10;Rp 531,314,072,994,097;Rp 16,695,851,928,158,048
Feb 25, 2024;Rp 804,115,703.19;Rp 810,116,517.28;Rp 800,076,113.62;Rp 806,663,860.60;Rp 240,356,364,773,328;Rp 15,842,511,658,936,308
Feb 24, 2024;Rp 791,190,565.31;Rp 805,971,081.98;Rp 788,837,031.04;Rp 804,207,517.62;Rp 236,626,846,560,259;Rp 15,792,026,796,934,028
Feb 23, 2024;Rp 799,742,380.64;Rp 803,212,644.82;Rp 788,467,917.08;Rp 791,121,625.50;Rp 334,142,704,768,936;Rp 15,534,621,654,986,572
Feb 22, 2024;Rp 811,941,586.18;Rp 811,941,586.18;Rp 794,158,802.47;Rp 800,070,951.53;Rp 397,931,616,065,573;Rp 15,773,423,826,559,974
Feb 21, 2024;Rp 819,063,497.96;Rp 819,991,745.73;Rp 793,109,507.76;Rp 811,070,166.73;Rp 448,517,899,619,926;Rp 15,947,937,821,085,656
Feb 20, 2024;Rp 809,974,944.95;Rp 829,084,403.03;Rp 795,249,440.99;Rp 818,755,259.02;Rp 521,763,107,110,879;Rp 16,058,152,904,363,372
Feb 19, 2024;Rp 816,228,378.08;Rp 820,490,213.53;Rp 808,556,349.76;Rp 809,874,684.00;Rp 334,448,717,479,872;Rp 15,915,134,874,644,622
Feb 18, 2024;Rp 808,799,139.34;Rp 819,706,397.89;Rp 802,094,451.99;Rp 816,036,328.35;Rp 275,466,189,034,183;Rp 16,019,484,262,120,584
Feb 17, 2024;Rp 816,622,326.60;Rp 817,095,730.24;Rp 793,264,064.93;Rp 808,815,190.33;Rp 313,254,325,161,888;Rp 15,877,618,062,527,984
Feb 16, 2024;Rp 814,908,537.81;Rp 822,019,701.78;Rp 806,896,451.42;Rp 816,599,271.43;Rp 442,156,140,742,037;Rp 16,065,002,152,041,232
Feb 15, 2024;Rp 811,030,128.13;Rp 824,466,746.11;Rp 803,713,548.80;Rp 814,342,019.15;Rp 603,371,893,598,970;Rp 15,950,935,159,251,436
Feb 14, 2024;Rp 779,693,874.15;Rp 810,629,304.49;Rp 772,977,460.20;Rp 810,152,320.43;Rp 613,076,435,079,986;Rp 15,947,954,860,491,790
Feb 13, 2024;Rp 778,341,675.97;Rp 785,336,606.69;Rp 757,955,482.72;Rp 779,416,116.51;Rp 554,721,671,340,667;Rp 15,215,742,109,676,766
Feb 12, 2024;Rp 754,121,060.00;Rp 783,163,654.84;Rp 744,571,003.95;Rp 778,539,210.69;Rp 538,885,368,165,365;Rp 15,309,818,918,979,308
Feb 11, 2024;Rp 745,742,857.54;Rp 757,716,336.68;Rp 743,376,743.01;Rp 754,082,516.60;Rp 301,548,694,008,640;Rp 14,796,128,800,854,924
Feb 10, 2024;Rp 736,134,951.35;Rp 751,631,532.40;Rp 732,260,084.26;Rp 745,778,908.08;Rp 256,007,197,402,371;Rp 14,635,370,381,296,882
Feb 09, 2024;Rp 709,585,789.24;Rp 752,487,646.85;Rp 708,991,894.68;Rp 736,036,160.34;Rp 615,899,181,149,144;Rp 14,493,061,523,955,498
Feb 08, 2024;Rp 693,948,616.36;Rp 714,182,505.20;Rp 693,948,616.36;Rp 709,630,101.97;Rp 409,407,298,897,463;Rp 13,914,645,844,039,800
Feb 07, 2024;Rp 678,518,285.22;Rp 693,750,409.86;Rp 671,045,833.12;Rp 693,568,151.83;Rp 332,670,434,548,856;Rp 13,692,950,436,700,066
Feb 06, 2024;Rp 672,931,778.31;Rp 682,646,422.18;Rp 669,736,397.15;Rp 678,165,628.28;Rp 265,000,473,100,131;Rp 13,335,441,360,810,312
Feb 05, 2024;Rp 669,638,121.76;Rp 685,747,101.90;Rp 664,867,840.93;Rp 672,940,456.86;Rp 294,347,192,196,742;Rp 13,162,883,625,033,940
Feb 04, 2024;Rp 676,362,012.60;Rp 677,977,657.51;Rp 666,448,763.40;Rp 669,731,856.49;Rp 232,856,769,616,781;Rp 13,142,186,839,755,460
Feb 03, 2024;Rp 679,351,300.58;Rp 682,103,918.39;Rp 674,723,857.93;Rp 676,319,677.32;Rp 175,705,630,648,689;Rp 13,267,675,569,723,838
Feb 02, 2024;Rp 677,746,069.08;Rp 682,353,699.54;Rp 668,994,553.90;Rp 679,365,391.86;Rp 292,696,668,870,669;Rp 13,328,383,923,769,272
Feb 01, 2024;Rp 671,556,254.28;Rp 679,925,756.56;Rp 660,258,109.53;Rp 677,666,586.57;Rp 337,972,064,656,171;Rp 13,329,353,249,034,100
Jan 31, 2024;Rp 678,249,586.42;Rp 688,990,669.12;Rp 666,911,963.04;Rp 671,701,358.30;Rp 389,670,296,916,605;Rp 13,190,799,616,902,156
Jan 30, 2024;Rp 685,668,243.03;Rp 693,863,040.52;Rp 674,485,282.85;Rp 678,298,010.05;Rp 377,555,995,872,878;Rp 13,340,401,185,654,668
Jan 29, 2024;Rp 663,372,942.27;Rp 685,489,654.35;Rp 662,047,694.09;Rp 685,259,476.69;Rp 326,210,076,467,463;Rp 13,399,672,721,487,506
Jan 28, 2024;Rp 664,550,168.53;Rp 675,136,172.16;Rp 657,779,153.36;Rp 663,446,790.70;Rp 265,954,493,116,920;Rp 13,004,924,727,737,740
Jan 27, 2024;Rp 659,651,938.63;Rp 665,646,636.75;Rp 653,588,798.17;Rp 664,454,418.99;Rp 180,199,764,755,528;Rp 13,030,374,413,821,032
Jan 26, 2024;Rp 631,768,034.88;Rp 666,029,173.08;Rp 630,334,429.44;Rp 659,671,623.36;Rp 404,941,484,164,087;Rp 12,971,914,210,609,330
Jan 25, 2024;Rp 630,068,828.82;Rp 637,693,664.21;Rp 625,956,403.44;Rp 631,558,782.67;Rp 290,728,279,972,126;Rp 12,311,081,958,470,200
Jan 24, 2024;Rp 627,055,251.35;Rp 636,036,062.23;Rp 620,874,839.24;Rp 630,077,718.99;Rp 351,592,369,380,188;Rp 12,356,468,270,344,328
Jan 23, 2024;Rp 618,981,992.53;Rp 628,364,359.51;Rp 604,597,071.63;Rp 626,551,671.95;Rp 458,057,695,126,272;Rp 12,236,475,576,861,990
Jan 22, 2024;Rp 648,938,142.15;Rp 650,591,850.06;Rp 617,946,663.88;Rp 618,802,655.05;Rp 489,412,644,195,410;Rp 12,096,289,856,229,766
Jan 21, 2024;Rp 650,894,065.70;Rp 653,766,210.01;Rp 648,053,555.16;Rp 648,815,250.21;Rp 145,950,691,258,318;Rp 12,722,032,577,501,016
Jan 20, 2024;Rp 650,161,511.98;Rp 654,118,045.69;Rp 647,384,870.24;Rp 650,801,852.14;Rp 180,980,056,568,471;Rp 12,758,148,348,545,706
Jan 19, 2024;Rp 644,812,660.32;Rp 657,417,312.26;Rp 629,670,567.69;Rp 650,064,956.56;Rp 402,279,505,936,733;Rp 12,744,267,670,326,752
Jan 18, 2024;Rp 668,382,043.66;Rp 669,990,576.70;Rp 634,701,545.87;Rp 644,538,108.85;Rp 394,351,557,292,623;Rp 12,647,892,753,422,988
Jan 17, 2024;Rp 674,406,493.88;Rp 674,844,198.73;Rp 659,570,114.80;Rp 668,112,720.77;Rp 326,026,475,804,557;Rp 13,099,780,147,865,102
Jan 16, 2024;Rp 661,160,957.01;Rp 680,883,500.66;Rp 656,933,577.98;Rp 674,605,232.37;Rp 374,345,410,806,188;Rp 13,158,945,470,261,322
Jan 15, 2024;Rp 648,255,555.13;Rp 673,407,231.81;Rp 648,105,621.32;Rp 661,342,861.20;Rp 346,858,058,078,596;Rp 12,948,256,706,614,508
Jan 14, 2024;Rp 665,674,617.96;Rp 669,144,755.91;Rp 648,403,919.36;Rp 649,517,457.64;Rp 272,244,505,905,398;Rp 12,727,943,916,127,438
Jan 13, 2024;Rp 665,009,333.13;Rp 671,771,622.20;Rp 659,799,457.03;Rp 665,676,459.59;Rp 320,107,632,591,621;Rp 13,045,964,532,974,724
Jan 12, 2024;Rp 721,411,721.64;Rp 723,309,664.18;Rp 651,092,500.70;Rp 665,844,026.50;Rp 674,379,384,894,975;Rp 13,069,608,129,919,114
Jan 11, 2024;Rp 726,104,447.52;Rp 762,432,306.58;Rp 710,599,847.15;Rp 721,626,367.20;Rp 713,306,463,717,088;Rp 14,141,085,422,444,462
Jan 10, 2024;Rp 716,844,316.15;Rp 741,141,134.12;Rp 692,362,577.32;Rp 725,616,454.85;Rp 778,906,685,145,463;Rp 14,200,710,400,187,710
Jan 09, 2024;Rp 728,637,313.94;Rp 744,097,974.42;Rp 702,741,373.88;Rp 716,785,107.88;Rp 617,508,759,390,010;Rp 14,019,371,953,406,680
Jan 08, 2024;Rp 681,505,432.82;Rp 731,661,607.25;Rp 671,068,468.69;Rp 728,371,579.37;Rp 662,858,229,719,515;Rp 14,270,979,971,997,890
Jan 07, 2024;Rp 682,123,590.58;Rp 689,830,417.93;Rp 677,063,060.10;Rp 681,418,443.71;Rp 299,688,652,288,737;Rp 13,347,637,657,235,240
Jan 06, 2024;Rp 684,921,795.87;Rp 685,676,447.79;Rp 674,010,566.41;Rp 681,979,872.21;Rp 249,487,713,621,016;Rp 13,361,128,012,963,984
Jan 05, 2024;Rp 685,768,966.22;Rp 687,624,514.29;Rp 663,830,574.68;Rp 684,669,665.25;Rp 501,777,568,961,917;Rp 13,425,559,439,709,804
Jan 04, 2024;Rp 666,918,458.02;Rp 694,483,795.75;Rp 663,039,911.00;Rp 685,586,233.93;Rp 473,830,544,408,012;Rp 13,468,562,643,496,846
Jan 03, 2024;Rp 697,132,219.03;Rp 706,079,768.16;Rp 632,791,410.65;Rp 666,803,309.34;Rp 718,540,360,237,920;Rp 13,014,106,440,027,584
Jan 02, 2024;Rp 680,040,069.81;Rp 709,699,591.68;Rp 679,883,267.31;Rp 697,075,129.45;Rp 605,369,875,105,299;Rp 13,552,920,895,985,436
Jan 01, 2024;Rp 650,994,265.10;Rp 679,859,960.85;Rp 649,688,492.25;Rp 679,735,211.99;Rp 283,722,576,550,149;Rp 13,320,149,676,204,268
Dec 31, 2023;Rp 648,725,010.39;Rp 659,634,112.53;Rp 646,357,349.58;Rp 650,762,544.13;Rp 252,359,146,421,445;Rp 12,740,097,293,165,266
Dec 30, 2023;Rp 647,796,282.34;Rp 655,373,921.21;Rp 639,554,473.62;Rp 648,798,924.37;Rp 246,455,921,671,985;Rp 12,706,787,271,999,038
Dec 29, 2023;Rp 658,857,127.99;Rp 664,955,789.34;Rp 637,520,435.65;Rp 647,914,019.14;Rp 401,981,517,042,725;Rp 12,747,197,378,534,546
Dec 28, 2023;Rp 668,527,510.33;Rp 673,717,538.22;Rp 653,534,457.20;Rp 659,061,359.78;Rp 353,611,315,506,692;Rp 12,838,838,148,448,714
Dec 27, 2023;Rp 655,045,194.83;Rp 671,844,516.40;Rp 649,242,942.01;Rp 668,196,026.96;Rp 389,173,425,398,492;Rp 13,106,317,841,422,460
Dec 26, 2023;Rp 674,385,218.56;Rp 674,436,692.44;Rp 642,151,357.41;Rp 655,089,502.53;Rp 464,443,468,980,557;Rp 12,878,639,254,758,766
Dec 25, 2023;Rp 665,522,183.48;Rp 676,914,680.22;Rp 661,458,182.24;Rp 674,590,852.54;Rp 326,734,318,714,160;Rp 13,214,053,782,496,998
Dec 24, 2023;Rp 676,340,077.47;Rp 679,698,790.12;Rp 662,061,466.80;Rp 665,607,979.16;Rp 291,249,355,428,616;Rp 13,027,015,481,191,172
Dec 23, 2023;Rp 680,730,074.37;Rp 680,784,208.49;Rp 670,508,915.90;Rp 676,512,937.26;Rp 208,923,063,184,017;Rp 13,245,374,411,820,828
Dec 22, 2023;Rp 677,566,305.20;Rp 687,128,120.30;Rp 671,129,615.66;Rp 680,508,941.38;Rp 324,789,934,532,956;Rp 13,304,273,352,868,086
Dec 21, 2023;Rp 681,172,637.66;Rp 683,247,205.50;Rp 673,138,867.41;Rp 677,611,772.46;Rp 350,397,868,821,543;Rp 13,402,741,579,442,138
Dec 20, 2023;Rp 653,443,129.32;Rp 686,456,116.66;Rp 653,443,129.32;Rp 681,228,262.22;Rp 430,908,337,135,800;Rp 13,212,756,570,151,950
Dec 19, 2023;Rp 658,885,325.16;Rp 672,728,620.28;Rp 647,868,475.76;Rp 653,585,339.07;Rp 358,032,176,558,372;Rp 12,785,493,700,931,482
Dec 18, 2023;Rp 642,124,233.18;Rp 661,632,132.06;Rp 627,650,096.75;Rp 658,607,628.30;Rp 391,730,549,043,724;Rp 12,956,597,225,927,200
Dec 17, 2023;Rp 655,878,191.07;Rp 657,794,261.31;Rp 640,980,339.34;Rp 642,379,911.13;Rp 259,001,075,156,701;Rp 12,572,600,119,008,012
Dec 16, 2023;Rp 651,244,888.83;Rp 662,537,533.27;Rp 647,911,970.55;Rp 655,940,473.21;Rp 223,409,365,793,679;Rp 12,838,054,478,780,386
Dec 15, 2023;Rp 665,885,596.41;Rp 666,781,797.38;Rp 647,450,266.30;Rp 651,120,928.62;Rp 303,931,060,334,538;Rp 12,699,401,037,406,326
Dec 14, 2023;Rp 658,702,274.91;Rp 669,704,145.72;Rp 647,138,738.52;Rp 665,797,869.02;Rp 392,886,223,513,043;Rp 12,932,865,544,535,814
Dec 13, 2023;Rp 645,930,335.94;Rp 670,329,086.31;Rp 635,194,595.33;Rp 658,621,636.52;Rp 417,415,168,127,563;Rp 13,073,816,295,420,564
Dec 12, 2023;Rp 645,566,685.51;Rp 656,955,975.82;Rp 633,591,799.55;Rp 645,635,445.98;Rp 387,907,953,641,062;Rp 12,697,370,739,596,098
Dec 11, 2023;Rp 682,001,216.56;Rp 682,255,926.55;Rp 629,283,691.23;Rp 645,593,272.86;Rp 632,798,695,223,875;Rp 12,568,375,346,197,510
Dec 10, 2023;Rp 680,982,115.98;Rp 685,751,214.68;Rp 678,906,203.37;Rp 681,809,340.40;Rp 202,456,497,142,498;Rp 13,339,957,135,764,910
Dec 09, 2023;Rp 688,015,466.19;Rp 690,837,860.76;Rp 679,412,570.94;Rp 680,944,777.10;Rp 270,475,137,014,992;Rp 13,322,990,989,154,476
Dec 08, 2023;Rp 671,375,063.91;Rp 696,219,137.29;Rp 669,645,269.80;Rp 687,806,471.78;Rp 378,714,287,985,205;Rp 13,400,130,640,364,556
Dec 07, 2023;Rp 679,020,291.11;Rp 683,994,229.88;Rp 665,828,301.79;Rp 671,323,832.59;Rp 428,732,346,182,034;Rp 13,139,509,660,073,046
Dec 06, 2023;Rp 681,659,130.63;Rp 686,803,505.92;Rp 674,614,696.10;Rp 678,682,353.22;Rp 462,528,377,119,276;Rp 13,234,318,115,900,334
Dec 05, 2023;Rp 650,143,411.97;Rp 686,649,010.00;Rp 642,335,011.69;Rp 681,643,827.85;Rp 562,281,698,842,767;Rp 13,352,585,719,012,938
Dec 04, 2023;Rp 618,317,682.85;Rp 656,014,603.16;Rp 618,317,682.85;Rp 650,047,951.04;Rp 616,423,090,922,099;Rp 12,700,543,578,252,074
Dec 03, 2023;Rp 611,220,652.60;Rp 620,745,509.77;Rp 608,525,641.62;Rp 618,314,019.97;Rp 244,191,158,654,781;Rp 12,108,925,749,683,690
Dec 02, 2023;Rp 596,304,310.04;Rp 614,421,829.86;Rp 595,738,928.71;Rp 611,284,540.08;Rp 239,420,653,959,911;Rp 11,900,495,795,406,424
Dec 01, 2023;Rp 586,837,538.65;Rp 601,421,387.89;Rp 585,343,492.54;Rp 596,296,137.39;Rp 365,824,825,518,832;Rp 11,772,999,447,152,130
Nov 30, 2023;Rp 585,276,106.20;Rp 590,771,899.44;Rp 584,016,918.04;Rp 586,576,536.26;Rp 280,045,917,424,759;Rp 11,401,585,440,235,858
Nov 29, 2023;Rp 580,611,806.72;Rp 591,570,452.94;Rp 580,517,866.65;Rp 585,235,530.30;Rp 318,172,826,932,079;Rp 11,364,460,755,594,968
Nov 28, 2023;Rp 577,530,103.16;Rp 591,720,616.30;Rp 569,748,120.29;Rp 580,688,267.91;Rp 336,398,604,399,198;Rp 11,470,802,435,590,024
Nov 27, 2023;Rp 582,140,702.60;Rp 584,596,437.43;Rp 569,120,856.55;Rp 577,640,789.78;Rp 295,357,500,782,503;Rp 11,322,814,483,242,708
Nov 26, 2023;Rp 587,356,164.08;Rp 587,447,612.60;Rp 577,234,117.47;Rp 582,528,188.32;Rp 213,591,746,642,699;Rp 11,388,582,094,316,740
Nov 25, 2023;Rp 586,184,221.59;Rp 588,841,788.61;Rp 584,568,132.26;Rp 587,355,596.57;Rp 141,405,757,442,049;Rp 11,484,567,503,855,816
Nov 24, 2023;Rp 583,109,265.56;Rp 596,972,756.81;Rp 582,525,592.00;Rp 586,166,625.91;Rp 358,388,984,102,716;Rp 11,530,541,003,606,922
Nov 23, 2023;Rp 585,844,828.20;Rp 585,897,571.51;Rp 572,769,705.73;Rp 582,963,555.61;Rp 222,545,626,379,257;Rp 11,413,801,115,660,906
Nov 22, 2023;Rp 554,782,589.94;Rp 591,347,266.68;Rp 553,454,747.75;Rp 585,972,474.83;Rp 378,536,719,066,576;Rp 11,354,360,884,086,372
Nov 21, 2023;Rp 576,614,772.18;Rp 579,131,081.36;Rp 555,685,434.73;Rp 555,685,434.73;Rp 387,375,686,642,310;Rp 10,774,325,107,539,394
Nov 20, 2023;Rp 576,738,850.05;Rp 581,641,650.30;Rp 569,266,335.66;Rp 576,734,747.56;Rp 322,336,854,591,349;Rp 11,305,248,306,643,748
Nov 19, 2023;Rp 564,309,825.84;Rp 578,826,450.63;Rp 561,669,688.15;Rp 576,931,328.81;Rp 199,220,051,368,228;Rp 11,272,121,246,342,256
Nov 18, 2023;Rp 564,920,717.22;Rp 568,220,150.71;Rp 558,873,470.10;Rp 564,308,857.66;Rp 183,333,580,187,738;Rp 11,030,030,026,740,698
Nov 17, 2023;Rp 559,966,652.44;Rp 566,140,954.07;Rp 553,522,131.90;Rp 564,478,200.95;Rp 347,532,938,952,246;Rp 11,075,336,555,375,954
Nov 16, 2023;Rp 587,853,248.67;Rp 588,694,455.29;Rp 550,454,915.80;Rp 559,820,446.96;Rp 403,604,384,215,668;Rp 10,965,876,825,216,536
Nov 15, 2023;Rp 549,526,599.86;Rp 589,186,663.08;Rp 547,487,829.77;Rp 587,878,240.39;Rp 423,039,248,998,802;Rp 11,444,248,525,183,450
Nov 14, 2023;Rp 572,289,776.18;Rp 577,199,479.87;Rp 540,675,148.45;Rp 549,360,821.57;Rp 374,148,515,235,756;Rp 10,891,497,701,905,290
Nov 13, 2023;Rp 581,680,903.47;Rp 587,150,497.24;Rp 571,088,276.27;Rp 572,481,395.53;Rp 299,040,089,724,495;Rp 11,192,784,313,932,000
Nov 12, 2023;Rp 582,782,709.62;Rp 584,253,268.37;Rp 577,213,293.83;Rp 581,433,205.04;Rp 181,199,044,166,346;Rp 11,363,657,689,566,958
Nov 11, 2023;Rp 585,546,115.99;Rp 587,068,792.20;Rp 577,127,760.03;Rp 582,846,422.07;Rp 218,528,223,195,188;Rp 11,388,676,872,758,644
Nov 10, 2023;Rp 576,768,961.36;Rp 588,429,592.28;Rp 570,305,992.95;Rp 585,607,305.95;Rp 356,903,245,749,221;Rp 11,457,189,316,112,534
Nov 09, 2023;Rp 556,775,972.39;Rp 593,187,145.88;Rp 556,047,641.69;Rp 576,584,577.16;Rp 590,042,216,936,732;Rp 11,201,609,281,299,438
Nov 08, 2023;Rp 554,366,260.20;Rp 562,292,177.03;Rp 549,358,154.38;Rp 557,034,576.98;Rp 270,698,053,386,709;Rp 10,902,729,025,010,716
Nov 07, 2023;Rp 545,918,162.83;Rp 561,510,996.13;Rp 538,093,155.84;Rp 554,727,178.90;Rp 293,377,253,889,085;Rp 10,785,492,814,858,160
Nov 06, 2023;Rp 547,663,134.77;Rp 547,663,134.77;Rp 541,056,836.17;Rp 545,747,801.81;Rp 198,366,924,057,303;Rp 10,696,419,404,766,492
Nov 05, 2023;Rp 547,021,722.01;Rp 552,281,845.00;Rp 539,293,106.97;Rp 547,734,490.10;Rp 193,503,507,428,321;Rp 10,673,352,973,007,854
Nov 04, 2023;Rp 541,508,019.30;Rp 549,609,820.10;Rp 539,643,094.10;Rp 546,899,880.71;Rp 149,051,972,410,854;Rp 10,682,779,675,194,812
Nov 03, 2023;Rp 553,923,680.24;Rp 553,923,680.24;Rp 536,596,448.08;Rp 541,445,696.78;Rp 272,003,504,867,019;Rp 10,754,337,457,190,328
Nov 02, 2023;Rp 563,807,482.03;Rp 569,083,815.79;Rp 545,882,523.10;Rp 553,841,018.48;Rp 334,040,405,919,674;Rp 10,855,583,602,832,132
Nov 01, 2023;Rp 551,709,165.86;Rp 564,904,770.21;Rp 544,285,373.26;Rp 563,742,404.75;Rp 357,322,204,026,506;Rp 11,017,694,042,943,576
Oct 31, 2023;Rp 546,794,430.16;Rp 552,695,805.18;Rp 541,257,802.13;Rp 551,876,379.61;Rp 249,754,066,452,120;Rp 10,730,580,695,838,912
Oct 30, 2023;Rp 549,570,716.29;Rp 552,641,152.55;Rp 541,567,994.78;Rp 546,868,967.55;Rp 273,496,082,644,935;Rp 10,723,230,236,800,004
Oct 29, 2023;Rp 542,385,766.92;Rp 552,789,625.31;Rp 540,129,557.09;Rp 549,677,994.37;Rp 177,568,566,847,810;Rp 10,731,063,963,881,584
Oct 28, 2023;Rp 539,495,618.73;Rp 547,318,358.20;Rp 538,971,856.46;Rp 542,389,014.82;Rp 161,657,975,654,479;Rp 10,591,125,068,964,552
Oct 27, 2023;Rp 544,022,671.87;Rp 545,806,203.30;Rp 531,295,062.34;Rp 539,528,643.46;Rp 261,495,818,656,784;Rp 10,545,751,369,686,808
Oct 26, 2023;Rp 547,955,112.61;Rp 554,886,681.79;Rp 537,908,913.54;Rp 544,019,344.23;Rp 308,519,080,530,983;Rp 10,590,959,186,034,122
Oct 25, 2023;Rp 538,389,574.43;Rp 557,892,269.21;Rp 535,274,092.95;Rp 547,931,822.96;Rp 400,891,728,501,711;Rp 10,693,324,902,308,480
Oct 24, 2023;Rp 526,070,953.02;Rp 557,044,050.80;Rp 522,961,529.45;Rp 537,987,392.84;Rp 714,659,154,940,823;Rp 10,526,407,083,104,712
Oct 23, 2023;Rp 478,491,501.15;Rp 546,520,613.47;Rp 478,009,187.24;Rp 526,175,516.19;Rp 609,032,057,104,829;Rp 10,254,101,067,214,482
Oct 22, 2023;Rp 475,070,843.63;Rp 479,529,248.51;Rp 471,921,427.18;Rp 476,161,196.68;Rp 165,877,680,078,047;Rp 9,297,284,299,477,520
Oct 21, 2023;Rp 471,334,999.02;Rp 480,927,349.22;Rp 468,133,374.55;Rp 475,066,979.26;Rp 183,258,987,851,760;Rp 9,273,431,902,738,670
Oct 20, 2023;Rp 455,820,231.96;Rp 477,462,053.48;Rp 453,212,812.23;Rp 471,328,130.77;Rp 341,651,271,466,303;Rp 9,191,534,215,600,878
Oct 19, 2023;Rp 448,308,521.08;Rp 456,386,267.56;Rp 445,191,069.70;Rp 455,581,534.46;Rp 228,614,028,560,533;Rp 8,869,967,472,124,323
Oct 18, 2023;Rp 447,068,438.48;Rp 454,216,119.96;Rp 444,884,193.10;Rp 448,268,225.47;Rp 200,205,892,618,457;Rp 8,699,541,488,487,177
Oct 17, 2023;Rp 447,266,530.06;Rp 449,834,287.43;Rp 441,608,355.07;Rp 447,099,145.47;Rp 233,222,104,937,364;Rp 8,696,623,688,857,879
Oct 16, 2023;Rp 426,002,605.01;Rp 462,293,083.09;Rp 425,487,215.57;Rp 447,233,126.57;Rp 436,530,066,727,718;Rp 8,729,032,934,255,616
Oct 15, 2023;Rp 421,751,358.14;Rp 428,528,173.29;Rp 421,121,389.66;Rp 425,955,942.01;Rp 111,463,065,691,954;Rp 8,322,857,605,066,132
Oct 14, 2023;Rp 421,879,989.57;Rp 423,494,194.74;Rp 421,069,453.18;Rp 421,809,372.51;Rp 84,609,597,826,610;Rp 8,231,106,264,179,424
Oct 13, 2023;Rp 421,340,446.47;Rp 425,436,973.10;Rp 419,340,746.74;Rp 421,819,881.64;Rp 238,843,810,204,811;Rp 8,255,213,202,344,262
Oct 12, 2023;Rp 421,902,641.04;Rp 422,694,258.68;Rp 417,510,748.11;Rp 421,237,632.32;Rp 147,465,861,874,685;Rp 8,196,467,970,653,262
Oct 11, 2023;Rp 430,824,347.31;Rp 431,403,873.48;Rp 417,295,136.71;Rp 421,897,674.60;Rp 214,658,116,111,941;Rp 8,246,618,031,028,280
Oct 10, 2023;Rp 433,376,688.76;Rp 436,347,479.96;Rp 429,229,584.54;Rp 430,807,738.03;Rp 156,663,387,128,620;Rp 8,394,437,492,295,256
Oct 09, 2023;Rp 436,062,260.23;Rp 438,367,042.96;Rp 428,891,865.43;Rp 433,290,693.64;Rp 187,441,919,987,962;Rp 8,400,275,988,325,967
Oct 08, 2023;Rp 437,705,014.78;Rp 439,746,977.61;Rp 434,090,056.11;Rp 436,071,898.25;Rp 123,884,452,066,041;Rp 8,527,577,204,407,766
Oct 07, 2023;Rp 437,315,431.02;Rp 438,587,789.20;Rp 436,120,566.84;Rp 437,660,585.98;Rp 102,543,020,422,575;Rp 8,537,472,185,726,494
Oct 06, 2023;Rp 428,512,397.18;Rp 442,099,945.78;Rp 427,213,012.60;Rp 437,312,538.41;Rp 210,916,067,658,489;Rp 8,521,541,122,166,037
Oct 05, 2023;Rp 433,716,265.45;Rp 438,891,789.44;Rp 427,712,290.28;Rp 428,760,189.08;Rp 185,309,669,278,222;Rp 8,343,162,466,502,192
Oct 04, 2023;Rp 428,678,322.23;Rp 434,289,926.73;Rp 425,574,547.41;Rp 433,754,802.53;Rp 174,155,156,914,639;Rp 8,473,882,340,182,411
Oct 03, 2023;Rp 427,539,691.95;Rp 431,251,976.78;Rp 424,850,854.50;Rp 428,715,317.89;Rp 177,302,919,694,564;Rp 8,314,711,000,078,962
Oct 02, 2023;Rp 432,394,773.93;Rp 443,487,452.24;Rp 424,910,839.75;Rp 427,883,458.78;Rp 305,910,893,566,076;Rp 8,298,239,994,526,888
Oct 01, 2023;Rp 417,815,327.04;Rp 434,388,358.84;Rp 417,779,643.68;Rp 432,502,208.50;Rp 147,247,519,190,195;Rp 8,455,020,356,209,032
Sep 30, 2023;Rp 416,952,219.65;Rp 419,742,669.95;Rp 416,600,189.34;Rp 417,823,366.04;Rp 82,597,726,121,028;Rp 8,147,730,288,030,528
Sep 29, 2023;Rp 418,372,929.79;Rp 421,124,347.30;Rp 413,580,599.54;Rp 416,952,721.92;Rp 160,947,737,428,219;Rp 8,123,935,897,891,993
Sep 28, 2023;Rp 410,518,133.84;Rp 422,669,149.67;Rp 409,948,998.33;Rp 418,232,523.91;Rp 219,294,546,161,776;Rp 8,206,740,243,386,548
Sep 27, 2023;Rp 406,248,549.16;Rp 415,677,911.38;Rp 406,248,549.16;Rp 410,469,929.62;Rp 181,635,497,756,956;Rp 7,964,212,960,719,579
Sep 26, 2023;Rp 405,275,876.50;Rp 407,728,659.76;Rp 404,205,724.44;Rp 406,412,930.17;Rp 153,904,493,660,862;Rp 7,878,270,926,241,070
Sep 25, 2023;Rp 403,653,856.47;Rp 406,967,851.02;Rp 399,926,345.32;Rp 405,312,166.84;Rp 184,467,628,292,947;Rp 7,882,990,107,678,790
Sep 24, 2023;Rp 408,180,775.26;Rp 410,279,845.60;Rp 402,739,172.99;Rp 403,700,757.95;Rp 125,818,278,693,902;Rp 7,860,920,317,991,739
Sep 23, 2023;Rp 408,168,212.29;Rp 409,022,525.87;Rp 407,276,949.05;Rp 408,181,017.21;Rp 113,714,352,753,908;Rp 7,957,103,607,546,730
Sep 22, 2023;Rp 409,301,612.35;Rp 410,898,086.09;Rp 408,183,764.53;Rp 408,183,764.53;Rp 162,998,378,601,100;Rp 7,983,213,588,147,857
Sep 21, 2023;Rp 416,931,381.43;Rp 417,069,136.57;Rp 406,497,238.89;Rp 409,358,388.92;Rp 205,492,346,892,754;Rp 7,958,538,114,366,747
Sep 20, 2023;Rp 418,817,071.22;Rp 421,275,221.64;Rp 413,008,054.19;Rp 416,964,688.79;Rp 204,421,596,836,189;Rp 8,139,881,919,292,458
Sep 19, 2023;Rp 411,635,416.24;Rp 422,866,525.77;Rp 410,400,451.06;Rp 418,829,750.46;Rp 212,389,899,179,313;Rp 8,157,973,877,159,406
Sep 18, 2023;Rp 407,373,152.58;Rp 421,443,878.25;Rp 405,383,624.54;Rp 411,420,930.75;Rp 239,749,421,173,272;Rp 8,005,781,343,609,950
Sep 17, 2023;Rp 408,269,343.20;Rp 409,038,769.57;Rp 406,381,469.48;Rp 407,391,465.00;Rp 104,099,295,368,635;Rp 7,946,534,177,456,187
Sep 16, 2023;Rp 408,857,454.72;Rp 411,140,553.43;Rp 406,824,279.59;Rp 408,274,778.57;Rp 113,747,016,786,426;Rp 7,956,343,751,372,595
Sep 15, 2023;Rp 408,663,300.75;Rp 412,457,931.64;Rp 403,308,456.11;Rp 408,895,790.97;Rp 176,806,314,526,514;Rp 7,985,996,372,609,453
Sep 14, 2023;Rp 402,898,939.24;Rp 412,077,518.24;Rp 401,778,289.48;Rp 408,753,510.68;Rp 212,159,638,168,364;Rp 7,943,925,546,492,788
Sep 13, 2023;Rp 396,800,232.39;Rp 404,803,445.06;Rp 395,936,185.77;Rp 402,893,107.51;Rp 200,754,414,519,779;Rp 7,848,410,195,315,675
Sep 12, 2023;Rp 386,311,635.83;Rp 406,174,806.01;Rp 385,880,727.03;Rp 396,756,583.12;Rp 286,460,080,544,868;Rp 7,727,995,501,653,901
Sep 11, 2023;Rp 395,879,741.94;Rp 397,261,924.12;Rp 382,593,866.72;Rp 386,278,888.17;Rp 223,750,017,382,763;Rp 7,513,062,862,861,526
Sep 10, 2023;Rp 398,312,351.25;Rp 399,382,593.57;Rp 394,390,813.54;Rp 395,887,569.30;Rp 121,508,555,117,960;Rp 7,740,970,043,930,211
Sep 09, 2023;Rp 398,469,474.40;Rp 398,724,061.75;Rp 397,009,292.35;Rp 398,319,553.72;Rp 84,311,929,594,930;Rp 7,759,613,436,066,491
Sep 08, 2023;Rp 403,152,506.18;Rp 404,970,769.28;Rp 394,317,761.97;Rp 398,472,994.34;Rp 166,165,355,143,934;Rp 7,751,780,130,627,697
Sep 07, 2023;Rp 395,247,284.54;Rp 405,673,123.52;Rp 392,432,847.16;Rp 403,075,454.86;Rp 170,210,119,791,668;Rp 7,846,135,164,305,612
Sep 06, 2023;Rp 395,007,586.40;Rp 398,171,243.87;Rp 389,725,788.19;Rp 395,322,873.81;Rp 195,370,341,360,197;Rp 7,684,882,135,970,722
Sep 05, 2023;Rp 393,275,715.04;Rp 395,318,071.59;Rp 390,284,177.02;Rp 394,961,922.99;Rp 169,021,845,969,386;Rp 7,649,602,631,488,419
Sep 04, 2023;Rp 395,601,230.11;Rp 397,462,956.29;Rp 390,879,861.21;Rp 393,234,287.29;Rp 162,709,669,743,319;Rp 7,658,740,602,139,828
Sep 03, 2023;Rp 394,709,597.78;Rp 397,182,063.48;Rp 393,069,472.55;Rp 395,622,515.46;Rp 136,747,837,032,004;Rp 7,716,966,736,708,720
Sep 02, 2023;Rp 393,663,478.79;Rp 396,247,756.08;Rp 392,933,918.50;Rp 394,699,304.11;Rp 154,109,050,034,702;Rp 7,686,640,670,259,710
Sep 01, 2023;Rp 395,179,947.06;Rp 398,103,321.94;Rp 386,926,046.82;Rp 393,660,652.51;Rp 262,135,448,752,882;Rp 7,656,066,303,553,901
Aug 31, 2023;Rp 415,613,968.49;Rp 418,088,878.38;Rp 392,091,233.82;Rp 395,130,008.03;Rp 307,212,944,693,474;Rp 7,686,907,805,894,996
Aug 30, 2023;Rp 421,479,452.77;Rp 421,803,129.99;Rp 411,786,886.51;Rp 415,558,554.19;Rp 248,448,892,255,048;Rp 8,080,063,738,559,844
Aug 29, 2023;Rp 398,357,481.59;Rp 426,855,411.92;Rp 395,386,047.22;Rp 421,517,374.01;Rp 448,199,402,770,877;Rp 8,239,300,543,784,102
Aug 28, 2023;Rp 399,043,276.11;Rp 400,707,266.81;Rp 395,881,604.47;Rp 398,258,600.98;Rp 168,289,008,210,517;Rp 7,774,323,824,245,813
Aug 27, 2023;Rp 397,874,083.09;Rp 400,277,867.58;Rp 397,214,062.17;Rp 399,044,477.52;Rp 105,766,832,220,358;Rp 7,770,611,912,373,981
Aug 26, 2023;Rp 398,470,604.72;Rp 399,390,764.90;Rp 397,501,369.86;Rp 397,877,461.79;Rp 92,320,635,310,073;Rp 7,746,124,314,396,189
Aug 25, 2023;Rp 398,891,466.11;Rp 401,546,111.04;Rp 394,489,235.71;Rp 398,477,238.11;Rp 189,142,563,866,990;Rp 7,731,096,525,713,650
Aug 24, 2023;Rp 404,430,007.44;Rp 404,856,155.09;Rp 395,101,932.01;Rp 398,871,531.07;Rp 196,947,955,053,670;Rp 7,792,849,204,180,715
Aug 23, 2023;Rp 399,044,218.21;Rp 409,867,659.59;Rp 394,821,633.27;Rp 404,431,844.94;Rp 260,282,212,875,117;Rp 7,884,501,170,601,049
Aug 22, 2023;Rp 400,445,874.11;Rp 400,518,822.55;Rp 391,079,643.36;Rp 398,909,103.86;Rp 222,266,701,172,599;Rp 7,765,167,474,752,299
Aug 21, 2023;Rp 400,305,247.46;Rp 401,824,590.82;Rp 396,091,298.16;Rp 400,344,627.45;Rp 204,389,935,429,603;Rp 7,772,441,511,818,747
Aug 20, 2023;Rp 399,830,010.83;Rp 402,339,892.61;Rp 398,412,114.70;Rp 400,318,912.90;Rp 138,449,448,609,314;Rp 7,809,633,636,437,358
Aug 19, 2023;Rp 399,078,849.07;Rp 402,167,798.69;Rp 395,318,691.26;Rp 399,819,949.92;Rp 162,884,350,642,933;Rp 7,781,378,228,188,400
Aug 18, 2023;Rp 409,415,577.36;Rp 412,061,144.65;Rp 393,045,637.68;Rp 399,105,261.27;Rp 369,300,441,005,465;Rp 7,792,303,185,973,280
Aug 17, 2023;Rp 441,072,919.92;Rp 441,774,086.80;Rp 389,759,256.09;Rp 409,853,206.08;Rp 478,280,801,816,878;Rp 7,974,780,763,328,467
Aug 16, 2023;Rp 446,798,875.87;Rp 447,980,092.74;Rp 441,104,280.62;Rp 441,104,280.62;Rp 228,986,284,488,158;Rp 8,555,197,982,064,536
Aug 15, 2023;Rp 451,528,939.66;Rp 451,528,939.66;Rp 445,432,723.28;Rp 446,840,577.16;Rp 194,076,603,885,640;Rp 8,715,050,668,507,704
Aug 14, 2023;Rp 448,726,843.10;Rp 453,749,306.76;Rp 445,966,710.49;Rp 450,900,876.30;Rp 214,741,139,545,452;Rp 8,768,386,465,475,688
Aug 13, 2023;Rp 450,766,642.86;Rp 451,147,276.62;Rp 448,456,037.71;Rp 448,721,501.83;Rp 112,320,045,932,065;Rp 8,730,409,876,586,825
Aug 12, 2023;Rp 450,509,100.81;Rp 451,510,144.34;Rp 449,862,467.32;Rp 450,757,003.08;Rp 94,919,554,653,229;Rp 8,769,702,873,412,794
Aug 11, 2023;Rp 449,129,682.46;Rp 451,103,782.96;Rp 447,972,854.24;Rp 450,477,363.32;Rp 155,614,879,035,592;Rp 8,729,509,108,254,727
Aug 10, 2023;Rp 449,788,553.43;Rp 450,070,826.49;Rp 446,745,171.07;Rp 449,179,292.53;Rp 180,520,273,052,042;Rp 8,710,203,644,599,529
Aug 09, 2023;Rp 452,798,179.82;Rp 457,204,306.84;Rp 446,556,440.76;Rp 449,744,976.86;Rp 279,581,377,256,808;Rp 8,747,446,232,489,546
Aug 08, 2023;Rp 444,682,444.86;Rp 458,341,778.51;Rp 443,262,747.37;Rp 452,784,372.52;Rp 267,762,684,420,320;Rp 8,823,395,506,611,487
Aug 07, 2023;Rp 440,512,875.86;Rp 445,657,390.68;Rp 436,708,124.42;Rp 444,279,247.53;Rp 206,586,903,804,005;Rp 8,610,299,193,870,228
Aug 06, 2023;Rp 440,096,311.74;Rp 441,869,217.03;Rp 438,886,090.66;Rp 440,563,593.94;Rp 110,158,658,398,237;Rp 8,559,337,180,548,068
Aug 05, 2023;Rp 440,576,461.33;Rp 440,986,751.80;Rp 438,794,611.50;Rp 440,072,433.35;Rp 99,984,385,508,269;Rp 8,558,971,396,624,223
Aug 04, 2023;Rp 442,503,944.78;Rp 443,465,289.53;Rp 437,692,239.10;Rp 440,556,804.55;Rp 182,566,359,284,997;Rp 8,576,263,274,294,440
Aug 03, 2023;Rp 444,036,650.02;Rp 445,094,644.89;Rp 439,971,377.61;Rp 442,569,621.72;Rp 194,602,010,670,758;Rp 8,640,302,727,749,379
Aug 02, 2023;Rp 449,694,121.70;Rp 453,685,351.91;Rp 439,713,413.21;Rp 443,906,460.71;Rp 290,862,361,134,053;Rp 8,582,339,492,277,436
Aug 01, 2023;Rp 441,691,732.54;Rp 449,021,805.77;Rp 433,817,241.82;Rp 449,021,805.77;Rp 276,104,132,001,417;Rp 8,719,579,297,812,448
Jul 31, 2023;Rp 441,946,528.60;Rp 445,630,541.96;Rp 439,496,036.77;Rp 441,608,887.32;Rp 175,955,293,117,097;Rp 8,579,292,271,858,596
Jul 30, 2023;Rp 443,500,385.25;Rp 444,800,741.18;Rp 439,004,649.69;Rp 441,901,152.39;Rp 131,106,231,858,620;Rp 8,599,214,913,177,600
Jul 29, 2023;Rp 442,931,639.31;Rp 444,100,893.92;Rp 442,096,522.70;Rp 443,497,739.91;Rp 97,920,801,347,012;Rp 8,622,743,392,424,565
Jul 28, 2023;Rp 441,171,166.32;Rp 445,064,568.52;Rp 440,473,058.46;Rp 442,928,608.31;Rp 169,424,888,462,859;Rp 8,608,585,489,832,766
Jul 27, 2023;Rp 440,943,626.00;Rp 443,669,569.35;Rp 438,586,767.26;Rp 440,821,432.94;Rp 161,795,291,654,042;Rp 8,530,536,949,825,199
Jul 26, 2023;Rp 439,474,483.53;Rp 445,445,733.63;Rp 437,527,326.95;Rp 440,961,262.27;Rp 202,965,836,907,616;Rp 8,581,172,253,829,532
Jul 25, 2023;Rp 438,585,570.05;Rp 441,133,093.10;Rp 436,018,289.84;Rp 439,251,986.99;Rp 154,318,620,260,008;Rp 8,539,870,277,216,762
Jul 24, 2023;Rp 452,528,964.72;Rp 452,705,462.36;Rp 435,031,974.99;Rp 438,555,535.67;Rp 231,604,669,622,671;Rp 8,531,813,802,133,421
Jul 23, 2023;Rp 448,143,076.05;Rp 456,274,439.16;Rp 447,412,204.94;Rp 452,572,253.40;Rp 138,701,869,040,712;Rp 8,796,793,975,356,153
Jul 22, 2023;Rp 449,926,996.86;Rp 451,174,375.91;Rp 446,247,753.84;Rp 447,867,650.08;Rp 118,440,816,547,502;Rp 8,704,923,597,392,194
Jul 21, 2023;Rp 448,741,399.85;Rp 451,620,141.55;Rp 447,268,862.70;Rp 449,927,702.54;Rp 165,204,718,592,668;Rp 8,751,860,692,842,138
Jul 20, 2023;Rp 449,008,207.85;Rp 452,397,916.25;Rp 445,813,146.66;Rp 448,548,598.57;Rp 219,965,008,255,848;Rp 8,690,467,344,711,107
Jul 19, 2023;Rp 447,642,194.56;Rp 453,345,272.00;Rp 446,631,081.77;Rp 448,697,676.28;Rp 181,811,861,112,946;Rp 8,714,613,460,015,275
Jul 18, 2023;Rp 451,732,753.88;Rp 452,566,733.71;Rp 442,543,968.54;Rp 447,578,246.46;Rp 196,877,178,335,645;Rp 8,693,979,821,892,133
Jul 17, 2023;Rp 452,470,110.60;Rp 454,957,277.12;Rp 444,265,196.77;Rp 451,715,053.88;Rp 198,044,589,411,279;Rp 8,762,286,078,662,757
Jul 16, 2023;Rp 454,552,974.07;Rp 456,654,723.66;Rp 451,435,324.76;Rp 452,462,724.30;Rp 127,774,016,738,187;Rp 8,818,434,364,355,897
Jul 15, 2023;Rp 455,067,729.50;Rp 456,207,939.98;Rp 454,042,741.64;Rp 454,527,999.67;Rp 120,199,051,340,356;Rp 8,831,612,210,384,038
Jul 14, 2023;Rp 471,002,862.03;Rp 471,902,051.66;Rp 448,874,591.03;Rp 455,102,037.32;Rp 313,025,551,728,026;Rp 8,819,682,748,819,346
Jul 13, 2023;Rp 453,843,326.76;Rp 475,479,058.92;Rp 452,885,993.73;Rp 471,048,241.47;Rp 353,756,411,734,385;Rp 9,133,404,774,997,298
Jul 12, 2023;Rp 464,260,922.72;Rp 468,806,393.51;Rp 451,254,563.61;Rp 453,899,235.13;Rp 224,467,174,268,181;Rp 8,951,649,268,048,633
Jul 11, 2023;Rp 461,922,671.01;Rp 466,628,587.91;Rp 460,121,869.57;Rp 463,667,661.54;Rp 184,538,023,833,581;Rp 9,033,736,475,575,908
Jul 10, 2023;Rp 456,666,644.15;Rp 471,062,825.15;Rp 453,828,948.80;Rp 461,940,141.26;Rp 224,428,396,876,981;Rp 8,942,421,424,875,300
Jul 09, 2023;Rp 459,272,311.39;Rp 461,334,001.33;Rp 456,113,966.54;Rp 456,648,642.55;Rp 119,827,883,475,986;Rp 8,885,965,684,545,160
Jul 08, 2023;Rp 460,110,922.04;Rp 460,528,094.28;Rp 456,066,355.98;Rp 459,286,421.51;Rp 113,854,947,029,978;Rp 8,921,210,682,944,130
Jul 07, 2023;Rp 454,492,832.89;Rp 461,341,118.46;Rp 452,506,447.91;Rp 460,040,315.51;Rp 203,399,837,118,078;Rp 8,955,774,234,684,258
Jul 06, 2023;Rp 460,320,425.24;Rp 473,643,453.48;Rp 453,940,791.80;Rp 454,513,178.67;Rp 318,817,423,295,861;Rp 8,765,084,746,312,085
Jul 05, 2023;Rp 462,296,454.94;Rp 463,516,326.43;Rp 455,007,602.32;Rp 460,325,037.15;Rp 187,473,966,634,567;Rp 8,901,080,736,835,671
Jul 04, 2023;Rp 469,300,927.75;Rp 471,350,256.82;Rp 460,307,120.61;Rp 462,279,274.29;Rp 192,963,370,393,469;Rp 9,002,901,429,918,785
Jul 03, 2023;Rp 459,145,820.81;Rp 472,031,688.46;Rp 458,583,595.93;Rp 469,301,853.51;Rp 228,967,603,734,784;Rp 9,071,083,080,141,086
Jul 02, 2023;Rp 460,041,716.30;Rp 462,718,393.92;Rp 455,179,920.66;Rp 459,089,657.24;Rp 158,425,767,372,665;Rp 8,942,991,796,948,036
Jul 01, 2023;Rp 458,305,728.89;Rp 460,854,183.80;Rp 456,155,224.47;Rp 460,083,966.25;Rp 136,665,291,242,261;Rp 8,933,553,891,478,582
Jun 30, 2023;Rp 458,765,886.63;Rp 470,747,794.59;Rp 445,457,202.71;Rp 458,387,002.45;Rp 397,669,434,119,535;Rp 8,918,082,882,385,567
Jun 29, 2023;Rp 451,074,752.53;Rp 462,749,061.26;Rp 450,497,548.54;Rp 458,850,917.44;Rp 197,617,384,644,953;Rp 8,862,334,639,054,551
Jun 28, 2023;Rp 460,080,231.48;Rp 460,180,928.24;Rp 448,501,687.79;Rp 450,932,847.73;Rp 218,397,733,390,911;Rp 8,754,624,008,147,774
Jun 27, 2023;Rp 455,801,210.72;Rp 463,681,565.71;Rp 455,238,625.24;Rp 459,954,199.85;Rp 247,347,566,306,097;Rp 8,969,791,729,941,292
Jun 26, 2023;Rp 457,036,480.90;Rp 461,041,796.71;Rp 450,774,060.58;Rp 455,469,240.06;Rp 247,305,070,960,156;Rp 8,811,452,487,570,448
Jun 25, 2023;Rp 459,560,948.80;Rp 467,025,250.63;Rp 456,292,997.56;Rp 457,032,546.87;Rp 191,127,428,638,937;Rp 8,902,057,271,454,927
Jun 24, 2023;Rp 462,022,182.66;Rp 463,457,668.46;Rp 455,724,340.77;Rp 459,614,278.24;Rp 182,767,633,789,890;Rp 8,921,607,226,020,957
Jun 23, 2023;Rp 446,756,881.33;Rp 472,656,310.30;Rp 446,756,881.33;Rp 461,822,545.87;Rp 360,371,243,892,172;Rp 8,903,397,568,685,999
Jun 22, 2023;Rp 448,439,239.69;Rp 454,349,043.30;Rp 444,172,069.48;Rp 446,983,588.49;Rp 308,764,749,325,364;Rp 8,679,642,961,998,494
Jun 21, 2023;Rp 425,319,579.65;Rp 459,619,894.51;Rp 424,900,436.45;Rp 448,906,892.61;Rp 500,966,923,857,811;Rp 8,755,158,291,707,900
Jun 20, 2023;Rp 403,003,240.77;Rp 426,321,012.51;Rp 400,435,730.14;Rp 425,397,756.66;Rp 333,490,925,761,868;Rp 8,254,324,110,858,405
Jun 19, 2023;Rp 393,310,510.70;Rp 404,809,658.60;Rp 392,982,143.02;Rp 403,168,436.12;Rp 191,566,499,279,656;Rp 7,782,362,738,245,682
Jun 18, 2023;Rp 396,634,885.95;Rp 399,110,526.06;Rp 393,167,852.14;Rp 393,322,019.84;Rp 143,116,669,385,008;Rp 7,646,493,479,186,222
Jun 17, 2023;Rp 393,915,221.00;Rp 400,508,957.38;Rp 391,608,348.10;Rp 396,638,160.13;Rp 165,926,622,584,207;Rp 7,696,803,161,207,494
Jun 16, 2023;Rp 381,425,216.00;Rp 395,852,194.29;Rp 377,634,166.08;Rp 393,897,012.25;Rp 243,462,881,464,106;Rp 7,618,910,160,388,741
Jun 15, 2023;Rp 374,702,111.33;Rp 383,531,754.65;Rp 371,298,808.99;Rp 381,193,700.62;Rp 236,222,370,719,761;Rp 7,402,029,286,714,700
Jun 14, 2023;Rp 385,566,784.13;Rp 387,243,409.24;Rp 371,182,396.31;Rp 374,732,040.23;Rp 212,204,172,636,388;Rp 7,251,268,537,942,334
Jun 13, 2023;Rp 385,351,914.99;Rp 392,242,731.61;Rp 382,228,462.93;Rp 385,532,208.12;Rp 210,409,119,060,850;Rp 7,480,985,852,728,370
Jun 12, 2023;Rp 384,866,120.25;Rp 387,342,725.45;Rp 382,193,102.96;Rp 385,351,490.57;Rp 173,300,482,835,542;Rp 7,457,477,357,133,624
Jun 11, 2023;Rp 384,939,388.54;Rp 390,141,705.14;Rp 382,184,243.27;Rp 384,953,416.60;Rp 159,797,287,750,493;Rp 7,492,580,986,891,726
Jun 10, 2023;Rp 394,285,638.45;Rp 395,019,404.90;Rp 379,695,564.72;Rp 384,897,834.74;Rp 295,887,108,610,983;Rp 7,466,471,824,008,309
Jun 09, 2023;Rp 393,383,701.61;Rp 397,649,472.82;Rp 391,456,977.70;Rp 394,264,980.76;Rp 163,485,659,966,678;Rp 7,623,364,151,006,480
Jun 08, 2023;Rp 392,519,985.09;Rp 397,746,103.15;Rp 390,870,707.58;Rp 393,435,870.00;Rp 177,354,748,615,211;Rp 7,659,967,073,043,467
Jun 07, 2023;Rp 405,234,530.99;Rp 406,484,195.16;Rp 389,301,209.92;Rp 392,495,335.29;Rp 290,584,171,809,719;Rp 7,603,030,462,980,309
Jun 06, 2023;Rp 382,257,322.16;Rp 406,212,546.47;Rp 377,682,342.04;Rp 405,061,143.09;Rp 325,771,091,655,048;Rp 7,847,912,353,102,508
Jun 05, 2023;Rp 406,578,935.75;Rp 406,678,438.93;Rp 377,869,643.28;Rp 382,666,240.92;Rp 322,487,046,666,255;Rp 7,488,880,771,047,684
Jun 04, 2023;Rp 403,470,761.61;Rp 408,419,125.15;Rp 401,877,779.31;Rp 406,518,334.09;Rp 139,495,379,269,217;Rp 7,837,210,716,772,526
Jun 03, 2023;Rp 406,111,397.06;Rp 407,075,975.01;Rp 401,725,475.92;Rp 403,470,870.77;Rp 124,961,334,935,526;Rp 7,824,147,473,053,344
Jun 02, 2023;Rp 400,061,442.83;Rp 406,879,416.46;Rp 396,337,516.75;Rp 406,070,649.55;Rp 221,285,207,317,052;Rp 7,880,623,765,490,499
Jun 01, 2023;Rp 408,040,420.90;Rp 409,945,467.30;Rp 399,271,664.94;Rp 399,996,380.64;Rp 220,057,407,598,733;Rp 7,796,169,890,994,308
May 31, 2023;Rp 415,136,553.27;Rp 416,730,669.69;Rp 403,423,414.70;Rp 408,039,822.24;Rp 234,635,658,405,869;Rp 7,909,521,448,974,375
May 30, 2023;Rp 415,338,770.93;Rp 420,048,939.11;Rp 413,281,774.39;Rp 415,130,314.03;Rp 198,365,958,948,232;Rp 8,040,372,836,000,109
May 29, 2023;Rp 419,861,947.21;Rp 425,192,497.42;Rp 412,443,161.00;Rp 415,327,361.23;Rp 227,031,861,662,491;Rp 8,044,503,210,115,836
May 28, 2023;Rp 403,285,037.99;Rp 423,131,077.37;Rp 402,258,378.22;Rp 420,012,319.96;Rp 218,296,260,017,350;Rp 8,171,664,470,403,975
May 27, 2023;Rp 401,019,171.16;Rp 403,551,050.49;Rp 399,532,752.30;Rp 403,242,940.92;Rp 118,444,152,434,444;Rp 7,817,091,032,252,480
May 26, 2023;Rp 396,501,037.90;Rp 403,074,349.77;Rp 394,190,485.21;Rp 401,005,791.00;Rp 190,380,580,103,017;Rp 7,757,191,402,676,390
May 25, 2023;Rp 393,656,824.67;Rp 397,960,772.55;Rp 386,672,144.93;Rp 396,531,367.05;Rp 207,090,789,773,957;Rp 7,673,061,295,453,415
May 24, 2023;Rp 405,759,891.70;Rp 405,759,891.70;Rp 389,741,420.42;Rp 393,732,386.64;Rp 242,924,485,508,999;Rp 7,607,690,615,208,156
May 23, 2023;Rp 399,946,138.16;Rp 407,768,267.42;Rp 399,177,412.30;Rp 405,718,094.56;Rp 203,982,406,933,359;Rp 7,858,435,309,869,883
May 22, 2023;Rp 399,247,186.73;Rp 402,417,390.77;Rp 395,999,525.82;Rp 399,841,408.85;Rp 165,024,378,953,074;Rp 7,767,096,622,007,857
May 21, 2023;Rp 405,040,769.34;Rp 407,243,751.13;Rp 398,889,400.24;Rp 399,305,879.04;Rp 129,157,819,133,396;Rp 7,744,158,603,523,425
May 20, 2023;Rp 401,611,735.02;Rp 405,589,455.22;Rp 400,931,190.97;Rp 405,207,500.31;Rp 105,222,796,081,830;Rp 7,852,543,702,650,417
May 19, 2023;Rp 400,316,003.82;Rp 405,273,160.08;Rp 398,691,729.14;Rp 401,630,955.44;Rp 168,009,557,545,180;Rp 7,775,743,923,616,337
May 18, 2023;Rp 407,634,090.78;Rp 408,512,548.13;Rp 393,758,031.00;Rp 400,419,055.58;Rp 226,460,402,506,854;Rp 7,734,702,420,983,545
May 17, 2023;Rp 402,608,400.99;Rp 407,871,333.72;Rp 395,828,374.27;Rp 407,591,720.52;Rp 225,462,843,807,126;Rp 7,905,941,062,108,559
May 16, 2023;Rp 402,152,877.12;Rp 403,770,367.81;Rp 397,142,055.33;Rp 402,629,802.37;Rp 188,443,910,884,436;Rp 7,753,205,654,492,275
May 15, 2023;Rp 397,242,693.57;Rp 409,004,221.01;Rp 397,097,912.38;Rp 402,174,788.57;Rp 212,597,721,893,052;Rp 7,771,047,010,664,911
May 14, 2023;Rp 397,667,589.42;Rp 403,041,317.43;Rp 395,773,149.80;Rp 397,231,678.34;Rp 148,665,073,080,025;Rp 7,744,976,303,812,036
May 13, 2023;Rp 397,946,587.19;Rp 401,252,652.78;Rp 396,508,230.62;Rp 397,594,914.99;Rp 148,432,202,932,004;Rp 7,702,394,767,613,271
May 12, 2023;Rp 398,776,547.67;Rp 399,368,408.75;Rp 384,128,225.59;Rp 397,905,343.76;Rp 285,382,651,658,612;Rp 7,672,629,265,396,487
May 11, 2023;Rp 405,956,132.54;Rp 405,962,992.94;Rp 395,125,499.62;Rp 398,972,780.45;Rp 245,803,143,737,008;Rp 7,687,039,533,044,502
May 10, 2023;Rp 408,624,913.04;Rp 415,559,570.41;Rp 394,994,025.02;Rp 405,989,005.41;Rp 305,213,425,796,279;Rp 7,905,546,446,101,776
May 09, 2023;Rp 408,757,323.44;Rp 410,645,966.45;Rp 403,860,280.00;Rp 408,686,054.59;Rp 208,526,873,767,200;Rp 7,906,709,833,591,549
May 08, 2023;Rp 417,504,731.25;Rp 420,625,778.89;Rp 402,503,581.37;Rp 408,567,104.10;Rp 280,624,759,653,618;Rp 7,871,200,835,156,431
May 07, 2023;Rp 424,125,534.62;Rp 427,880,747.87;Rp 417,371,345.55;Rp 417,571,073.19;Rp 165,845,131,492,945;Rp 8,087,037,155,223,854
May 06, 2023;Rp 433,476,848.12;Rp 437,604,394.15;Rp 417,776,402.95;Rp 424,169,575.53;Rp 233,532,811,262,052;Rp 8,214,475,634,743,513
May 05, 2023;Rp 424,533,644.02;Rp 435,379,175.08;Rp 424,007,370.70;Rp 433,411,178.61;Rp 263,926,704,437,983;Rp 8,415,713,966,807,599
May 04, 2023;Rp 426,397,319.48;Rp 431,360,123.62;Rp 421,977,407.33;Rp 424,352,891.76;Rp 228,371,234,629,001;Rp 8,204,690,570,346,315
May 03, 2023;Rp 423,266,314.73;Rp 429,543,115.45;Rp 413,415,227.15;Rp 426,002,587.93;Rp 282,216,547,205,562;Rp 8,288,986,047,932,787
May 02, 2023;Rp 412,231,909.45;Rp 426,113,038.84;Rp 410,621,516.23;Rp 423,266,965.85;Rp 241,183,951,849,625;Rp 8,150,449,058,937,602
May 01, 2023;Rp 428,765,841.69;Rp 430,270,164.33;Rp 406,217,016.01;Rp 412,299,955.35;Rp 273,680,349,278,504;Rp 7,979,101,862,915,848
Apr 30, 2023;Rp 429,135,534.12;Rp 439,502,588.54;Rp 427,206,046.28;Rp 429,377,631.63;Rp 214,999,778,617,510;Rp 8,314,932,700,099,247
Apr 29, 2023;Rp 430,471,583.19;Rp 432,172,074.63;Rp 426,824,843.60;Rp 429,179,156.54;Rp 156,458,698,005,405;Rp 8,308,758,257,837,365
Apr 28, 2023;Rp 433,163,020.23;Rp 434,580,074.78;Rp 423,933,264.33;Rp 430,525,808.75;Rp 257,779,922,994,738;Rp 8,345,492,130,261,834
Apr 27, 2023;Rp 422,073,283.98;Rp 438,651,473.12;Rp 421,693,547.57;Rp 433,087,834.61;Rp 403,143,258,164,277;Rp 8,470,876,361,200,244
Apr 26, 2023;Rp 422,831,185.61;Rp 447,899,360.16;Rp 405,565,984.84;Rp 421,991,839.96;Rp 475,934,230,007,408;Rp 8,220,244,648,209,364
Apr 25, 2023;Rp 411,439,519.34;Rp 423,697,818.26;Rp 406,459,778.26;Rp 422,943,823.07;Rp 265,173,336,690,889;Rp 8,193,373,342,947,221
Apr 24, 2023;Rp 409,607,621.55;Rp 418,167,807.88;Rp 404,170,490.10;Rp 411,473,608.88;Rp 262,810,702,779,573;Rp 7,909,081,063,208,089
Apr 23, 2023;Rp 415,461,938.63;Rp 415,523,171.72;Rp 409,251,085.97;Rp 409,602,501.55;Rp 190,963,433,886,435;Rp 7,976,125,901,447,755
Apr 22, 2023;Rp 407,243,407.97;Rp 416,298,330.36;Rp 405,804,714.26;Rp 415,482,193.71;Rp 196,045,972,024,316;Rp 8,041,112,331,128,233
Apr 21, 2023;Rp 422,425,352.94;Rp 423,830,522.26;Rp 405,921,128.12;Rp 407,407,923.10;Rp 310,427,595,691,352;Rp 7,893,712,928,564,700
Apr 20, 2023;Rp 432,725,517.85;Rp 435,212,663.29;Rp 418,901,856.98;Rp 422,246,502.54;Rp 320,379,548,024,808;Rp 8,206,200,565,454,709
Apr 19, 2023;Rp 452,897,051.02;Rp 452,914,040.40;Rp 430,023,431.93;Rp 432,711,499.31;Rp 366,135,445,135,547;Rp 8,310,879,743,671,665
Apr 18, 2023;Rp 437,833,008.92;Rp 453,235,306.76;Rp 432,450,965.25;Rp 452,952,594.83;Rp 289,625,871,320,433;Rp 8,745,002,877,390,949
Apr 17, 2023;Rp 445,669,342.99;Rp 445,699,491.40;Rp 435,440,586.75;Rp 437,759,482.61;Rp 262,725,449,534,621;Rp 8,375,254,269,760,434
Apr 16, 2023;Rp 448,135,634.17;Rp 451,676,866.57;Rp 445,643,026.01;Rp 445,643,026.01;Rp 190,021,961,615,154;Rp 8,670,429,074,118,013
Apr 15, 2023;Rp 450,719,154.61;Rp 452,359,839.80;Rp 447,099,486.34;Rp 448,172,893.15;Rp 176,509,129,727,620;Rp 8,670,954,686,999,432
Apr 14, 2023;Rp 447,826,410.28;Rp 455,704,301.12;Rp 444,635,581.15;Rp 450,644,515.88;Rp 333,702,417,554,829;Rp 8,685,492,754,874,275
Apr 13, 2023;Rp 443,408,981.40;Rp 449,315,416.79;Rp 443,189,602.56;Rp 447,671,851.15;Rp 259,401,202,307,413;Rp 8,723,248,712,839,095
Apr 12, 2023;Rp 451,354,110.22;Rp 454,347,903.21;Rp 441,035,760.55;Rp 447,170,086.27;Rp 278,471,214,003,636;Rp 8,704,636,636,073,258
Apr 11, 2023;Rp 443,687,735.25;Rp 455,118,349.52;Rp 443,049,051.89;Rp 451,104,208.73;Rp 301,060,654,740,824;Rp 8,750,780,646,453,329
Apr 10, 2023;Rp 422,577,102.82;Rp 445,208,308.63;Rp 421,143,798.65;Rp 443,699,023.85;Rp 287,559,734,872,509;Rp 8,553,662,983,135,903
Apr 09, 2023;Rp 417,634,926.93;Rp 426,192,526.18;Rp 415,783,949.34;Rp 422,532,688.88;Rp 181,910,891,445,828;Rp 8,187,867,563,787,642
Apr 08, 2023;Rp 417,158,985.40;Rp 420,735,101.81;Rp 416,604,284.32;Rp 417,566,600.98;Rp 140,045,342,600,828;Rp 8,076,129,322,886,522
Apr 07, 2023;Rp 418,929,989.67;Rp 419,733,214.71;Rp 415,241,044.43;Rp 417,238,869.13;Rp 162,284,284,704,442;Rp 8,069,427,582,936,875
Apr 06, 2023;Rp 421,657,948.63;Rp 421,705,198.41;Rp 414,207,763.87;Rp 418,829,301.37;Rp 207,090,516,103,562;Rp 8,116,566,875,012,393
Apr 05, 2023;Rp 421,570,865.68;Rp 429,331,944.96;Rp 416,665,405.60;Rp 421,705,815.31;Rp 255,194,508,070,220;Rp 8,154,790,121,399,668
Apr 04, 2023;Rp 414,757,089.41;Rp 423,576,325.14;Rp 413,018,912.13;Rp 421,394,428.58;Rp 228,073,692,527,287;Rp 8,127,844,132,993,284
Apr 03, 2023;Rp 422,601,835.71;Rp 426,443,606.86;Rp 406,963,373.42;Rp 414,686,182.10;Rp 293,247,340,454,257;Rp 8,057,658,468,701,614
Apr 02, 2023;Rp 426,050,361.81;Rp 426,890,306.75;Rp 417,486,879.13;Rp 422,845,172.97;Rp 183,884,506,453,961;Rp 8,161,595,799,496,509
Apr 01, 2023;Rp 426,207,338.04;Rp 431,133,905.11;Rp 423,570,471.09;Rp 425,274,827.70;Rp 162,806,071,170,438;Rp 8,222,550,579,279,705
Mar 31, 2023;Rp 421,157,452.45;Rp 427,831,375.68;Rp 413,691,144.29;Rp 426,284,468.57;Rp 285,476,450,234,047;Rp 8,272,124,657,619,581
Mar 30, 2023;Rp 426,256,204.88;Rp 439,415,266.48;Rp 416,664,268.33;Rp 421,176,834.63;Rp 337,324,846,438,135;Rp 8,148,666,914,285,253
Mar 29, 2023;Rp 410,797,138.04;Rp 431,089,205.90;Rp 410,598,646.55;Rp 426,229,875.05;Rp 311,633,349,912,386;Rp 8,256,392,183,043,394
Mar 28, 2023;Rp 410,017,960.09;Rp 413,622,410.50;Rp 402,456,237.79;Rp 410,791,423.46;Rp 268,736,424,417,426;Rp 7,965,527,970,557,050
Mar 27, 2023;Rp 424,249,591.64;Rp 424,914,766.42;Rp 402,219,223.87;Rp 410,124,425.54;Rp 275,652,376,522,889;Rp 7,950,544,310,123,695
Mar 26, 2023;Rp 416,998,491.12;Rp 427,351,147.43;Rp 416,232,945.26;Rp 424,253,556.05;Rp 210,479,950,083,337;Rp 8,206,441,598,072,058
Mar 25, 2023;Rp 416,853,772.19;Rp 421,492,216.67;Rp 412,459,442.06;Rp 416,986,099.24;Rp 202,957,324,649,227;Rp 8,059,206,033,099,484
Mar 24, 2023;Rp 427,219,626.23;Rp 428,270,949.26;Rp 410,078,851.49;Rp 416,943,966.39;Rp 391,867,496,400,351;Rp 8,014,800,591,765,689
Mar 23, 2023;Rp 416,708,001.60;Rp 433,582,879.27;Rp 412,546,414.72;Rp 427,366,865.81;Rp 369,674,904,171,316;Rp 8,357,840,606,605,704
Mar 22, 2023;Rp 430,856,574.61;Rp 438,148,312.35;Rp 405,816,322.82;Rp 416,654,972.25;Rp 510,778,316,953,328;Rp 8,074,653,503,023,013
Mar 21, 2023;Rp 426,496,473.14;Rp 435,198,170.03;Rp 421,211,796.67;Rp 431,118,173.41;Rp 554,495,841,795,196;Rp 8,362,600,215,858,908
Mar 20, 2023;Rp 430,916,397.45;Rp 438,345,305.54;Rp 418,868,328.76;Rp 426,140,847.54;Rp 688,044,240,730,363;Rp 8,245,231,860,019,848
Mar 19, 2023;Rp 414,629,151.22;Rp 437,245,188.14;Rp 413,679,229.98;Rp 430,871,418.58;Rp 580,667,506,734,466;Rp 8,329,192,341,377,114
Mar 18, 2023;Rp 422,016,175.44;Rp 426,286,533.75;Rp 409,505,875.77;Rp 414,573,435.37;Rp 549,243,477,239,395;Rp 8,010,683,342,057,934
Mar 17, 2023;Rp 386,563,643.57;Rp 427,239,002.37;Rp 384,521,722.41;Rp 421,644,304.71;Rp 782,693,203,681,935;Rp 8,174,644,260,369,024
Mar 16, 2023;Rp 377,500,518.86;Rp 387,848,018.52;Rp 373,813,223.62;Rp 386,548,523.41;Rp 524,523,709,617,863;Rp 7,496,367,216,245,761
Mar 15, 2023;Rp 381,173,662.90;Rp 390,950,852.99;Rp 370,796,519.62;Rp 376,926,999.18;Rp 671,771,570,054,868;Rp 7,246,317,069,992,580
Mar 14, 2023;Rp 373,085,780.34;Rp 407,171,316.00;Rp 370,874,294.00;Rp 380,580,849.52;Rp 842,036,790,179,092;Rp 7,369,248,774,866,683
Mar 13, 2023;Rp 343,492,281.71;Rp 376,964,739.56;Rp 337,385,823.02;Rp 372,904,531.00;Rp 766,880,389,800,457;Rp 7,246,403,491,860,490
Mar 12, 2023;Rp 319,787,051.53;Rp 343,936,048.28;Rp 317,008,641.52;Rp 343,609,225.64;Rp 453,899,712,146,683;Rp 6,636,867,333,272,865
Mar 11, 2023;Rp 312,963,573.77;Rp 322,358,714.71;Rp 311,136,205.38;Rp 319,854,961.92;Rp 467,871,426,488,189;Rp 6,177,916,386,790,541
Mar 10, 2023;Rp 315,890,773.34;Rp 315,946,510.15;Rp 303,835,577.77;Rp 312,953,754.03;Rp 613,856,009,218,451;Rp 6,047,176,094,955,793
Mar 09, 2023;Rp 335,831,268.90;Rp 336,471,537.92;Rp 313,073,485.94;Rp 315,552,212.71;Rp 469,492,010,094,441;Rp 6,080,639,682,476,703
Mar 08, 2023;Rp 343,107,310.34;Rp 343,464,321.34;Rp 335,578,839.19;Rp 335,578,839.19;Rp 348,051,400,650,193;Rp 6,477,480,172,226,241
Mar 07, 2023;Rp 344,438,405.72;Rp 346,219,912.34;Rp 339,567,926.14;Rp 342,836,826.57;Rp 349,615,808,369,112;Rp 6,589,672,829,828,644
Mar 06, 2023;Rp 342,743,040.77;Rp 346,339,876.48;Rp 341,817,103.97;Rp 344,385,163.72;Rp 265,086,003,926,251;Rp 6,616,345,756,915,735
Mar 05, 2023;Rp 341,521,017.37;Rp 345,486,229.55;Rp 340,802,958.77;Rp 342,723,142.68;Rp 203,453,823,229,331;Rp 6,618,568,200,761,196
Mar 04, 2023;Rp 341,655,147.29;Rp 342,318,870.54;Rp 339,150,482.13;Rp 341,508,894.11;Rp 170,591,553,789,931;Rp 6,593,987,940,428,593
Mar 03, 2023;Rp 360,046,452.48;Rp 360,088,080.96;Rp 339,497,262.06;Rp 341,651,424.18;Rp 399,702,803,669,382;Rp 6,621,716,943,724,994
Mar 02, 2023;Rp 360,608,633.13;Rp 361,992,829.58;Rp 356,241,506.23;Rp 359,843,960.25;Rp 310,885,323,696,957;Rp 6,911,544,184,749,422
Mar 01, 2023;Rp 353,028,530.95;Rp 364,046,539.66;Rp 351,847,582.26;Rp 360,579,217.61;Rp 376,083,665,470,214;Rp 6,961,292,957,683,992
Feb 28, 2023;Rp 357,909,138.51;Rp 359,471,704.46;Rp 351,687,740.99;Rp 353,007,325.39;Rp 312,466,822,474,317;Rp 6,799,236,301,088,716
Feb 27, 2023;Rp 359,661,969.52;Rp 363,626,135.34;Rp 353,157,262.47;Rp 357,924,019.03;Rp 345,913,116,273,336;Rp 6,931,389,278,843,210
Feb 26, 2023;Rp 353,756,887.58;Rp 361,087,466.10;Rp 352,384,105.94;Rp 359,658,339.99;Rp 254,081,321,025,021;Rp 6,942,516,425,096,922
Feb 25, 2023;Rp 354,153,401.15;Rp 354,301,524.12;Rp 348,985,122.23;Rp 353,775,585.36;Rp 245,779,929,782,621;Rp 6,828,467,739,588,735
Feb 24, 2023;Rp 364,394,067.84;Rp 366,317,773.48;Rp 351,101,590.45;Rp 354,122,895.80;Rp 408,002,906,196,040;Rp 6,813,510,335,147,399
Feb 23, 2023;Rp 367,777,175.07;Rp 373,069,070.95;Rp 360,134,326.06;Rp 364,322,260.72;Rp 463,337,791,338,784;Rp 7,026,772,157,294,514
Feb 22, 2023;Rp 372,414,165.05;Rp 372,884,276.28;Rp 359,273,150.60;Rp 367,733,210.85;Rp 460,233,006,808,287;Rp 7,114,126,762,691,594
Feb 21, 2023;Rp 376,656,553.23;Rp 381,697,552.94;Rp 368,696,177.39;Rp 372,335,969.80;Rp 474,017,822,917,380;Rp 7,152,678,478,834,731
Feb 20, 2023;Rp 369,218,247.97;Rp 378,778,055.95;Rp 363,257,734.59;Rp 376,603,608.32;Rp 439,776,227,037,877;Rp 7,269,062,142,480,592
Feb 19, 2023;Rp 373,673,526.27;Rp 380,543,832.94;Rp 369,081,984.38;Rp 369,081,984.38;Rp 387,550,969,972,562;Rp 7,119,071,493,927,599
Feb 18, 2023;Rp 372,557,279.15;Rp 376,081,903.31;Rp 371,070,347.22;Rp 373,692,478.76;Rp 297,639,228,284,059;Rp 7,210,813,178,781,610
Feb 17, 2023;Rp 357,790,409.50;Rp 378,379,212.12;Rp 355,358,922.95;Rp 372,561,919.78;Rp 626,454,436,344,406;Rp 7,179,236,883,883,651
Feb 16, 2023;Rp 369,834,920.41;Rp 380,826,092.31;Rp 357,494,760.92;Rp 357,812,109.32;Rp 598,200,766,578,829;Rp 6,934,526,045,509,356
Feb 15, 2023;Rp 337,530,691.27;Rp 369,856,826.75;Rp 335,677,460.77;Rp 369,856,826.75;Rp 493,421,523,068,237;Rp 7,123,307,460,356,007
Feb 14, 2023;Rp 331,831,415.21;Rp 337,646,640.92;Rp 328,434,838.35;Rp 337,541,189.13;Rp 407,792,741,950,291;Rp 6,524,387,728,313,669
Feb 13, 2023;Rp 330,901,042.96;Rp 333,073,284.94;Rp 326,398,596.42;Rp 331,879,912.46;Rp 363,277,970,472,978;Rp 6,389,271,941,100,068
Feb 12, 2023;Rp 332,169,799.48;Rp 335,056,870.84;Rp 329,318,901.11;Rp 330,919,340.30;Rp 270,661,597,551,943;Rp 6,383,021,012,206,107
Feb 11, 2023;Rp 328,844,926.43;Rp 332,481,270.78;Rp 328,337,771.70;Rp 332,169,367.57;Rp 248,415,910,578,726;Rp 6,406,951,852,084,533
Feb 10, 2023;Rp 330,443,508.30;Rp 332,295,244.61;Rp 327,050,909.83;Rp 328,834,931.62;Rp 410,095,835,793,115;Rp 6,324,273,968,848,216
Feb 09, 2023;Rp 347,173,856.48;Rp 347,669,948.70;Rp 329,802,772.57;Rp 330,492,215.42;Rp 492,812,115,695,523;Rp 6,366,657,194,527,678
Feb 08, 2023;Rp 352,626,846.51;Rp 353,741,908.93;Rp 344,048,618.99;Rp 347,083,255.87;Rp 384,579,192,498,834;Rp 6,705,765,311,334,691
Feb 07, 2023;Rp 346,067,651.75;Rp 352,544,908.78;Rp 346,052,303.95;Rp 352,544,908.78;Rp 413,444,848,021,615;Rp 6,822,368,255,824,400
Feb 06, 2023;Rp 346,487,080.15;Rp 351,463,230.08;Rp 344,876,814.71;Rp 346,099,505.50;Rp 359,634,445,068,233;Rp 6,625,028,279,869,239
Feb 05, 2023;Rp 352,202,610.78;Rp 353,579,102.92;Rp 344,798,656.12;Rp 346,511,896.83;Rp 295,324,500,471,343;Rp 6,681,730,259,202,814
Feb 04, 2023;Rp 353,924,556.03;Rp 355,594,497.93;Rp 351,579,449.29;Rp 352,196,565.74;Rp 236,076,775,376,804;Rp 6,790,899,918,548,531
Feb 03, 2023;Rp 349,586,663.47;Rp 356,091,590.86;Rp 349,586,663.47;Rp 353,969,854.83;Rp 403,413,535,770,148;Rp 6,734,507,695,278,026
Feb 02, 2023;Rp 353,350,131.29;Rp 360,166,680.97;Rp 349,803,566.63;Rp 349,852,383.45;Rp 477,675,505,197,290;Rp 6,741,047,817,302,514
Feb 01, 2023;Rp 347,052,487.45;Rp 354,001,330.25;Rp 342,554,880.19;Rp 353,199,482.58;Rp 400,231,488,450,202;Rp 6,860,254,275,477,571
Jan 31, 2023;Rp 342,669,043.33;Rp 348,420,609.83;Rp 341,756,714.29;Rp 347,134,380.23;Rp 342,624,524,534,450;Rp 6,692,349,484,879,808
Jan 30, 2023;Rp 356,143,674.69;Rp 356,363,853.54;Rp 340,162,812.61;Rp 342,903,573.45;Rp 407,539,172,978,298;Rp 6,595,665,044,867,737
Jan 29, 2023;Rp 344,845,283.09;Rp 358,147,725.40;Rp 344,150,858.03;Rp 356,142,430.70;Rp 410,609,384,567,107;Rp 6,861,901,835,564,169
Jan 28, 2023;Rp 345,569,381.96;Rp 347,152,788.45;Rp 343,009,576.31;Rp 344,839,900.97;Rp 220,292,262,738,706;Rp 6,646,934,359,812,715
Jan 27, 2023;Rp 344,253,770.61;Rp 350,827,591.84;Rp 339,095,086.88;Rp 345,550,868.92;Rp 379,419,750,446,011;Rp 6,649,151,507,414,220
Jan 26, 2023;Rp 345,039,180.86;Rp 347,756,014.17;Rp 342,974,207.72;Rp 344,457,492.28;Rp 393,548,193,373,075;Rp 6,628,205,856,129,449
Jan 25, 2023;Rp 338,582,692.06;Rp 354,403,411.78;Rp 334,680,670.07;Rp 345,376,200.07;Rp 458,916,536,051,162;Rp 6,663,292,846,340,678
Jan 24, 2023;Rp 344,547,465.27;Rp 345,491,981.71;Rp 337,243,831.53;Rp 338,540,848.58;Rp 396,770,499,078,311;Rp 6,555,042,969,114,620
Jan 23, 2023;Rp 342,387,132.19;Rp 347,286,976.47;Rp 340,446,622.13;Rp 344,619,647.53;Rp 399,613,854,280,645;Rp 6,659,964,571,779,171
Jan 22, 2023;Rp 343,111,646.48;Rp 347,310,435.74;Rp 337,235,661.05;Rp 342,376,990.01;Rp 372,762,239,704,939;Rp 6,594,930,510,500,508
Jan 21, 2023;Rp 341,594,624.15;Rp 350,708,988.44;Rp 339,100,244.87;Rp 343,106,210.86;Rp 488,684,528,444,887;Rp 6,611,188,028,021,581
Jan 20, 2023;Rp 319,356,733.04;Rp 341,819,524.48;Rp 315,654,865.43;Rp 341,581,434.46;Rp 436,188,827,507,396;Rp 6,617,678,099,667,804
Jan 19, 2023;Rp 312,969,778.80;Rp 320,626,177.40;Rp 312,949,131.87;Rp 319,554,537.44;Rp 320,021,441,328,798;Rp 6,146,608,611,361,654
Jan 18, 2023;Rp 321,221,578.50;Rp 323,976,331.06;Rp 310,556,329.39;Rp 313,000,563.65;Rp 455,480,892,994,763;Rp 6,050,582,072,983,568
Jan 17, 2023;Rp 319,903,172.96;Rp 325,273,089.05;Rp 316,692,992.51;Rp 321,228,687.53;Rp 377,674,583,250,780;Rp 6,158,848,644,553,956
Jan 16, 2023;Rp 318,110,148.66;Rp 322,822,620.82;Rp 312,926,813.79;Rp 320,201,280.62;Rp 408,144,473,287,238;Rp 6,212,513,343,696,332
Jan 15, 2023;Rp 317,071,526.98;Rp 318,088,445.83;Rp 311,471,521.05;Rp 318,088,445.83;Rp 291,692,535,247,153;Rp 6,079,716,631,099,034
Jan 14, 2023;Rp 300,942,783.92;Rp 318,547,607.48;Rp 300,901,850.25;Rp 317,053,624.97;Rp 588,988,322,844,449;Rp 6,107,147,341,856,848
Jan 13, 2023;Rp 286,496,033.30;Rp 301,755,746.94;Rp 285,076,226.54;Rp 300,928,243.04;Rp 443,738,238,337,146;Rp 5,822,616,481,817,702
Jan 12, 2023;Rp 276,688,567.82;Rp 289,118,412.42;Rp 276,305,593.27;Rp 286,923,408.15;Rp 539,240,557,203,092;Rp 5,603,962,160,197,597
Jan 11, 2023;Rp 270,811,127.31;Rp 277,590,557.22;Rp 268,053,897.68;Rp 276,915,611.38;Rp 284,173,302,794,694;Rp 5,375,498,262,792,738
Jan 10, 2023;Rp 267,995,109.58;Rp 271,714,460.11;Rp 267,779,562.64;Rp 271,043,855.78;Rp 246,412,483,352,221;Rp 5,237,212,851,454,712
Jan 09, 2023;Rp 267,043,479.47;Rp 270,876,412.78;Rp 267,043,479.47;Rp 268,188,858.85;Rp 290,956,869,055,871;Rp 5,173,404,327,864,467
Jan 08, 2023;Rp 264,608,438.59;Rp 266,998,987.10;Rp 264,138,726.72;Rp 266,998,987.10;Rp 152,465,027,906,472;Rp 5,136,589,459,804,381
Jan 07, 2023;Rp 264,575,080.16;Rp 265,362,865.00;Rp 263,983,178.64;Rp 264,622,980.05;Rp 120,405,914,247,618;Rp 5,095,411,704,692,526
Jan 06, 2023;Rp 263,111,988.66;Rp 265,027,318.63;Rp 262,282,120.48;Rp 264,572,778.65;Rp 225,249,517,161,977;Rp 5,100,835,897,702,056
Jan 05, 2023;Rp 263,330,704.74;Rp 263,330,704.74;Rp 262,388,871.28;Rp 263,245,744.78;Rp 213,818,586,766,009;Rp 5,061,964,962,442,738
Jan 04, 2023;Rp 260,050,490.36;Rp 264,796,817.24;Rp 260,050,490.36;Rp 263,327,053.87;Rp 287,201,709,594,101;Rp 5,061,540,431,227,012
Jan 03, 2023;Rp 259,582,670.22;Rp 261,307,487.91;Rp 259,515,094.52;Rp 260,110,695.28;Rp 216,252,109,428,851;Rp 4,994,658,800,162,746
Jan 02, 2023;Rp 258,598,362.56;Rp 261,335,993.04;Rp 257,996,458.75;Rp 259,701,819.13;Rp 188,172,560,723,820;Rp 4,997,016,164,386,595
Jan 01, 2023;Rp 257,129,767.85;Rp 258,675,023.67;Rp 256,715,185.64;Rp 258,591,676.64;Rp 143,643,514,264,479;Rp 4,972,721,432,047,241
Dec 31, 2022;Rp 257,926,463.92;Rp 258,389,514.44;Rp 256,657,472.42;Rp 257,123,256.73;Rp 174,592,894,156,926;Rp 4,947,928,036,437,022
Dec 30, 2022;Rp 260,045,740.50;Rp 260,161,735.56;Rp 254,087,530.87;Rp 257,909,538.57;Rp 248,917,064,205,335;Rp 4,993,596,573,292,255
Dec 29, 2022;Rp 261,417,450.52;Rp 261,417,450.52;Rp 260,105,669.98;Rp 260,105,669.98;Rp 228,565,835,829,599;Rp 5,058,773,612,345,188
Dec 28, 2022;Rp 261,185,395.23;Rp 264,510,564.29;Rp 260,478,278.32;Rp 261,347,727.51;Rp 265,705,777,125,298;Rp 4,977,451,205,372,341
Dec 27, 2022;Rp 264,296,254.85;Rp 264,963,681.49;Rp 260,324,461.86;Rp 261,122,257.55;Rp 246,008,571,898,938;Rp 5,025,544,360,552,506
Dec 26, 2022;Rp 262,548,191.83;Rp 264,343,091.63;Rp 262,548,191.83;Rp 264,338,116.24;Rp 185,301,809,765,630;Rp 5,075,736,660,095,237
Dec 25, 2022;Rp 262,706,851.64;Rp 262,910,321.44;Rp 261,088,733.51;Rp 262,544,103.58;Rp 181,760,492,658,905;Rp 5,053,656,239,971,148
Dec 24, 2022;Rp 261,738,529.79;Rp 262,975,016.27;Rp 261,684,794.62;Rp 262,710,748.40;Rp 151,845,585,879,262;Rp 5,051,686,633,039,991
Dec 23, 2022;Rp 262,096,454.39;Rp 263,690,490.60;Rp 261,549,352.46;Rp 261,738,148.82;Rp 238,730,311,790,096;Rp 5,033,402,804,899,666
Dec 22, 2022;Rp 261,353,710.38;Rp 262,375,909.82;Rp 258,506,922.75;Rp 262,188,107.81;Rp 255,498,213,722,047;Rp 5,032,265,082,864,133
Dec 21, 2022;Rp 263,135,872.80;Rp 263,284,614.98;Rp 260,643,241.23;Rp 261,349,529.65;Rp 231,667,922,574,768;Rp 5,036,698,483,938,752
Dec 20, 2022;Rp 255,958,338.10;Rp 265,121,060.80;Rp 255,741,644.63;Rp 263,121,281.15;Rp 353,727,375,154,336;Rp 5,063,555,269,876,743
Dec 19, 2022;Rp 261,410,772.06;Rp 262,167,060.60;Rp 255,278,806.00;Rp 255,925,534.88;Rp 268,617,666,275,808;Rp 4,933,264,049,287,276
Dec 18, 2022;Rp 262,279,393.90;Rp 262,289,662.43;Rp 260,752,322.78;Rp 261,394,183.02;Rp 170,594,176,756,059;Rp 5,034,268,626,004,473
Dec 17, 2022;Rp 259,960,112.12;Rp 262,357,176.43;Rp 259,147,772.57;Rp 262,271,300.80;Rp 225,864,016,963,224;Rp 5,045,217,332,822,444
Dec 16, 2022;Rp 271,459,954.54;Rp 273,058,537.41;Rp 258,987,526.27;Rp 259,967,934.38;Rp 375,686,142,855,820;Rp 5,006,093,025,903,168
Dec 15, 2022;Rp 276,688,645.98;Rp 277,200,989.00;Rp 270,741,689.21;Rp 271,402,419.66;Rp 325,628,197,422,319;Rp 5,187,983,918,222,118
Dec 14, 2022;Rp 276,582,268.22;Rp 285,550,586.12;Rp 274,371,859.70;Rp 274,371,859.70;Rp 402,850,518,773,729;Rp 5,280,921,810,509,087
Dec 13, 2022;Rp 269,770,297.42;Rp 278,900,099.39;Rp 268,089,261.32;Rp 276,680,877.33;Rp 417,591,434,917,471;Rp 5,361,856,961,259,717
Dec 12, 2022;Rp 266,663,946.55;Rp 269,844,376.10;Rp 264,347,152.88;Rp 269,734,149.07;Rp 305,879,342,992,244;Rp 5,159,660,061,179,164
Dec 11, 2022;Rp 267,274,885.92;Rp 269,083,647.32;Rp 266,497,412.61;Rp 266,690,330.83;Rp 220,353,162,031,254;Rp 5,132,346,240,239,629
Dec 10, 2022;Rp 267,353,823.09;Rp 268,634,129.71;Rp 267,134,037.47;Rp 267,259,476.04;Rp 198,270,272,459,551;Rp 5,139,626,156,290,073
Dec 09, 2022;Rp 268,703,706.19;Rp 269,504,627.00;Rp 266,839,764.60;Rp 267,337,137.47;Rp 316,984,481,841,203;Rp 5,137,298,793,300,707
Dec 08, 2022;Rp 262,953,442.71;Rp 269,446,830.76;Rp 262,403,535.87;Rp 268,721,560.38;Rp 319,910,991,650,622;Rp 5,172,030,949,875,797
Dec 07, 2022;Rp 267,091,893.51;Rp 267,353,469.71;Rp 261,930,713.41;Rp 262,965,576.04;Rp 307,506,895,207,300;Rp 5,062,912,418,164,628
Dec 06, 2022;Rp 263,404,785.49;Rp 267,059,523.15;Rp 263,404,785.49;Rp 267,022,640.93;Rp 308,631,925,396,285;Rp 5,098,361,975,972,877
Dec 05, 2022;Rp 264,253,282.14;Rp 267,439,360.68;Rp 262,323,923.75;Rp 263,455,235.51;Rp 342,627,145,784,554;Rp 5,034,652,664,931,796
Dec 04, 2022;Rp 259,991,864.96;Rp 264,698,718.20;Rp 259,919,123.18;Rp 264,277,840.41;Rp 258,705,609,428,094;Rp 5,063,913,968,388,517
Dec 03, 2022;Rp 262,780,772.32;Rp 263,179,666.63;Rp 259,683,874.73;Rp 259,992,884.71;Rp 249,367,778,149,860;Rp 4,997,836,700,199,573
Dec 02, 2022;Rp 260,647,459.24;Rp 262,758,660.18;Rp 260,376,687.38;Rp 262,758,660.18;Rp 300,139,640,607,549;Rp 5,045,796,437,771,206
Dec 01, 2022;Rp 268,462,213.64;Rp 268,462,213.64;Rp 260,161,901.32;Rp 260,623,656.69;Rp 358,023,479,151,690;Rp 5,100,001,504,252,642
Nov 30, 2022;Rp 258,744,920.08;Rp 268,745,078.47;Rp 258,744,920.08;Rp 268,473,443.75;Rp 464,509,192,192,748;Rp 5,192,017,769,199,509
Nov 29, 2022;Rp 255,460,263.77;Rp 259,891,805.54;Rp 254,076,059.79;Rp 258,737,144.29;Rp 371,458,709,492,767;Rp 4,978,812,298,777,346
Nov 28, 2022;Rp 257,833,437.19;Rp 258,503,284.67;Rp 252,635,692.94;Rp 255,302,820.66;Rp 435,096,283,729,516;Rp 4,888,204,947,844,614
Nov 27, 2022;Rp 258,375,950.54;Rp 260,251,508.66;Rp 257,783,302.23;Rp 257,902,517.22;Rp 320,836,321,230,934;Rp 4,959,782,129,319,654
Nov 26, 2022;Rp 259,270,356.21;Rp 261,217,024.00;Rp 257,628,084.94;Rp 258,382,195.10;Rp 282,471,139,228,363;Rp 4,965,287,685,259,770
Nov 25, 2022;Rp 259,769,070.20;Rp 259,777,158.01;Rp 256,606,367.10;Rp 259,274,499.02;Rp 292,251,199,935,485;Rp 4,967,785,998,676,103
Nov 24, 2022;Rp 259,639,896.83;Rp 262,103,509.26;Rp 258,084,452.55;Rp 259,803,422.34;Rp 408,396,854,797,920;Rp 4,987,129,579,425,436
Nov 23, 2022;Rp 253,971,123.74;Rp 260,144,794.82;Rp 253,602,799.18;Rp 259,455,081.52;Rp 516,844,608,197,418;Rp 5,005,229,599,289,434
Nov 22, 2022;Rp 248,426,047.19;Rp 254,670,630.43;Rp 246,003,675.87;Rp 253,583,598.12;Rp 483,664,866,120,104;Rp 4,896,624,782,243,583
Nov 21, 2022;Rp 255,074,074.77;Rp 255,074,074.77;Rp 245,561,760.53;Rp 248,504,481.46;Rp 586,038,931,464,108;Rp 4,749,315,706,133,257
Nov 20, 2022;Rp 261,413,474.07;Rp 261,943,087.16;Rp 254,408,161.15;Rp 255,083,604.78;Rp 333,371,080,854,665;Rp 4,895,958,827,408,995
Nov 19, 2022;Rp 261,150,584.39;Rp 262,742,313.28;Rp 259,964,767.09;Rp 261,392,003.67;Rp 251,922,273,483,795;Rp 5,021,821,135,015,789
Nov 18, 2022;Rp 262,567,600.71;Rp 266,649,096.19;Rp 259,191,448.32;Rp 261,174,949.82;Rp 422,650,147,563,302;Rp 5,047,169,936,662,418
Nov 17, 2022;Rp 260,703,802.91;Rp 262,561,407.42;Rp 258,187,832.04;Rp 262,561,407.42;Rp 435,833,585,706,243;Rp 5,013,304,948,072,044
Nov 16, 2022;Rp 262,897,634.46;Rp 264,912,178.55;Rp 256,578,969.92;Rp 260,688,373.59;Rp 528,237,199,977,750;Rp 4,985,801,153,410,354
Nov 15, 2022;Rp 258,544,503.01;Rp 265,010,706.81;Rp 257,380,477.05;Rp 262,672,250.10;Rp 569,435,337,982,192;Rp 5,046,057,406,358,083
Nov 14, 2022;Rp 255,082,655.31;Rp 266,216,951.24;Rp 246,810,204.32;Rp 258,467,007.15;Rp 774,204,505,136,912;Rp 4,979,233,983,546,970
Nov 13, 2022;Rp 259,958,062.74;Rp 261,831,093.23;Rp 254,592,935.37;Rp 255,103,514.17;Rp 421,033,547,835,709;Rp 4,860,263,356,862,614
Nov 12, 2022;Rp 263,626,377.45;Rp 264,087,500.02;Rp 257,667,380.63;Rp 259,949,744.68;Rp 459,847,786,417,174;Rp 4,992,521,336,528,964
Nov 11, 2022;Rp 272,742,620.10;Rp 274,214,804.56;Rp 255,816,283.39;Rp 263,586,419.68;Rp 866,652,579,220,554;Rp 5,074,428,495,193,161
Nov 10, 2022;Rp 249,230,577.33;Rp 280,563,296.82;Rp 248,182,399.59;Rp 273,003,849.92;Rp 1,305,568,635,076,606;Rp 5,299,579,589,641,337
Nov 09, 2022;Rp 290,339,669.87;Rp 290,715,747.69;Rp 245,810,527.62;Rp 248,915,343.36;Rp 1,611,185,958,619,402;Rp 4,774,735,301,246,330
Nov 08, 2022;Rp 323,121,552.03;Rp 323,665,375.33;Rp 275,102,428.18;Rp 290,300,693.39;Rp 1,866,396,822,991,737;Rp 5,584,333,501,033,066
Nov 07, 2022;Rp 328,088,744.17;Rp 330,072,448.50;Rp 321,131,156.23;Rp 322,901,765.68;Rp 839,026,367,190,836;Rp 6,202,774,892,719,793
Nov 06, 2022;Rp 332,357,645.80;Rp 333,299,520.48;Rp 328,019,286.87;Rp 328,117,994.22;Rp 547,802,221,421,906;Rp 6,273,826,334,986,540
Nov 05, 2022;Rp 330,165,970.93;Rp 334,882,402.96;Rp 329,429,028.22;Rp 332,320,711.52;Rp 590,947,110,401,803;Rp 6,380,298,464,981,351
Nov 04, 2022;Rp 319,096,470.39;Rp 331,344,539.73;Rp 318,100,592.09;Rp 330,203,418.66;Rp 1,011,708,374,367,458;Rp 6,410,620,732,244,674
Nov 03, 2022;Rp 316,685,278.36;Rp 319,504,434.70;Rp 314,903,046.10;Rp 318,446,750.71;Rp 678,972,364,702,563;Rp 6,093,856,763,293,325
Nov 02, 2022;Rp 321,047,861.92;Rp 323,397,017.89;Rp 315,056,660.83;Rp 316,635,234.93;Rp 870,719,149,207,655;Rp 6,065,693,837,346,923
Nov 01, 2022;Rp 320,207,156.73;Rp 322,463,176.65;Rp 318,368,634.53;Rp 321,084,124.26;Rp 622,126,837,729,200;Rp 6,143,738,086,405,547
Oct 31, 2022;Rp 320,969,768.92;Rp 324,720,405.47;Rp 317,611,108.62;Rp 320,220,852.66;Rp 710,400,947,556,070;Rp 6,119,780,668,035,002
Oct 30, 2022;Rp 323,867,866.64;Rp 325,408,394.79;Rp 319,628,367.33;Rp 320,999,443.99;Rp 489,836,884,288,130;Rp 6,161,788,762,922,286
Oct 29, 2022;Rp 320,400,520.27;Rp 326,518,990.13;Rp 319,955,287.53;Rp 323,875,550.50;Rp 628,038,491,349,328;Rp 6,216,127,246,938,112
Oct 28, 2022;Rp 316,045,780.06;Rp 322,692,088.26;Rp 312,607,936.68;Rp 320,404,379.91;Rp 685,349,684,484,948;Rp 6,157,465,531,433,791
Oct 27, 2022;Rp 322,352,357.38;Rp 324,333,565.39;Rp 315,538,202.86;Rp 316,012,765.31;Rp 770,082,463,232,840;Rp 6,041,258,388,994,410
Oct 26, 2022;Rp 312,574,933.95;Rp 324,727,423.47;Rp 311,923,645.60;Rp 321,998,958.44;Rp 916,244,302,536,982;Rp 6,200,847,861,180,041
Oct 25, 2022;Rp 301,742,755.04;Rp 316,276,378.67;Rp 300,583,998.38;Rp 312,150,947.93;Rp 744,984,265,589,094;Rp 6,014,965,527,017,894
Oct 24, 2022;Rp 305,896,397.33;Rp 306,236,784.48;Rp 299,562,255.56;Rp 301,752,237.51;Rp 472,141,451,072,871;Rp 5,803,029,601,473,962
Oct 23, 2022;Rp 298,434,414.80;Rp 305,884,482.39;Rp 297,136,473.06;Rp 305,884,482.39;Rp 343,819,503,321,069;Rp 5,833,352,608,245,340
Oct 22, 2022;Rp 297,885,111.97;Rp 299,061,077.02;Rp 297,261,488.93;Rp 298,441,493.47;Rp 250,217,920,027,874;Rp 5,726,099,941,733,247
Oct 21, 2022;Rp 297,144,228.11;Rp 298,933,582.39;Rp 292,086,618.20;Rp 297,886,488.70;Rp 506,218,823,927,856;Rp 5,736,644,887,696,942
Oct 20, 2022;Rp 299,099,562.31;Rp 299,875,126.63;Rp 295,063,096.35;Rp 296,515,258.31;Rp 382,804,079,218,884;Rp 5,712,889,011,187,198
Oct 19, 2022;Rp 299,195,999.65;Rp 299,403,206.23;Rp 298,135,627.54;Rp 298,320,266.12;Rp 347,017,168,886,105;Rp 5,681,723,817,806,885
Oct 18, 2022;Rp 302,543,472.86;Rp 304,083,456.81;Rp 296,343,812.02;Rp 299,186,540.34;Rp 473,225,691,040,965;Rp 5,739,549,343,469,635
Oct 17, 2022;Rp 297,259,388.46;Rp 303,049,053.36;Rp 297,006,247.76;Rp 301,892,041.32;Rp 423,823,752,927,895;Rp 5,785,560,536,466,301
Oct 16, 2022;Rp 295,038,044.39;Rp 299,999,823.59;Rp 295,038,044.39;Rp 297,252,148.47;Rp 278,328,116,201,255;Rp 5,718,282,111,159,453
Oct 15, 2022;Rp 296,840,923.06;Rp 297,260,286.27;Rp 294,269,641.79;Rp 295,018,263.52;Rp 250,529,506,600,946;Rp 5,658,529,359,284,096
Oct 14, 2022;Rp 297,948,312.23;Rp 305,307,091.86;Rp 295,757,405.12;Rp 296,844,317.60;Rp 591,089,627,619,809;Rp 5,656,395,880,636,865
Oct 13, 2022;Rp 293,954,074.22;Rp 299,021,122.22;Rp 282,319,426.44;Rp 298,506,413.58;Rp 678,531,334,981,586;Rp 5,704,037,827,459,346
Oct 12, 2022;Rp 293,058,271.14;Rp 294,167,079.01;Rp 292,182,909.38;Rp 293,466,214.55;Rp 383,771,098,989,088;Rp 5,651,031,545,215,260
Oct 11, 2022;Rp 293,224,789.33;Rp 294,787,792.91;Rp 291,012,250.34;Rp 292,515,476.11;Rp 439,883,653,426,538;Rp 5,597,313,603,695,111
Oct 10, 2022;Rp 296,618,193.22;Rp 297,871,722.77;Rp 292,671,014.05;Rp 293,262,840.49;Rp 418,316,702,160,173;Rp 5,598,639,050,218,508
Oct 09, 2022;Rp 296,906,852.42;Rp 298,819,095.78;Rp 295,863,713.87;Rp 296,618,345.28;Rp 257,453,530,190,362;Rp 5,701,547,612,976,468
Oct 08, 2022;Rp 298,877,050.35;Rp 299,723,644.68;Rp 295,101,543.81;Rp 296,892,914.00;Rp 251,339,706,403,973;Rp 5,692,489,053,040,160
Oct 07, 2022;Rp 304,402,669.85;Rp 305,355,374.28;Rp 296,441,424.72;Rp 298,885,014.85;Rp 445,789,627,955,935;Rp 5,716,043,921,481,987
Oct 06, 2022;Rp 306,961,890.72;Rp 310,140,355.59;Rp 303,096,258.45;Rp 303,947,349.23;Rp 528,498,618,088,400;Rp 5,824,880,928,258,308
Oct 05, 2022;Rp 308,810,803.04;Rp 308,810,803.04;Rp 301,758,768.85;Rp 306,578,970.65;Rp 504,519,871,706,804;Rp 5,869,039,934,923,263
Oct 04, 2022;Rp 300,231,033.98;Rp 309,270,264.00;Rp 298,869,968.45;Rp 308,594,305.46;Rp 549,057,420,277,298;Rp 5,964,407,378,878,656
Oct 03, 2022;Rp 289,998,705.35;Rp 300,087,982.00;Rp 289,711,790.33;Rp 299,630,485.77;Rp 464,214,481,619,115;Rp 5,727,941,742,387,133
Oct 02, 2022;Rp 295,542,739.07;Rp 296,437,402.14;Rp 288,880,267.19;Rp 289,999,305.67;Rp 317,795,950,540,312;Rp 5,586,230,367,644,859
Oct 01, 2022;Rp 297,367,800.76;Rp 297,980,712.74;Rp 294,306,707.68;Rp 295,546,504.15;Rp 286,478,188,634,039;Rp 5,664,553,059,604,113
Sep 30, 2022;Rp 297,760,825.52;Rp 307,180,866.90;Rp 293,879,076.78;Rp 297,378,276.15;Rp 668,973,461,537,874;Rp 5,665,359,133,592,113
Sep 29, 2022;Rp 295,428,539.48;Rp 298,501,238.53;Rp 287,578,869.64;Rp 297,269,616.27;Rp 624,041,971,340,521;Rp 5,703,971,413,024,803
Sep 28, 2022;Rp 289,851,485.69;Rp 298,775,547.93;Rp 283,048,298.46;Rp 294,807,295.56;Rp 805,187,130,116,200;Rp 5,648,151,684,182,208
Sep 27, 2022;Rp 292,785,300.47;Rp 309,175,030.70;Rp 287,035,815.00;Rp 289,941,390.16;Rp 892,154,752,724,785;Rp 5,577,966,173,752,604
Sep 26, 2022;Rp 282,769,269.18;Rp 292,005,846.34;Rp 282,769,269.18;Rp 292,005,846.34;Rp 663,900,734,217,340;Rp 5,538,961,719,430,449
Sep 25, 2022;Rp 286,172,387.96;Rp 289,171,008.13;Rp 282,315,258.57;Rp 282,742,161.18;Rp 353,024,256,049,069;Rp 5,444,369,537,912,606
Sep 24, 2022;Rp 291,623,102.29;Rp 291,822,689.80;Rp 285,048,972.53;Rp 286,182,961.48;Rp 395,182,864,597,514;Rp 5,483,165,377,880,133
Sep 23, 2022;Rp 291,703,339.32;Rp 292,720,448.35;Rp 280,641,578.46;Rp 291,632,882.05;Rp 584,477,751,219,915;Rp 5,555,637,504,931,974
Sep 22, 2022;Rp 279,113,288.26;Rp 292,372,190.17;Rp 277,225,938.11;Rp 291,720,645.44;Rp 619,463,529,209,281;Rp 5,600,803,030,503,158
Sep 21, 2022;Rp 283,703,619.04;Rp 295,887,016.22;Rp 275,069,879.16;Rp 279,305,292.99;Rp 696,277,548,743,102;Rp 5,336,011,907,084,399
Sep 20, 2022;Rp 292,907,299.00;Rp 293,761,436.65;Rp 282,736,666.38;Rp 283,696,203.40;Rp 551,349,600,044,013;Rp 5,423,025,943,914,880
Sep 19, 2022;Rp 290,368,569.73;Rp 294,314,297.34;Rp 275,328,085.37;Rp 292,885,389.30;Rp 600,772,247,067,002;Rp 5,598,058,777,212,798
Sep 18, 2022;Rp 301,892,407.44;Rp 301,892,407.44;Rp 289,377,695.85;Rp 290,382,547.46;Rp 468,796,683,344,228;Rp 5,579,259,111,450,143
Sep 17, 2022;Rp 296,639,688.81;Rp 302,421,850.31;Rp 296,639,688.81;Rp 301,897,547.80;Rp 374,341,755,556,474;Rp 5,782,390,757,210,915
Sep 16, 2022;Rp 294,712,809.39;Rp 297,152,245.72;Rp 290,856,326.33;Rp 296,572,945.02;Rp 450,555,129,547,722;Rp 5,664,113,793,806,376
Sep 15, 2022;Rp 302,065,571.17;Rp 302,898,917.41;Rp 293,384,584.64;Rp 294,397,150.59;Rp 543,015,024,184,602;Rp 5,630,427,703,169,070
Sep 14, 2022;Rp 302,516,022.92;Rp 305,616,860.34;Rp 294,985,738.30;Rp 302,047,662.58;Rp 567,612,308,549,480;Rp 5,809,633,233,411,451
Sep 13, 2022;Rp 332,663,917.11;Rp 336,932,961.72;Rp 300,284,011.16;Rp 303,788,944.55;Rp 759,724,904,148,251;Rp 5,779,706,097,945,348
Sep 12, 2022;Rp 322,853,443.50;Rp 333,420,323.88;Rp 320,670,972.12;Rp 332,440,526.25;Rp 744,650,230,606,498;Rp 6,352,828,041,313,218
Sep 11, 2022;Rp 321,618,536.67;Rp 322,859,450.54;Rp 317,464,989.05;Rp 322,840,218.11;Rp 511,745,372,501,458;Rp 6,184,159,161,519,751
Sep 10, 2022;Rp 317,154,275.26;Rp 322,831,099.25;Rp 314,063,389.19;Rp 321,648,146.61;Rp 547,663,304,331,724;Rp 6,158,808,481,806,600
Sep 09, 2022;Rp 288,085,925.63;Rp 318,081,508.44;Rp 287,829,897.17;Rp 317,217,198.09;Rp 722,438,317,348,103;Rp 6,101,567,574,949,708
Sep 08, 2022;Rp 287,580,220.99;Rp 289,297,100.94;Rp 284,360,978.84;Rp 288,111,189.67;Rp 479,964,934,133,155;Rp 5,517,140,503,031,389
Sep 07, 2022;Rp 280,935,790.22;Rp 289,626,118.33;Rp 278,340,861.43;Rp 287,585,935.41;Rp 525,548,118,037,375;Rp 5,507,548,042,155,996
Sep 06, 2022;Rp 295,079,140.45;Rp 299,537,526.03;Rp 280,186,760.14;Rp 280,700,086.58;Rp 646,270,416,660,582;Rp 5,369,458,713,468,904
Sep 05, 2022;Rp 297,767,729.99;Rp 298,404,194.25;Rp 293,422,085.62;Rp 295,053,761.02;Rp 429,226,514,608,442;Rp 5,649,709,115,154,726
Sep 04, 2022;Rp 295,351,112.30;Rp 297,930,101.83;Rp 292,437,363.48;Rp 297,736,804.68;Rp 375,968,945,501,707;Rp 5,697,444,642,530,898
Sep 03, 2022;Rp 297,395,036.56;Rp 298,397,173.70;Rp 293,353,815.05;Rp 295,345,400.11;Rp 351,652,646,239,794;Rp 5,653,049,179,811,336
Sep 02, 2022;Rp 300,189,003.88;Rp 303,458,017.36;Rp 295,325,217.63;Rp 297,395,823.33;Rp 434,396,929,906,685;Rp 5,700,869,758,947,488
Sep 01, 2022;Rp 297,944,866.96;Rp 300,206,360.68;Rp 292,810,612.62;Rp 300,206,360.68;Rp 448,496,636,515,026;Rp 5,724,088,927,835,095
Aug 31, 2022;Rp 294,211,878.55;Rp 303,189,423.72;Rp 294,211,878.55;Rp 297,714,923.65;Rp 493,710,347,843,067;Rp 5,701,740,264,829,260
Aug 30, 2022;Rp 302,189,497.78;Rp 305,027,077.65;Rp 291,460,272.49;Rp 294,170,689.30;Rp 513,360,681,217,543;Rp 5,640,025,701,659,867
Aug 29, 2022;Rp 290,658,438.18;Rp 303,006,340.68;Rp 290,444,432.64;Rp 302,180,305.74;Rp 483,629,544,786,436;Rp 5,755,659,480,179,166
Aug 28, 2022;Rp 297,207,544.10;Rp 299,117,316.92;Rp 290,683,060.18;Rp 290,683,060.18;Rp 361,358,582,729,583;Rp 5,566,679,506,934,427
Aug 27, 2022;Rp 300,491,569.90;Rp 301,652,669.75;Rp 294,975,466.44;Rp 297,217,979.18;Rp 446,629,596,745,265;Rp 5,686,966,733,078,885
Aug 26, 2022;Rp 319,114,634.26;Rp 322,123,166.79;Rp 299,557,328.62;Rp 300,455,063.58;Rp 625,441,962,008,556;Rp 5,727,907,633,869,178
Aug 25, 2022;Rp 317,722,557.09;Rp 322,881,494.20;Rp 317,232,252.71;Rp 319,149,053.30;Rp 460,775,891,956,511;Rp 6,137,027,215,236,967
Aug 24, 2022;Rp 319,893,893.36;Rp 323,132,805.79;Rp 314,874,079.21;Rp 317,716,048.06;Rp 474,975,066,202,632;Rp 6,082,529,174,102,618
Aug 23, 2022;Rp 319,107,781.82;Rp 321,121,911.99;Rp 312,281,529.27;Rp 319,724,389.60;Rp 475,332,261,159,718;Rp 6,140,783,623,753,413
Aug 22, 2022;Rp 320,058,253.49;Rp 320,058,253.49;Rp 312,129,551.37;Rp 319,075,912.57;Rp 470,712,272,872,586;Rp 6,084,708,377,213,723
Aug 21, 2022;Rp 314,769,306.82;Rp 322,100,393.41;Rp 313,918,493.82;Rp 320,097,754.62;Rp 343,656,068,320,762;Rp 6,127,276,532,388,134
Aug 20, 2022;Rp 310,491,876.48;Rp 317,601,784.04;Rp 310,252,221.32;Rp 314,853,614.83;Rp 410,496,644,417,681;Rp 6,022,277,822,041,729
Aug 19, 2022;Rp 344,996,261.40;Rp 344,996,261.40;Rp 310,432,453.20;Rp 310,561,962.21;Rp 602,053,827,691,856;Rp 5,934,534,984,735,580
Aug 18, 2022;Rp 344,763,484.46;Rp 349,285,512.72;Rp 344,178,125.65;Rp 344,711,496.59;Rp 350,768,869,537,014;Rp 6,557,411,735,186,265
Aug 17, 2022;Rp 352,619,564.21;Rp 360,157,156.47;Rp 343,271,804.60;Rp 344,689,028.97;Rp 456,720,880,542,908;Rp 6,589,600,555,345,132
Aug 16, 2022;Rp 356,871,487.05;Rp 357,801,955.43;Rp 350,132,326.60;Rp 352,268,982.26;Rp 410,529,844,869,375;Rp 6,755,917,194,548,662
Aug 15, 2022;Rp 356,702,721.53;Rp 369,803,265.37;Rp 352,267,242.92;Rp 356,658,766.18;Rp 515,193,934,774,256;Rp 6,770,193,827,454,452
Aug 14, 2022;Rp 358,156,271.64;Rp 366,159,119.35;Rp 354,889,818.11;Rp 356,717,660.08;Rp 337,118,743,323,054;Rp 6,817,758,223,091,532
Aug 13, 2022;Rp 357,762,329.02;Rp 364,475,091.68;Rp 356,940,242.04;Rp 358,083,118.65;Rp 337,019,234,693,581;Rp 6,846,828,891,476,056
Aug 12, 2022;Rp 352,925,536.89;Rp 357,914,490.97;Rp 347,785,353.03;Rp 357,771,580.67;Rp 401,666,201,766,405;Rp 6,873,406,173,919,707
Aug 11, 2022;Rp 353,705,098.12;Rp 364,333,797.30;Rp 352,116,656.11;Rp 352,949,522.06;Rp 548,347,766,764,438;Rp 6,765,067,704,188,802
Aug 10, 2022;Rp 344,372,082.36;Rp 357,238,832.22;Rp 338,207,708.18;Rp 353,622,876.63;Rp 488,207,232,385,830;Rp 6,806,797,184,767,922
Aug 09, 2022;Rp 353,183,829.34;Rp 355,088,466.05;Rp 341,243,169.28;Rp 344,221,765.27;Rp 349,390,205,316,056;Rp 6,568,352,547,579,881
Aug 08, 2022;Rp 345,214,385.63;Rp 360,465,538.28;Rp 345,170,007.30;Rp 353,124,455.76;Rp 425,577,671,937,253;Rp 6,778,560,326,172,456
Aug 07, 2022;Rp 343,212,564.31;Rp 348,934,490.48;Rp 342,182,037.48;Rp 345,160,231.42;Rp 237,444,367,515,523;Rp 6,621,301,649,615,025
Aug 06, 2022;Rp 348,113,624.00;Rp 348,638,790.00;Rp 343,179,275.43;Rp 343,179,275.43;Rp 238,811,072,231,422;Rp 6,559,652,901,543,601
Aug 05, 2022;Rp 337,332,145.64;Rp 348,772,931.23;Rp 337,113,663.41;Rp 348,082,091.18;Rp 430,576,101,393,890;Rp 6,636,328,457,332,786
Aug 04, 2022;Rp 340,586,907.70;Rp 345,361,535.38;Rp 334,694,032.81;Rp 336,981,735.02;Rp 374,454,705,031,962;Rp 6,447,547,186,709,321
Aug 03, 2022;Rp 342,311,100.09;Rp 351,027,158.51;Rp 339,181,153.45;Rp 340,111,381.27;Rp 391,567,549,307,864;Rp 6,503,740,394,507,389
Aug 02, 2022;Rp 346,205,210.02;Rp 347,775,067.10;Rp 337,900,401.38;Rp 342,263,642.30;Rp 421,671,676,189,526;Rp 6,522,463,540,354,778
Aug 01, 2022;Rp 346,146,501.52;Rp 348,324,193.16;Rp 339,532,240.87;Rp 346,106,385.62;Rp 383,412,782,547,724;Rp 6,608,372,933,082,680
Jul 31, 2022;Rp 350,414,872.85;Rp 357,371,783.43;Rp 344,950,957.16;Rp 346,149,135.11;Rp 348,955,885,355,469;Rp 6,606,795,390,585,225
Jul 30, 2022;Rp 352,559,386.42;Rp 364,052,593.14;Rp 349,354,665.38;Rp 350,476,169.54;Rp 417,027,113,381,453;Rp 6,696,867,805,715,282
Jul 29, 2022;Rp 354,339,855.87;Rp 360,536,429.14;Rp 349,408,067.12;Rp 352,675,163.20;Rp 533,284,531,217,705;Rp 6,758,885,364,010,206
Jul 28, 2022;Rp 342,802,840.11;Rp 358,032,039.63;Rp 339,300,223.95;Rp 354,320,149.04;Rp 601,078,565,452,921;Rp 6,809,613,476,280,336
Jul 27, 2022;Rp 318,463,910.41;Rp 343,029,127.63;Rp 316,609,932.85;Rp 342,139,834.19;Rp 476,087,382,277,792;Rp 6,567,343,701,093,632
Jul 26, 2022;Rp 320,181,855.75;Rp 320,181,855.75;Rp 311,451,744.94;Rp 318,397,724.00;Rp 429,055,236,441,453;Rp 6,082,088,158,213,904
Jul 25, 2022;Rp 339,503,303.66;Rp 340,144,504.69;Rp 319,779,530.18;Rp 319,780,384.46;Rp 534,241,519,183,643;Rp 6,128,328,047,203,599
Jul 24, 2022;Rp 336,488,397.80;Rp 344,103,769.72;Rp 334,111,852.24;Rp 339,533,477.21;Rp 352,963,988,661,357;Rp 6,468,831,638,008,013
Jul 23, 2022;Rp 340,105,197.79;Rp 344,152,666.39;Rp 329,559,595.20;Rp 336,487,923.92;Rp 359,798,507,960,419;Rp 6,427,392,448,819,072
Jul 22, 2022;Rp 347,825,742.76;Rp 354,251,939.26;Rp 338,553,951.39;Rp 340,224,957.69;Rp 471,824,508,474,935;Rp 6,514,910,585,436,411
Jul 21, 2022;Rp 347,946,241.00;Rp 350,649,420.14;Rp 337,749,902.00;Rp 347,838,907.13;Rp 503,666,446,496,273;Rp 6,626,023,478,518,575
Jul 20, 2022;Rp 349,982,036.68;Rp 362,054,907.37;Rp 344,349,650.68;Rp 347,924,225.83;Rp 642,307,427,564,277;Rp 6,638,080,355,028,601
Jul 19, 2022;Rp 336,602,096.22;Rp 354,077,872.21;Rp 324,764,303.18;Rp 349,925,796.38;Rp 730,575,884,223,988;Rp 6,692,098,276,776,453
Jul 18, 2022;Rp 311,634,119.00;Rp 338,736,163.26;Rp 311,634,119.00;Rp 336,869,353.54;Rp 599,435,257,518,802;Rp 6,439,228,559,251,957
Jul 17, 2022;Rp 317,848,256.29;Rp 323,930,759.44;Rp 311,578,161.54;Rp 311,595,626.21;Rp 343,833,344,747,855;Rp 5,950,676,554,434,857
Jul 16, 2022;Rp 312,435,517.45;Rp 322,637,522.37;Rp 307,708,587.74;Rp 317,777,390.35;Rp 364,455,605,043,304;Rp 6,068,118,157,410,761
Jul 15, 2022;Rp 309,535,480.39;Rp 317,098,488.93;Rp 306,842,256.47;Rp 312,468,877.06;Rp 389,764,924,612,011;Rp 5,986,060,697,573,380
Jul 14, 2022;Rp 303,787,428.49;Rp 312,717,422.64;Rp 297,247,443.27;Rp 309,486,789.27;Rp 468,329,933,759,680;Rp 5,903,295,492,888,399
Jul 13, 2022;Rp 289,580,375.31;Rp 303,961,581.69;Rp 285,758,398.46;Rp 303,796,560.13;Rp 495,107,776,301,307;Rp 5,782,448,917,892,538
Jul 12, 2022;Rp 299,768,812.40;Rp 300,777,564.84;Rp 289,319,022.77;Rp 289,549,540.21;Rp 387,426,888,620,355;Rp 5,537,962,163,012,341
Jul 11, 2022;Rp 312,363,398.12;Rp 312,363,398.12;Rp 299,079,297.09;Rp 299,770,036.82;Rp 361,695,731,865,239;Rp 5,710,154,398,505,460
Jul 10, 2022;Rp 323,368,537.60;Rp 323,368,537.60;Rp 310,429,092.21;Rp 312,424,749.85;Rp 429,670,831,704,891;Rp 5,964,384,283,368,364
Jul 09, 2022;Rp 325,251,855.87;Rp 327,652,821.75;Rp 321,195,014.22;Rp 323,385,390.75;Rp 443,933,689,849,524;Rp 6,173,277,381,929,717
Jul 08, 2022;Rp 324,177,569.78;Rp 333,954,242.61;Rp 318,199,633.55;Rp 325,465,846.50;Rp 747,621,720,045,884;Rp 6,215,017,228,092,198
Jul 07, 2022;Rp 308,525,430.83;Rp 325,855,512.57;Rp 304,126,957.26;Rp 323,798,927.53;Rp 387,611,812,391,791;Rp 6,201,404,421,104,738
Jul 06, 2022;Rp 303,797,758.43;Rp 308,841,294.03;Rp 297,764,005.91;Rp 308,132,248.40;Rp 370,054,209,667,901;Rp 5,900,074,183,450,877
Jul 05, 2022;Rp 303,272,095.90;Rp 309,979,099.87;Rp 290,984,954.01;Rp 303,157,600.29;Rp 400,590,276,667,506;Rp 5,778,185,084,064,626
Jul 04, 2022;Rp 288,270,555.56;Rp 303,772,823.84;Rp 285,124,374.78;Rp 303,360,685.42;Rp 322,588,848,041,661;Rp 5,767,999,483,856,067
Jul 03, 2022;Rp 288,153,255.41;Rp 292,888,010.02;Rp 284,032,930.81;Rp 288,266,998.69;Rp 245,455,017,302,095;Rp 5,514,937,970,859,879
Jul 02, 2022;Rp 288,643,564.58;Rp 290,094,826.95;Rp 284,933,397.37;Rp 288,155,663.67;Rp 271,056,485,711,424;Rp 5,499,002,182,798,081
Jul 01, 2022;Rp 296,464,687.12;Rp 308,097,363.61;Rp 285,214,608.38;Rp 288,561,656.55;Rp 460,205,646,463,699;Rp 5,500,012,845,333,177
Jun 30, 2022;Rp 299,226,303.30;Rp 299,482,941.64;Rp 279,611,291.90;Rp 295,364,203.37;Rp 390,875,622,384,615;Rp 5,617,864,492,111,043
Jun 29, 2022;Rp 301,225,055.34;Rp 301,914,188.81;Rp 296,156,715.73;Rp 298,922,699.83;Rp 349,815,898,059,063;Rp 5,697,371,170,642,127
Jun 28, 2022;Rp 307,136,075.07;Rp 313,871,526.93;Rp 300,479,778.66;Rp 301,390,526.40;Rp 316,765,633,974,674;Rp 5,732,619,569,065,451
Jun 27, 2022;Rp 312,227,281.20;Rp 317,555,699.03;Rp 305,485,147.85;Rp 307,044,736.81;Rp 311,298,649,862,615;Rp 5,873,970,579,285,929
Jun 26, 2022;Rp 318,782,268.76;Rp 323,041,746.43;Rp 311,767,968.52;Rp 312,211,313.58;Rp 267,333,924,890,838;Rp 5,948,971,684,331,442
Jun 25, 2022;Rp 314,883,817.60;Rp 319,144,403.63;Rp 310,894,313.39;Rp 318,868,931.59;Rp 272,455,562,892,223;Rp 6,083,094,494,824,280
Jun 24, 2022;Rp 313,476,005.04;Rp 318,432,636.20;Rp 308,566,824.48;Rp 314,854,839.28;Rp 371,059,867,252,758;Rp 6,021,612,623,145,137
Jun 23, 2022;Rp 296,479,331.10;Rp 313,842,819.89;Rp 295,938,029.09;Rp 313,494,278.68;Rp 388,471,614,669,422;Rp 5,966,490,661,366,910
Jun 22, 2022;Rp 307,476,102.70;Rp 308,859,787.05;Rp 294,454,186.27;Rp 296,485,590.23;Rp 424,049,935,236,059;Rp 5,657,602,894,731,151
Jun 21, 2022;Rp 305,367,055.25;Rp 320,699,863.86;Rp 301,836,689.92;Rp 307,345,261.01;Rp 429,563,071,991,466;Rp 5,857,341,505,522,352
Jun 20, 2022;Rp 304,662,607.30;Rp 309,889,421.29;Rp 292,099,658.73;Rp 305,444,799.04;Rp 456,822,011,808,558;Rp 5,823,779,194,258,256
Jun 19, 2022;Rp 282,099,924.38;Rp 306,840,190.03;Rp 268,095,757.23;Rp 304,667,335.81;Rp 524,255,719,093,003;Rp 5,816,664,743,597,707
Jun 18, 2022;Rp 303,802,082.23;Rp 307,699,002.88;Rp 262,775,610.96;Rp 282,199,942.25;Rp 623,371,730,635,846;Rp 5,381,833,123,159,201
Jun 17, 2022;Rp 302,524,065.68;Rp 314,786,584.35;Rp 301,035,739.95;Rp 303,773,249.06;Rp 402,645,135,288,455;Rp 5,793,410,278,477,447
Jun 16, 2022;Rp 331,761,064.70;Rp 336,779,235.47;Rp 300,735,949.58;Rp 302,468,779.41;Rp 458,251,640,645,828;Rp 5,711,468,698,668,298
Jun 15, 2022;Rp 328,117,466.87;Rp 332,736,334.53;Rp 297,476,682.00;Rp 331,710,138.50;Rp 811,722,649,837,759;Rp 6,362,752,929,419,299
Jun 14, 2022;Rp 333,204,505.97;Rp 338,945,852.89;Rp 309,150,217.34;Rp 328,271,914.43;Rp 754,386,444,349,163;Rp 6,273,949,446,674,856
Jun 13, 2022;Rp 389,111,967.68;Rp 392,373,884.40;Rp 327,309,781.98;Rp 333,195,626.89;Rp 992,580,909,850,949;Rp 6,239,742,127,565,820
Jun 12, 2022;Rp 414,677,492.11;Rp 416,565,317.17;Rp 389,475,052.42;Rp 389,475,052.42;Rp 499,293,756,127,022;Rp 7,457,314,260,527,875
Jun 11, 2022;Rp 425,070,947.16;Rp 429,707,536.56;Rp 412,670,825.34;Rp 414,491,839.95;Rp 398,207,323,081,077;Rp 7,902,281,540,312,993
Jun 10, 2022;Rp 439,784,002.12;Rp 440,953,643.91;Rp 423,662,437.56;Rp 425,058,351.79;Rp 436,236,951,559,280;Rp 8,098,244,349,226,406
Jun 09, 2022;Rp 438,523,408.37;Rp 445,885,709.38;Rp 438,523,408.37;Rp 439,991,996.82;Rp 314,822,572,117,886;Rp 8,331,057,143,394,608
Jun 08, 2022;Rp 450,618,617.28;Rp 452,034,907.12;Rp 433,389,059.22;Rp 438,510,016.48;Rp 437,463,481,825,171;Rp 8,331,393,701,425,134
Jun 07, 2022;Rp 452,938,925.97;Rp 455,485,672.38;Rp 423,945,253.87;Rp 450,913,243.26;Rp 588,643,168,990,035;Rp 8,574,001,329,053,632
Jun 06, 2022;Rp 431,844,676.41;Rp 457,437,179.51;Rp 431,612,276.68;Rp 453,070,929.62;Rp 461,255,649,142,147;Rp 8,632,877,943,226,781
Jun 05, 2022;Rp 430,625,177.54;Rp 434,704,450.03;Rp 426,862,817.30;Rp 431,782,059.83;Rp 249,181,177,201,840;Rp 8,227,049,364,386,743
Jun 04, 2022;Rp 428,763,565.50;Rp 432,002,794.71;Rp 425,788,341.63;Rp 430,593,367.46;Rp 239,428,252,219,615;Rp 8,206,374,560,818,815
Jun 03, 2022;Rp 439,802,791.73;Rp 442,402,283.90;Rp 424,008,699.36;Rp 428,738,332.64;Rp 377,844,027,460,548;Rp 8,171,481,459,152,627
Jun 02, 2022;Rp 433,682,502.04;Rp 441,779,347.68;Rp 431,630,704.28;Rp 439,798,185.54;Rp 423,328,695,929,751;Rp 8,451,031,822,281,370
Jun 01, 2022;Rp 462,454,487.71;Rp 465,303,360.15;Rp 429,650,826.31;Rp 433,740,504.77;Rp 598,361,599,056,047;Rp 8,259,839,636,367,240
May 31, 2022;Rp 461,218,999.00;Rp 468,953,333.95;Rp 455,092,652.67;Rp 462,461,843.05;Rp 487,596,952,247,766;Rp 8,807,422,883,337,005
May 30, 2022;Rp 429,195,941.98;Rp 464,501,316.79;Rp 427,158,163.71;Rp 461,539,668.51;Rp 572,555,307,968,709;Rp 8,811,992,451,919,198
May 29, 2022;Rp 421,931,460.31;Rp 429,237,585.61;Rp 419,332,383.71;Rp 429,237,585.61;Rp 263,074,252,074,036;Rp 8,157,108,549,191,045
May 28, 2022;Rp 419,346,884.66;Rp 423,618,769.95;Rp 415,166,257.21;Rp 421,984,102.02;Rp 279,917,191,719,368;Rp 8,039,680,356,299,512
May 27, 2022;Rp 427,365,018.26;Rp 428,758,837.58;Rp 411,851,966.51;Rp 416,227,761.85;Rp 534,470,420,403,337;Rp 7,968,231,011,083,648
May 26, 2022;Rp 432,115,817.03;Rp 436,437,949.41;Rp 413,025,602.82;Rp 427,886,283.79;Rp 537,489,861,952,162;Rp 8,149,065,036,042,546
May 25, 2022;Rp 433,998,840.19;Rp 441,356,160.87;Rp 430,073,710.93;Rp 432,290,408.78;Rp 402,852,701,379,200;Rp 8,242,109,329,578,060
May 24, 2022;Rp 425,627,238.34;Rp 435,772,989.54;Rp 421,633,626.73;Rp 434,544,639.65;Rp 389,287,697,043,888;Rp 8,262,043,833,718,002
May 23, 2022;Rp 444,093,277.23;Rp 448,475,474.20;Rp 423,787,842.19;Rp 425,833,445.24;Rp 461,295,576,166,988;Rp 8,121,145,843,825,731
May 22, 2022;Rp 431,846,301.65;Rp 446,246,211.29;Rp 429,538,478.30;Rp 444,303,438.29;Rp 317,387,444,831,879;Rp 8,474,347,252,815,535
May 21, 2022;Rp 428,433,294.69;Rp 434,141,019.30;Rp 425,902,808.88;Rp 431,842,685.84;Rp 253,464,128,165,052;Rp 8,224,870,180,637,302
May 20, 2022;Rp 443,679,009.42;Rp 449,266,435.78;Rp 422,798,112.62;Rp 428,446,222.31;Rp 450,094,087,871,009;Rp 8,140,380,982,812,308
May 19, 2022;Rp 423,339,521.21;Rp 444,969,109.89;Rp 422,912,269.09;Rp 443,726,077.88;Rp 497,822,307,838,358;Rp 8,509,670,079,268,450
May 18, 2022;Rp 445,129,906.92;Rp 448,161,116.08;Rp 423,911,205.84;Rp 423,911,205.84;Rp 457,723,810,904,642;Rp 8,002,035,645,721,948
May 17, 2022;Rp 437,409,624.03;Rp 449,711,770.87;Rp 433,221,186.52;Rp 445,936,577.19;Rp 426,263,832,749,914;Rp 8,486,635,759,878,518
May 16, 2022;Rp 457,450,819.36;Rp 457,464,971.38;Rp 429,278,266.35;Rp 437,417,094.96;Rp 476,586,881,030,139;Rp 8,309,584,956,944,613
May 15, 2022;Rp 441,424,366.50;Rp 457,497,360.54;Rp 433,052,363.87;Rp 457,452,371.09;Rp 378,900,274,909,801;Rp 8,741,999,916,081,581
May 14, 2022;Rp 429,501,775.97;Rp 442,806,141.97;Rp 420,955,436.06;Rp 441,463,668.61;Rp 419,150,924,163,781;Rp 8,405,490,323,495,653
May 13, 2022;Rp 424,784,635.48;Rp 452,330,904.36;Rp 422,151,562.17;Rp 429,464,536.32;Rp 626,857,760,407,180;Rp 8,157,789,798,343,456
May 12, 2022;Rp 420,742,620.61;Rp 436,675,134.79;Rp 384,825,193.54;Rp 426,044,221.62;Rp 974,028,388,524,774;Rp 8,040,918,651,184,627
May 11, 2022;Rp 450,553,477.11;Rp 464,924,227.19;Rp 409,733,024.25;Rp 420,905,326.62;Rp 1,022,496,675,103,582;Rp 8,002,159,008,189,959
May 10, 2022;Rp 440,549,784.59;Rp 474,065,861.03;Rp 435,764,255.62;Rp 450,651,133.16;Rp 870,385,189,603,650;Rp 8,594,055,317,155,341
May 09, 2022;Rp 493,768,044.45;Rp 496,433,951.17;Rp 440,888,840.10;Rp 440,888,840.10;Rp 918,464,610,480,284;Rp 8,360,664,885,358,423
May 08, 2022;Rp 514,744,703.96;Rp 514,744,703.96;Rp 491,199,249.63;Rp 493,756,445.07;Rp 533,014,477,566,497;Rp 9,399,505,549,306,020
May 07, 2022;Rp 522,567,646.16;Rp 523,835,144.62;Rp 506,594,787.63;Rp 514,730,407.43;Rp 353,417,590,408,558;Rp 9,797,165,991,332,042
May 06, 2022;Rp 528,802,500.38;Rp 529,542,459.31;Rp 513,832,731.20;Rp 522,544,718.81;Rp 546,476,806,027,997;Rp 9,918,034,393,578,058
May 05, 2022;Rp 572,809,619.84;Rp 573,465,031.02;Rp 518,777,755.66;Rp 528,830,836.32;Rp 622,023,278,659,550;Rp 10,044,553,683,532,464
May 04, 2022;Rp 545,677,709.67;Rp 574,779,052.40;Rp 545,447,115.78;Rp 572,847,488.04;Rp 531,314,320,419,626;Rp 10,921,233,645,342,092
May 03, 2022;Rp 559,682,443.24;Rp 559,682,443.24;Rp 543,149,179.97;Rp 545,713,011.70;Rp 396,967,573,706,631;Rp 10,435,701,737,173,456
May 02, 2022;Rp 557,731,297.06;Rp 567,248,407.30;Rp 554,586,548.97;Rp 559,700,133.20;Rp 477,279,547,260,030;Rp 10,628,776,012,069,450
May 01, 2022;Rp 547,788,946.75;Rp 561,073,493.04;Rp 545,937,320.17;Rp 557,685,653.77;Rp 392,217,790,868,434;Rp 10,632,180,950,248,702
Apr 30, 2022;Rp 560,753,959.73;Rp 563,155,702.25;Rp 547,566,388.66;Rp 547,812,338.78;Rp 347,087,631,516,329;Rp 10,423,166,754,047,658
Apr 29, 2022;Rp 577,285,204.08;Rp 577,500,149.03;Rp 555,668,419.43;Rp 560,811,542.86;Rp 448,300,638,608,805;Rp 10,663,378,450,805,016
Apr 28, 2022;Rp 566,942,500.73;Rp 583,949,527.17;Rp 565,123,765.68;Rp 577,356,892.58;Rp 489,825,471,856,647;Rp 10,932,436,780,393,440
Apr 27, 2022;Rp 550,171,267.73;Rp 569,480,609.44;Rp 548,373,401.75;Rp 566,938,083.04;Rp 447,133,501,651,585;Rp 10,774,314,983,798,278
Apr 26, 2022;Rp 583,533,214.53;Rp 585,923,763.21;Rp 546,816,734.11;Rp 550,130,277.65;Rp 498,714,410,918,357;Rp 10,460,922,168,687,618
Apr 25, 2022;Rp 566,708,224.07;Rp 584,154,286.15;Rp 553,136,518.23;Rp 583,671,794.25;Rp 508,894,353,815,647;Rp 11,049,248,506,893,428
Apr 24, 2022;Rp 571,252,063.60;Rp 576,570,530.99;Rp 566,650,283.02;Rp 566,650,283.02;Rp 259,944,841,460,881;Rp 10,863,425,193,162,364
Apr 23, 2022;Rp 575,019,325.67;Rp 577,871,903.59;Rp 569,426,377.73;Rp 571,372,964.42;Rp 233,517,167,464,335;Rp 10,867,628,057,785,514
Apr 22, 2022;Rp 582,360,688.37;Rp 585,156,758.78;Rp 568,113,693.39;Rp 575,042,428.25;Rp 402,531,170,808,005;Rp 10,861,317,925,445,644
Apr 21, 2022;Rp 593,763,983.96;Rp 615,503,810.05;Rp 575,721,224.39;Rp 583,026,659.71;Rp 507,670,230,357,871;Rp 11,061,980,498,871,246
Apr 20, 2022;Rp 596,608,324.32;Rp 605,586,627.48;Rp 587,783,062.82;Rp 593,805,075.96;Rp 399,919,687,145,787;Rp 11,311,052,018,563,418
Apr 19, 2022;Rp 586,041,488.29;Rp 598,267,457.21;Rp 581,793,832.23;Rp 596,184,934.62;Rp 363,198,431,294,259;Rp 11,328,452,070,273,376
Apr 18, 2022;Rp 569,760,934.64;Rp 588,307,373.93;Rp 555,706,332.36;Rp 586,013,357.36;Rp 483,467,131,662,024;Rp 11,135,686,038,908,962
Apr 17, 2022;Rp 580,672,775.71;Rp 582,870,194.53;Rp 568,324,454.10;Rp 569,702,353.42;Rp 274,227,577,171,324;Rp 10,849,811,167,209,200
Apr 16, 2022;Rp 582,605,701.05;Rp 583,774,624.48;Rp 575,797,402.36;Rp 580,769,133.99;Rp 241,837,954,475,473;Rp 11,042,518,975,302,576
Apr 15, 2022;Rp 575,007,598.83;Rp 583,556,825.66;Rp 573,430,535.04;Rp 582,622,159.30;Rp 313,233,452,278,348;Rp 11,100,574,664,953,394
Apr 14, 2022;Rp 591,071,036.99;Rp 595,656,349.23;Rp 570,854,576.73;Rp 574,430,479.75;Rp 349,557,233,839,824;Rp 10,902,952,366,990,724
Apr 13, 2022;Rp 576,848,808.50;Rp 594,912,791.13;Rp 570,493,464.32;Rp 591,164,560.51;Rp 398,109,668,494,320;Rp 11,251,535,031,571,510
Apr 12, 2022;Rp 567,733,773.38;Rp 583,404,605.25;Rp 565,628,162.30;Rp 576,396,875.25;Rp 445,061,195,900,687;Rp 10,954,663,549,872,290
Apr 11, 2022;Rp 606,091,311.06;Rp 609,716,596.57;Rp 565,426,647.41;Rp 568,047,905.48;Rp 487,588,638,522,483;Rp 10,789,808,483,048,838
Apr 10, 2022;Rp 614,792,077.70;Rp 623,346,784.76;Rp 603,508,572.08;Rp 606,200,514.14;Rp 253,706,289,539,730;Rp 11,529,477,834,566,882
Apr 09, 2022;Rp 607,620,964.28;Rp 614,874,383.78;Rp 606,200,777.80;Rp 614,807,092.93;Rp 230,660,033,783,702;Rp 11,685,864,664,242,668
Apr 08, 2022;Rp 625,362,413.70;Rp 631,083,115.85;Rp 606,201,255.10;Rp 607,701,211.67;Rp 391,214,964,989,722;Rp 11,553,270,153,715,734
Apr 07, 2022;Rp 621,369,201.59;Rp 630,560,673.48;Rp 616,770,063.52;Rp 626,020,389.47;Rp 375,373,780,314,585;Rp 11,890,465,576,194,874
Apr 06, 2022;Rp 653,941,798.46;Rp 653,941,798.46;Rp 621,436,945.03;Rp 621,620,865.36;Rp 565,624,164,370,629;Rp 11,790,094,993,146,580
Apr 05, 2022;Rp 668,010,293.91;Rp 674,926,587.15;Rp 654,418,541.33;Rp 654,579,267.86;Rp 424,674,272,569,345;Rp 12,403,774,682,224,494
Apr 04, 2022;Rp 667,325,662.64;Rp 670,890,634.75;Rp 648,057,337.93;Rp 668,051,639.40;Rp 466,956,917,429,440;Rp 12,729,543,023,248,464
Apr 03, 2022;Rp 659,062,175.16;Rp 679,919,954.26;Rp 655,828,241.05;Rp 667,440,642.14;Rp 365,241,744,530,586;Rp 12,685,736,289,549,250
Apr 02, 2022;Rp 665,189,721.07;Rp 675,864,585.92;Rp 657,961,096.71;Rp 659,203,309.34;Rp 421,609,396,626,540;Rp 12,525,533,946,394,182
Apr 01, 2022;Rp 653,613,420.07;Rp 669,596,625.13;Rp 637,287,200.70;Rp 665,134,332.39;Rp 547,559,528,352,318;Rp 12,617,095,689,710,736
Mar 31, 2022;Rp 674,064,065.90;Rp 682,039,696.96;Rp 651,265,696.52;Rp 653,810,169.23;Rp 477,343,739,340,662;Rp 12,392,160,173,492,304
Mar 30, 2022;Rp 680,441,735.33;Rp 682,893,525.82;Rp 670,364,044.16;Rp 674,413,362.88;Rp 420,592,161,648,868;Rp 12,819,935,773,093,858
Mar 29, 2022;Rp 676,545,989.96;Rp 689,684,168.88;Rp 676,545,989.96;Rp 681,014,559.52;Rp 450,984,216,747,310;Rp 12,952,404,741,433,040
Mar 28, 2022;Rp 671,472,154.40;Rp 690,608,723.29;Rp 669,584,217.50;Rp 676,941,953.33;Rp 521,469,961,774,067;Rp 12,839,110,682,175,594
Mar 27, 2022;Rp 638,981,214.08;Rp 671,554,597.16;Rp 638,003,999.83;Rp 671,453,453.83;Rp 404,317,158,104,537;Rp 12,769,266,345,214,550
Mar 26, 2022;Rp 636,748,657.49;Rp 642,292,583.19;Rp 634,112,878.76;Rp 638,916,193.91;Rp 243,364,476,908,026;Rp 12,136,077,014,194,814
Mar 25, 2022;Rp 632,215,016.60;Rp 645,576,227.26;Rp 627,014,750.06;Rp 636,732,469.11;Rp 439,663,426,643,501;Rp 12,113,106,724,675,846
Mar 24, 2022;Rp 617,310,500.81;Rp 633,837,141.24;Rp 613,857,458.61;Rp 631,371,316.73;Rp 446,832,831,047,866;Rp 12,018,179,203,629,434
Mar 23, 2022;Rp 607,945,610.68;Rp 616,853,664.19;Rp 601,155,640.67;Rp 616,845,766.16;Rp 362,246,234,809,339;Rp 11,690,121,044,494,168
Mar 22, 2022;Rp 589,086,860.69;Rp 619,178,999.96;Rp 587,114,976.16;Rp 607,865,684.32;Rp 459,012,324,587,817;Rp 11,537,289,332,446,846
Mar 21, 2022;Rp 591,788,223.19;Rp 594,271,773.50;Rp 583,341,452.05;Rp 589,475,277.64;Rp 353,177,076,469,750;Rp 11,192,299,052,633,768
Mar 20, 2022;Rp 605,123,902.01;Rp 605,837,569.76;Rp 588,104,613.34;Rp 591,812,479.44;Rp 288,682,056,113,347;Rp 11,233,797,242,234,038
Mar 19, 2022;Rp 599,433,467.39;Rp 606,918,834.90;Rp 596,680,030.88;Rp 605,113,118.71;Rp 282,040,207,126,275;Rp 11,490,001,054,186,964
Mar 18, 2022;Rp 586,387,455.65;Rp 605,274,750.97;Rp 577,793,314.47;Rp 599,526,788.22;Rp 492,965,000,167,272;Rp 11,366,725,851,002,940
Mar 17, 2022;Rp 586,559,445.36;Rp 590,060,809.34;Rp 581,500,409.84;Rp 586,853,749.27;Rp 313,798,597,652,791;Rp 11,085,306,511,525,756
Mar 16, 2022;Rp 562,709,087.74;Rp 593,022,304.25;Rp 558,483,929.29;Rp 587,039,306.52;Rp 566,733,852,020,605;Rp 11,174,360,736,196,152
Mar 15, 2022;Rp 568,957,884.89;Rp 569,184,586.36;Rp 549,124,012.15;Rp 563,002,377.81;Rp 343,317,685,366,175;Rp 10,712,672,490,175,456
Mar 14, 2022;Rp 541,958,146.93;Rp 570,076,365.98;Rp 539,587,017.92;Rp 569,294,345.09;Rp 348,292,608,084,406;Rp 10,783,136,486,604,940
Mar 13, 2022;Rp 557,101,452.93;Rp 561,752,363.59;Rp 540,265,926.14;Rp 542,006,066.70;Rp 247,867,778,060,453;Rp 10,293,690,258,794,870
Mar 12, 2022;Rp 555,808,274.13;Rp 563,174,298.77;Rp 555,494,121.55;Rp 557,377,799.97;Rp 209,409,888,572,422;Rp 10,579,915,202,026,912
Mar 11, 2022;Rp 563,202,764.95;Rp 572,165,971.39;Rp 548,673,138.38;Rp 555,815,580.16;Rp 376,490,635,867,865;Rp 10,515,121,837,094,240
Mar 10, 2022;Rp 598,464,180.48;Rp 598,987,409.18;Rp 554,845,169.53;Rp 563,166,925.60;Rp 443,109,492,732,491;Rp 10,672,266,114,614,118
Mar 09, 2022;Rp 556,494,061.63;Rp 606,504,169.93;Rp 555,966,604.21;Rp 598,590,464.81;Rp 463,722,657,718,522;Rp 11,444,898,617,507,132
Mar 08, 2022;Rp 548,348,071.10;Rp 564,164,181.35;Rp 546,886,229.34;Rp 556,410,503.50;Rp 371,376,126,440,608;Rp 10,591,765,060,283,402
Mar 07, 2022;Rp 552,787,573.27;Rp 567,872,345.34;Rp 536,768,779.08;Rp 548,375,038.02;Rp 410,622,942,659,093;Rp 10,390,030,117,531,490
Mar 06, 2022;Rp 566,758,474.01;Rp 570,152,590.29;Rp 549,605,775.01;Rp 552,653,517.98;Rp 283,999,590,744,311;Rp 10,486,250,414,080,714
Mar 05, 2022;Rp 563,079,981.84;Rp 569,090,526.72;Rp 557,737,870.23;Rp 566,706,481.81;Rp 244,168,015,878,835;Rp 10,753,435,705,096,802
Mar 04, 2022;Rp 609,673,431.61;Rp 609,981,756.96;Rp 558,152,295.19;Rp 562,923,980.70;Rp 409,476,547,928,598;Rp 10,663,547,593,065,246
Mar 03, 2022;Rp 632,149,444.75;Rp 632,447,819.18;Rp 601,920,795.05;Rp 609,582,227.40;Rp 359,323,843,176,759;Rp 11,591,870,541,179,004
Mar 02, 2022;Rp 640,046,571.02;Rp 649,159,931.79;Rp 625,183,326.75;Rp 632,133,921.70;Rp 421,090,066,887,738;Rp 12,024,771,744,832,610
Mar 01, 2022;Rp 620,570,855.34;Rp 643,865,804.48;Rp 616,310,203.43;Rp 640,030,489.08;Rp 466,623,028,684,468;Rp 12,089,614,294,876,886
Feb 28, 2022;Rp 540,846,666.42;Rp 628,790,767.93;Rp 539,024,189.25;Rp 620,596,472.42;Rp 511,929,785,818,891;Rp 11,753,507,100,611,566
Feb 27, 2022;Rp 560,450,524.90;Rp 570,201,304.75;Rp 533,756,357.57;Rp 540,900,921.58;Rp 336,139,991,742,357;Rp 10,254,034,346,855,032
Feb 26, 2022;Rp 562,090,146.25;Rp 573,446,670.02;Rp 554,771,793.81;Rp 560,542,965.11;Rp 250,384,287,790,691;Rp 10,632,998,922,751,870
Feb 25, 2022;Rp 552,828,217.73;Rp 568,488,804.05;Rp 547,166,441.06;Rp 562,106,442.03;Rp 382,826,030,966,509;Rp 10,727,075,525,687,862
Feb 24, 2022;Rp 535,012,646.30;Rp 562,049,545.28;Rp 496,229,964.92;Rp 552,811,816.01;Rp 665,688,731,713,182;Rp 10,434,763,474,547,504
Feb 23, 2022;Rp 550,550,021.05;Rp 560,807,779.91;Rp 533,911,163.00;Rp 535,271,077.23;Rp 314,194,051,679,364;Rp 10,172,420,696,863,880
Feb 22, 2022;Rp 532,114,800.24;Rp 551,622,367.65;Rp 524,196,389.28;Rp 550,560,726.73;Rp 365,949,076,097,941;Rp 10,423,329,391,942,644
Feb 21, 2022;Rp 551,591,350.16;Rp 564,195,649.12;Rp 530,416,688.88;Rp 532,208,220.09;Rp 420,340,126,870,368;Rp 10,093,824,987,713,910
Feb 20, 2022;Rp 576,372,739.81;Rp 576,398,448.52;Rp 547,562,986.65;Rp 551,708,610.86;Rp 263,497,227,823,892;Rp 10,470,774,661,975,512
Feb 19, 2022;Rp 575,049,862.73;Rp 580,693,995.79;Rp 570,553,537.69;Rp 576,430,985.29;Rp 197,351,753,158,858;Rp 10,930,904,006,467,922
Feb 18, 2022;Rp 583,038,286.06;Rp 586,606,856.41;Rp 569,581,320.62;Rp 575,121,023.33;Rp 335,139,635,743,766;Rp 10,913,587,649,519,026
Feb 17, 2022;Rp 627,177,531.92;Rp 629,737,821.83;Rp 577,564,415.31;Rp 582,020,465.48;Rp 374,656,675,965,219;Rp 10,972,119,316,220,912
Feb 16, 2022;Rp 635,929,170.32;Rp 635,929,170.32;Rp 620,651,028.72;Rp 627,726,146.77;Rp 282,349,598,969,563;Rp 11,890,708,112,473,466
Feb 15, 2022;Rp 609,133,367.24;Rp 637,263,834.62;Rp 608,006,326.61;Rp 636,016,831.26;Rp 324,998,114,142,611;Rp 12,088,098,532,519,154
Feb 14, 2022;Rp 604,826,414.10;Rp 612,305,323.63;Rp 598,158,995.34;Rp 609,291,059.91;Rp 298,813,341,564,930;Rp 11,583,310,475,057,976
Feb 13, 2022;Rp 605,872,986.24;Rp 612,421,169.93;Rp 601,775,771.46;Rp 605,401,955.53;Rp 211,464,409,013,196;Rp 11,475,088,629,325,342
Feb 12, 2022;Rp 608,393,844.89;Rp 616,717,403.99;Rp 600,364,692.55;Rp 605,986,360.84;Rp 260,391,500,809,874;Rp 11,487,244,102,277,430
Feb 11, 2022;Rp 625,550,720.09;Rp 626,854,107.07;Rp 604,122,542.54;Rp 608,331,267.73;Rp 386,991,869,457,324;Rp 11,540,849,663,105,278
Feb 10, 2022;Rp 636,058,304.83;Rp 654,885,301.81;Rp 623,481,340.46;Rp 625,453,262.10;Rp 460,997,331,177,145;Rp 11,843,249,334,617,792
Feb 09, 2022;Rp 633,707,125.72;Rp 641,553,197.72;Rp 620,850,150.74;Rp 635,929,206.88;Rp 334,063,159,483,794;Rp 12,076,820,932,176,202
Feb 08, 2022;Rp 631,283,353.29;Rp 651,970,164.09;Rp 615,296,286.55;Rp 634,721,056.71;Rp 476,174,638,741,671;Rp 12,036,361,043,350,338
Feb 07, 2022;Rp 610,439,215.70;Rp 639,184,806.02;Rp 600,338,473.36;Rp 631,076,541.19;Rp 412,295,192,443,137;Rp 11,959,800,318,740,162
Feb 06, 2022;Rp 596,781,148.14;Rp 611,792,412.21;Rp 593,955,541.35;Rp 610,520,588.48;Rp 232,457,501,066,022;Rp 11,574,483,588,238,934
Feb 05, 2022;Rp 597,650,371.25;Rp 602,628,444.29;Rp 590,977,306.98;Rp 596,781,782.21;Rp 283,014,742,471,236;Rp 11,308,839,318,954,238
Feb 04, 2022;Rp 534,039,246.63;Rp 598,029,181.72;Rp 533,279,270.52;Rp 597,641,656.09;Rp 422,815,236,211,700;Rp 11,304,845,538,020,368
Feb 03, 2022;Rp 530,355,609.92;Rp 534,673,274.84;Rp 523,633,135.12;Rp 534,673,274.84;Rp 266,887,988,663,870;Rp 10,106,313,294,436,894
Feb 02, 2022;Rp 555,131,549.05;Rp 556,461,238.91;Rp 529,255,003.10;Rp 530,473,032.29;Rp 274,461,300,490,927;Rp 10,032,042,604,189,760
Feb 01, 2022;Rp 551,805,426.31;Rp 560,912,952.64;Rp 545,585,653.06;Rp 555,539,785.40;Rp 290,924,921,589,666;Rp 10,525,682,052,024,946
Jan 31, 2022;Rp 545,468,782.85;Rp 554,448,836.21;Rp 528,880,798.89;Rp 552,483,002.84;Rp 298,261,191,478,818;Rp 10,487,446,336,093,182
Jan 30, 2022;Rp 548,754,309.19;Rp 550,400,071.80;Rp 538,481,546.62;Rp 545,430,257.14;Rp 210,624,014,681,418;Rp 10,331,969,724,973,794
Jan 29, 2022;Rp 543,415,118.66;Rp 554,857,830.49;Rp 538,032,273.62;Rp 548,556,677.57;Rp 247,310,812,831,630;Rp 10,391,562,576,308,064
Jan 28, 2022;Rp 533,725,098.23;Rp 545,891,423.05;Rp 520,535,809.65;Rp 543,467,179.05;Rp 319,685,412,663,407;Rp 10,288,713,640,839,270
Jan 27, 2022;Rp 529,950,189.50;Rp 534,750,099.24;Rp 512,655,456.63;Rp 534,604,883.01;Rp 360,207,149,258,158;Rp 10,118,840,223,342,022
Jan 26, 2022;Rp 529,521,200.24;Rp 556,500,805.58;Rp 522,574,658.18;Rp 530,097,514.83;Rp 448,898,718,322,985;Rp 10,002,815,069,679,814
Jan 25, 2022;Rp 526,022,123.37;Rp 536,717,351.44;Rp 513,504,573.25;Rp 530,211,095.40;Rp 379,263,020,395,922;Rp 10,044,161,037,225,590
Jan 24, 2022;Rp 519,904,862.76;Rp 534,513,105.33;Rp 475,857,754.99;Rp 526,015,281.79;Rp 599,890,851,948,119;Rp 9,949,245,351,868,368
Jan 23, 2022;Rp 502,219,911.13;Rp 522,163,299.74;Rp 498,459,883.23;Rp 519,920,223.06;Rp 372,831,090,894,113;Rp 9,844,722,359,871,842
Jan 22, 2022;Rp 522,628,766.82;Rp 525,741,486.92;Rp 492,216,153.67;Rp 501,974,750.28;Rp 569,097,214,273,414;Rp 9,505,983,691,720,638
Jan 21, 2022;Rp 583,266,067.69;Rp 588,438,417.81;Rp 512,882,194.60;Rp 522,424,254.06;Rp 616,404,857,800,567;Rp 9,893,677,753,428,358
Jan 20, 2022;Rp 599,563,213.43;Rp 621,278,664.85;Rp 583,695,695.07;Rp 583,804,706.20;Rp 292,744,096,176,720;Rp 11,063,769,129,078,396
Jan 19, 2022;Rp 608,436,136.97;Rp 610,088,281.59;Rp 593,388,598.92;Rp 600,595,627.27;Rp 331,564,542,197,697;Rp 11,349,208,765,754,486
Jan 18, 2022;Rp 605,496,360.76;Rp 610,738,745.58;Rp 594,083,859.78;Rp 608,458,999.34;Rp 321,266,629,739,048;Rp 11,498,158,893,765,194
Jan 17, 2022;Rp 617,313,903.01;Rp 618,191,108.26;Rp 597,326,940.34;Rp 605,503,185.72;Rp 310,544,539,924,604;Rp 11,452,160,208,038,496
Jan 16, 2022;Rp 617,988,309.35;Rp 621,778,352.80;Rp 611,102,800.94;Rp 617,253,199.92;Rp 256,260,474,699,339;Rp 11,683,700,316,078,992
Jan 15, 2022;Rp 616,984,297.07;Rp 625,899,020.53;Rp 610,788,038.11;Rp 618,065,005.22;Rp 262,977,583,773,423;Rp 11,700,206,031,514,000
Jan 14, 2022;Rp 608,789,012.21;Rp 620,488,340.80;Rp 599,986,169.34;Rp 616,952,808.17;Rp 336,949,387,444,383;Rp 11,659,484,652,252,300
Jan 13, 2022;Rp 628,392,262.51;Rp 632,416,524.52;Rp 607,704,616.52;Rp 609,449,452.20;Rp 681,933,156,003,361;Rp 11,527,667,106,897,592
Jan 12, 2022;Rp 610,565,554.23;Rp 631,312,311.16;Rp 607,992,865.34;Rp 629,617,523.97;Rp 478,541,557,655,361;Rp 11,882,665,429,866,462
Jan 11, 2022;Rp 598,729,881.33;Rp 614,351,905.90;Rp 592,794,279.59;Rp 611,562,858.22;Rp 376,932,949,325,470;Rp 11,580,087,846,633,732
Jan 10, 2022;Rp 601,193,374.86;Rp 604,017,226.24;Rp 568,921,840.01;Rp 598,762,033.16;Rp 460,528,405,624,155;Rp 11,353,682,871,447,132
Jan 09, 2022;Rp 597,589,130.31;Rp 610,894,440.99;Rp 591,910,774.32;Rp 601,213,037.39;Rp 304,908,966,239,119;Rp 11,357,007,554,861,882
Jan 08, 2022;Rp 595,108,239.41;Rp 604,665,663.79;Rp 582,376,144.10;Rp 597,577,897.77;Rp 401,875,132,770,592;Rp 11,308,358,570,542,160
Jan 07, 2022;Rp 620,256,734.88;Rp 620,256,734.88;Rp 589,019,770.47;Rp 595,057,197.27;Rp 1,210,178,249,649,707;Rp 11,302,970,850,127,266
Jan 06, 2022;Rp 627,554,661.64;Rp 630,104,068.92;Rp 613,633,774.38;Rp 620,261,386.24;Rp 435,142,404,424,494;Rp 11,764,230,545,456,510
Jan 05, 2022;Rp 658,492,855.20;Rp 674,964,040.48;Rp 616,502,000.76;Rp 627,604,957.92;Rp 528,682,246,377,344;Rp 11,826,758,375,787,156
Jan 04, 2022;Rp 663,601,973.45;Rp 679,669,702.64;Rp 657,108,319.79;Rp 658,467,276.73;Rp 606,979,106,070,180;Rp 12,403,682,867,435,270
Jan 03, 2022;Rp 674,353,921.43;Rp 676,735,241.14;Rp 654,922,574.13;Rp 663,591,482.32;Rp 471,067,024,142,299;Rp 12,519,575,788,949,566
Jan 02, 2022;Rp 679,071,757.03;Rp 681,926,987.61;Rp 667,336,486.96;Rp 674,377,805.49;Rp 398,086,253,510,711;Rp 12,756,394,015,802,080
Jan 01, 2022;Rp 659,571,867.53;Rp 681,156,563.22;Rp 659,240,619.00;Rp 679,155,569.55;Rp 350,106,343,493,672;Rp 12,847,767,922,886,132
Dec 31, 2021;Rp 672,925,348.58;Rp 689,194,513.97;Rp 652,568,164.45;Rp 659,496,405.72;Rp 527,479,089,556,910;Rp 12,496,282,252,777,140
Dec 30, 2021;Rp 661,082,470.88;Rp 683,046,865.10;Rp 654,963,835.17;Rp 673,050,219.97;Rp 379,473,896,357,000;Rp 12,689,465,868,007,944
Dec 29, 2021;Rp 677,590,047.75;Rp 685,833,825.88;Rp 656,971,389.55;Rp 661,744,235.10;Rp 427,538,889,321,752;Rp 12,498,951,805,461,790
Dec 28, 2021;Rp 720,371,123.17;Rp 720,371,123.17;Rp 674,607,008.10;Rp 677,091,846.32;Rp 475,184,391,581,041;Rp 12,793,818,553,247,710
Dec 27, 2021;Rp 720,855,999.01;Rp 738,735,830.69;Rp 718,152,944.04;Rp 720,304,075.18;Rp 345,146,655,456,917;Rp 13,589,798,743,619,216
Dec 26, 2021;Rp 715,116,684.00;Rp 726,443,316.01;Rp 703,692,835.03;Rp 720,953,991.80;Rp 297,290,531,388,136;Rp 13,626,282,615,423,484
Dec 25, 2021;Rp 721,160,888.01;Rp 725,722,553.31;Rp 712,394,175.75;Rp 715,133,206.00;Rp 269,868,902,966,631;Rp 13,523,870,471,193,936
Dec 24, 2021;Rp 719,812,502.65;Rp 735,209,976.04;Rp 716,982,526.14;Rp 720,696,863.39;Rp 345,240,925,276,900;Rp 13,616,034,173,726,800
Dec 23, 2021;Rp 690,484,356.46;Rp 727,653,891.20;Rp 684,099,435.89;Rp 720,340,585.61;Rp 400,773,424,367,831;Rp 13,635,937,657,202,906
Dec 22, 2021;Rp 698,036,295.34;Rp 706,340,027.09;Rp 690,811,076.10;Rp 691,618,982.37;Rp 348,724,758,032,529;Rp 13,115,360,193,355,414
Dec 21, 2021;Rp 674,636,735.63;Rp 709,553,626.67;Rp 672,135,455.83;Rp 699,267,513.73;Rp 389,301,904,353,952;Rp 13,313,367,898,217,484
Dec 20, 2021;Rp 672,060,567.69;Rp 682,207,894.82;Rp 655,831,935.17;Rp 674,548,613.89;Rp 445,505,915,773,364;Rp 12,753,283,081,846,362
Dec 19, 2021;Rp 674,028,031.64;Rp 691,805,888.97;Rp 668,979,878.39;Rp 672,059,854.37;Rp 361,859,930,335,153;Rp 12,702,779,752,193,482
Dec 18, 2021;Rp 664,898,653.62;Rp 680,644,912.40;Rp 655,967,795.83;Rp 673,954,790.37;Rp 375,443,514,073,108;Rp 12,740,739,919,182,738
Dec 17, 2021;Rp 684,214,635.91;Rp 689,079,383.00;Rp 655,631,844.26;Rp 664,652,484.13;Rp 472,418,975,417,308;Rp 12,540,165,052,053,762
Dec 16, 2021;Rp 700,878,109.77;Rp 708,651,421.27;Rp 683,070,928.39;Rp 685,657,621.05;Rp 390,827,590,472,086;Rp 12,913,891,187,964,086
Dec 15, 2021;Rp 692,684,388.14;Rp 709,289,985.89;Rp 670,496,475.07;Rp 700,824,475.45;Rp 523,193,111,121,004;Rp 13,233,005,720,982,730
Dec 14, 2021;Rp 669,125,213.17;Rp 693,423,828.02;Rp 665,037,869.16;Rp 668,722,086.98;Rp 496,203,414,078,447;Rp 12,620,715,972,362,440
Dec 13, 2021;Rp 720,616,118.99;Rp 721,913,957.59;Rp 657,386,320.33;Rp 669,502,748.82;Rp 462,535,814,258,147;Rp 12,701,914,474,657,804
Dec 12, 2021;Rp 708,488,942.57;Rp 728,155,447.67;Rp 699,459,620.12;Rp 720,380,213.88;Rp 314,937,554,752,617;Rp 13,591,645,808,977,082
Dec 11, 2021;Rp 678,483,831.14;Rp 709,972,644.55;Rp 673,857,402.94;Rp 708,598,807.15;Rp 370,012,603,233,941;Rp 13,391,392,200,154,162
Dec 10, 2021;Rp 683,795,775.88;Rp 719,038,856.88;Rp 675,025,185.07;Rp 678,177,653.08;Rp 444,447,330,018,106;Rp 12,813,814,793,662,806
Dec 09, 2021;Rp 721,733,828.86;Rp 726,699,169.11;Rp 681,114,940.48;Rp 684,226,054.65;Rp 423,505,815,805,138;Rp 12,887,256,413,521,234
Dec 08, 2021;Rp 727,230,213.77;Rp 733,754,026.32;Rp 699,984,538.01;Rp 724,592,301.63;Rp 408,767,702,141,557;Rp 13,697,198,225,599,994
Dec 07, 2021;Rp 730,060,198.57;Rp 746,061,319.15;Rp 721,431,470.89;Rp 729,954,735.96;Rp 486,065,887,963,347;Rp 13,826,316,552,715,218
Dec 06, 2021;Rp 715,243,738.31;Rp 735,078,481.47;Rp 683,305,523.26;Rp 730,071,678.02;Rp 545,800,790,151,725;Rp 13,833,164,548,034,428
Dec 05, 2021;Rp 714,701,256.26;Rp 722,932,132.00;Rp 695,177,999.53;Rp 714,597,704.90;Rp 540,341,070,047,692;Rp 13,548,332,873,472,130
Dec 04, 2021;Rp 780,451,157.06;Rp 783,019,374.55;Rp 622,796,684.46;Rp 714,689,435.24;Rp 891,688,350,873,051;Rp 13,501,443,259,632,174
Dec 03, 2021;Rp 813,282,733.30;Rp 828,389,911.89;Rp 759,699,085.44;Rp 778,568,128.19;Rp 572,647,209,101,277;Rp 14,571,815,340,029,838
Dec 02, 2021;Rp 822,808,682.62;Rp 826,276,512.47;Rp 803,036,989.54;Rp 812,831,573.06;Rp 465,636,901,679,932;Rp 15,341,431,512,948,534
Dec 01, 2021;Rp 814,848,103.32;Rp 847,540,439.58;Rp 813,646,139.02;Rp 822,987,845.88;Rp 527,761,441,169,303;Rp 15,478,196,028,740,514
Nov 30, 2021;Rp 829,029,379.72;Rp 846,205,378.27;Rp 803,641,121.42;Rp 816,187,991.08;Rp 526,239,729,031,694;Rp 15,434,986,163,232,146
Nov 29, 2021;Rp 823,841,320.19;Rp 844,934,751.06;Rp 814,833,597.93;Rp 828,691,810.68;Rp 465,483,491,572,943;Rp 15,699,397,616,174,624
Nov 28, 2021;Rp 790,113,307.11;Rp 825,307,174.30;Rp 772,292,573.73;Rp 823,216,573.89;Rp 405,296,481,738,844;Rp 15,584,891,345,178,066
Nov 27, 2021;Rp 774,594,539.46;Rp 797,554,679.01;Rp 773,613,239.92;Rp 790,142,923.60;Rp 440,525,595,659,535;Rp 14,921,755,085,183,774
Nov 26, 2021;Rp 842,309,582.12;Rp 845,498,175.45;Rp 772,192,076.54;Rp 772,192,076.54;Rp 597,310,439,614,439;Rp 14,451,955,088,997,902
Nov 25, 2021;Rp 817,662,687.67;Rp 848,190,158.70;Rp 817,394,754.44;Rp 818,228,934.30;Rp 490,379,712,189,429;Rp 15,469,183,873,421,508
Nov 24, 2021;Rp 822,011,556.63;Rp 825,334,680.96;Rp 800,990,712.28;Rp 805,004,275.11;Rp 523,137,575,970,269;Rp 15,174,277,723,562,396
Nov 23, 2021;Rp 803,007,123.22;Rp 826,740,003.69;Rp 793,681,987.69;Rp 822,057,604.71;Rp 534,616,912,311,680;Rp 15,502,418,102,201,130
Nov 22, 2021;Rp 837,402,964.29;Rp 844,756,003.73;Rp 794,362,011.16;Rp 802,789,372.37;Rp 499,760,292,812,880;Rp 15,159,543,082,777,928
Nov 21, 2021;Rp 852,315,523.93;Rp 856,224,161.57;Rp 836,454,049.19;Rp 837,739,986.85;Rp 372,764,617,068,517;Rp 15,822,030,956,951,002
Nov 20, 2021;Rp 829,264,421.71;Rp 854,161,584.95;Rp 820,055,629.83;Rp 851,840,199.89;Rp 436,988,353,803,589;Rp 16,081,763,357,775,834
Nov 19, 2021;Rp 808,320,455.30;Rp 831,864,682.03;Rp 792,531,531.86;Rp 829,328,574.53;Rp 549,843,172,059,369;Rp 15,587,548,693,411,806
Nov 18, 2021;Rp 858,942,867.33;Rp 867,582,851.21;Rp 803,414,269.28;Rp 810,984,139.97;Rp 588,968,476,161,574;Rp 15,296,163,365,662,198
Nov 17, 2021;Rp 856,219,799.40;Rp 865,957,907.64;Rp 834,367,802.20;Rp 859,054,918.51;Rp 557,790,615,810,873;Rp 16,223,565,445,640,616
Nov 16, 2021;Rp 903,920,200.46;Rp 903,920,200.46;Rp 840,933,377.41;Rp 856,527,706.29;Rp 664,512,664,734,774;Rp 16,108,533,228,733,352
Nov 15, 2021;Rp 930,664,287.98;Rp 940,532,160.16;Rp 901,459,010.98;Rp 901,597,008.48;Rp 434,056,628,078,049;Rp 17,039,274,085,414,000
Nov 14, 2021;Rp 914,699,070.00;Rp 930,293,437.88;Rp 903,238,776.38;Rp 929,890,904.16;Rp 356,512,634,687,826;Rp 17,534,348,659,577,676
Nov 13, 2021;Rp 910,480,750.57;Rp 921,231,325.27;Rp 898,355,947.44;Rp 914,899,980.26;Rp 432,465,875,413,397;Rp 17,266,363,876,772,770
Nov 12, 2021;Rp 925,073,871.72;Rp 932,960,627.25;Rp 884,103,706.44;Rp 910,449,801.77;Rp 514,633,735,408,818;Rp 17,266,917,496,500,602
Nov 11, 2021;Rp 929,516,527.75;Rp 936,123,983.30;Rp 917,601,286.33;Rp 926,300,119.36;Rp 513,268,870,343,845;Rp 17,532,702,374,448,708
Nov 10, 2021;Rp 954,684,318.48;Rp 980,478,683.26;Rp 904,291,699.10;Rp 929,750,256.86;Rp 694,850,445,317,475;Rp 17,487,625,589,728,284
Nov 09, 2021;Rp 962,837,043.59;Rp 975,856,381.83;Rp 946,843,846.33;Rp 954,947,948.27;Rp 603,760,224,531,701;Rp 18,011,995,121,549,154
Nov 08, 2021;Rp 908,381,233.28;Rp 964,604,559.08;Rp 908,381,233.28;Rp 963,080,704.42;Rp 589,758,953,804,103;Rp 18,281,633,192,646,428
Nov 07, 2021;Rp 881,457,246.97;Rp 908,136,324.62;Rp 879,704,029.20;Rp 908,136,324.62;Rp 354,083,412,568,918;Rp 17,109,052,861,648,660
Nov 06, 2021;Rp 874,497,107.39;Rp 881,969,333.75;Rp 861,536,327.18;Rp 881,064,310.12;Rp 416,635,093,792,604;Rp 16,622,042,974,250,900
Nov 05, 2021;Rp 886,368,040.91;Rp 898,642,713.87;Rp 871,285,654.21;Rp 875,310,486.64;Rp 441,382,196,717,152;Rp 16,630,247,283,673,144
Nov 04, 2021;Rp 902,311,672.98;Rp 904,913,376.70;Rp 873,761,069.41;Rp 885,680,273.35;Rp 467,569,365,607,457;Rp 16,618,335,260,654,628
Nov 03, 2021;Rp 904,008,815.10;Rp 909,295,775.11;Rp 881,055,673.33;Rp 905,320,371.83;Rp 516,282,019,075,972;Rp 16,975,740,298,569,444
Nov 02, 2021;Rp 870,351,042.39;Rp 918,002,142.15;Rp 865,349,452.91;Rp 906,195,555.05;Rp 538,895,934,104,734;Rp 17,026,006,371,481,728
Nov 01, 2021;Rp 871,403,853.13;Rp 890,837,794.39;Rp 850,110,365.54;Rp 870,938,581.77;Rp 513,723,378,250,014;Rp 16,350,877,642,441,228
Oct 31, 2021;Rp 880,042,781.79;Rp 887,949,316.62;Rp 854,770,602.36;Rp 871,382,654.74;Rp 458,745,525,249,153;Rp 16,455,116,671,526,100
Oct 30, 2021;Rp 885,575,877.22;Rp 886,867,592.23;Rp 866,780,290.97;Rp 880,588,329.48;Rp 457,560,837,513,221;Rp 16,607,251,303,371,392
Oct 29, 2021;Rp 860,818,602.53;Rp 895,330,883.58;Rp 856,956,988.83;Rp 885,413,705.66;Rp 523,334,549,925,332;Rp 16,662,820,521,448,036
Oct 28, 2021;Rp 831,415,768.60;Rp 882,012,244.05;Rp 826,250,109.33;Rp 860,779,781.40;Rp 643,526,306,645,399;Rp 16,255,077,452,467,568
Oct 27, 2021;Rp 853,721,266.84;Rp 871,482,667.61;Rp 825,811,680.55;Rp 831,581,542.92;Rp 617,559,912,591,049;Rp 15,599,280,548,784,774
Oct 26, 2021;Rp 892,603,798.33;Rp 895,472,702.02;Rp 848,616,961.70;Rp 853,888,093.18;Rp 493,919,287,746,947;Rp 16,117,678,498,654,528
Oct 25, 2021;Rp 860,004,939.20;Rp 902,936,205.48;Rp 857,150,276.68;Rp 892,697,513.11;Rp 438,729,746,748,834;Rp 16,786,249,138,310,894
Oct 24, 2021;Rp 873,320,618.06;Rp 875,276,786.37;Rp 848,772,519.47;Rp 860,535,337.45;Rp 388,731,149,608,269;Rp 16,347,533,799,117,056
Oct 23, 2021;Rp 863,733,111.87;Rp 878,664,779.19;Rp 851,379,265.61;Rp 873,680,287.59;Rp 382,560,136,130,911;Rp 16,470,871,527,883,764
Oct 22, 2021;Rp 880,482,556.85;Rp 902,481,867.43;Rp 855,122,883.40;Rp 863,699,476.75;Rp 543,728,890,740,390;Rp 16,186,085,301,154,684
Oct 21, 2021;Rp 931,948,218.61;Rp 941,328,798.57;Rp 878,778,086.98;Rp 880,090,429.05;Rp 648,220,378,336,907;Rp 16,558,243,435,599,910
Oct 20, 2021;Rp 906,467,307.21;Rp 945,579,125.28;Rp 897,702,470.25;Rp 931,808,959.98;Rp 575,158,944,349,583;Rp 17,540,434,077,130,756
Oct 19, 2021;Rp 876,642,013.82;Rp 908,581,689.97;Rp 868,639,015.43;Rp 906,148,698.57;Rp 571,839,792,324,388;Rp 17,114,311,841,138,722
Oct 18, 2021;Rp 866,237,859.56;Rp 883,381,774.11;Rp 848,078,666.00;Rp 876,375,757.59;Rp 535,593,980,660,765;Rp 16,453,057,265,603,742
Oct 17, 2021;Rp 856,351,351.94;Rp 867,587,012.15;Rp 832,115,707.22;Rp 866,293,557.87;Rp 408,324,281,219,328;Rp 16,315,852,182,317,712
Oct 16, 2021;Rp 866,504,114.04;Rp 875,856,269.22;Rp 846,765,965.29;Rp 856,415,030.71;Rp 481,720,973,948,074;Rp 16,139,676,513,195,518
Oct 15, 2021;Rp 806,119,946.06;Rp 883,190,499.90;Rp 800,311,058.92;Rp 866,285,030.90;Rp 727,880,376,932,041;Rp 16,316,505,244,574,432
Oct 14, 2021;Rp 814,129,093.18;Rp 827,596,912.61;Rp 801,679,390.15;Rp 807,330,692.46;Rp 519,583,571,881,852;Rp 15,327,632,440,689,956
Oct 13, 2021;Rp 796,990,097.62;Rp 820,880,788.92;Rp 773,127,220.49;Rp 814,530,184.13;Rp 592,843,864,155,561;Rp 15,382,952,722,536,922
Oct 12, 2021;Rp 817,001,820.92;Rp 819,445,382.55;Rp 775,160,264.12;Rp 797,097,169.86;Rp 583,475,652,981,864;Rp 14,996,370,414,541,894
Oct 11, 2021;Rp 778,483,457.56;Rp 821,886,369.82;Rp 775,434,624.93;Rp 816,384,608.75;Rp 606,430,768,700,525;Rp 15,404,634,587,855,648
Oct 10, 2021;Rp 783,454,129.62;Rp 804,104,934.34;Rp 773,637,363.67;Rp 779,036,516.88;Rp 563,541,806,542,505;Rp 14,711,779,420,681,270
Oct 09, 2021;Rp 768,868,804.91;Rp 789,800,170.34;Rp 766,093,871.77;Rp 783,673,730.73;Rp 463,222,327,437,363;Rp 14,763,805,739,875,530
Oct 08, 2021;Rp 765,389,329.54;Rp 795,714,116.18;Rp 763,699,196.95;Rp 769,411,496.16;Rp 495,077,232,454,100;Rp 14,463,068,957,821,676
Oct 07, 2021;Rp 787,604,195.53;Rp 787,604,195.53;Rp 759,764,584.21;Rp 763,442,362.30;Rp 523,866,032,945,358;Rp 14,425,630,725,676,208
Oct 06, 2021;Rp 732,148,109.89;Rp 793,428,749.89;Rp 720,969,215.26;Rp 790,472,919.53;Rp 697,281,218,233,891;Rp 14,829,166,017,622,380
Oct 05, 2021;Rp 701,616,030.06;Rp 737,167,188.89;Rp 700,020,037.59;Rp 734,098,979.06;Rp 511,839,897,173,793;Rp 13,844,358,947,865,456
Oct 04, 2021;Rp 689,773,050.37;Rp 705,666,586.70;Rp 671,158,921.03;Rp 700,730,597.28;Rp 477,646,439,284,958;Rp 13,235,374,961,634,904
Oct 03, 2021;Rp 682,174,275.33;Rp 702,929,412.48;Rp 674,695,246.07;Rp 689,625,112.05;Rp 381,120,523,693,376;Rp 12,988,080,053,013,952
Oct 02, 2021;Rp 688,719,028.62;Rp 690,787,757.34;Rp 679,104,884.24;Rp 682,624,356.37;Rp 438,009,798,451,151;Rp 12,855,821,498,254,648
Oct 01, 2021;Rp 627,834,740.81;Rp 692,990,377.58;Rp 619,825,054.78;Rp 688,425,334.53;Rp 613,991,845,474,585;Rp 12,983,586,659,635,220
Sep 30, 2021;Rp 595,805,750.15;Rp 631,403,835.47;Rp 594,275,927.87;Rp 627,464,416.58;Rp 446,542,134,227,156;Rp 11,824,256,192,610,470
Sep 29, 2021;Rp 587,995,132.47;Rp 609,141,739.32;Rp 584,578,789.90;Rp 595,993,486.20;Rp 438,184,480,634,490;Rp 11,206,509,012,156,734
Sep 28, 2021;Rp 601,090,580.96;Rp 609,811,038.45;Rp 586,086,149.23;Rp 587,559,282.95;Rp 430,368,016,476,101;Rp 11,005,132,023,833,572
Sep 27, 2021;Rp 616,433,008.76;Rp 632,053,157.35;Rp 600,902,193.99;Rp 601,544,522.61;Rp 441,713,254,352,690;Rp 11,338,192,228,731,394
Sep 26, 2021;Rp 610,225,063.41;Rp 627,830,181.15;Rp 583,469,214.26;Rp 616,072,100.25;Rp 437,957,230,870,705;Rp 11,619,697,295,547,000
Sep 25, 2021;Rp 611,928,569.83;Rp 614,147,824.59;Rp 596,488,263.40;Rp 610,153,137.39;Rp 451,433,879,839,626;Rp 11,486,883,909,900,150
Sep 24, 2021;Rp 640,423,953.94;Rp 643,417,824.79;Rp 584,930,733.43;Rp 611,912,303.32;Rp 611,109,692,519,705;Rp 11,504,420,708,028,050
Sep 23, 2021;Rp 620,662,334.62;Rp 640,810,244.43;Rp 614,006,045.09;Rp 640,435,287.29;Rp 487,921,415,457,716;Rp 12,041,599,798,118,036
Sep 22, 2021;Rp 579,201,195.50;Rp 624,779,351.86;Rp 578,744,659.56;Rp 620,864,861.52;Rp 543,059,878,041,989;Rp 11,678,845,207,073,852
Sep 21, 2021;Rp 613,920,073.97;Rp 620,673,637.06;Rp 566,613,361.74;Rp 579,571,558.64;Rp 695,117,964,029,601;Rp 10,932,640,404,579,122
Sep 20, 2021;Rp 672,435,291.63;Rp 673,385,613.09;Rp 608,016,455.86;Rp 611,511,734.43;Rp 624,749,283,765,290;Rp 11,473,400,191,901,004
Sep 19, 2021;Rp 688,475,607.53;Rp 689,324,418.28;Rp 668,755,692.50;Rp 672,413,419.27;Rp 384,650,066,861,407;Rp 12,686,856,221,785,852
Sep 18, 2021;Rp 674,278,844.44;Rp 695,934,226.35;Rp 671,622,415.06;Rp 688,611,196.29;Rp 407,584,218,620,172;Rp 12,959,456,130,794,492
Sep 17, 2021;Rp 680,631,698.10;Rp 685,173,379.26;Rp 668,019,410.01;Rp 674,193,181.76;Rp 409,306,719,422,896;Rp 12,673,628,174,962,210
Sep 16, 2021;Rp 685,255,504.36;Rp 691,136,115.06;Rp 670,830,107.97;Rp 680,807,725.35;Rp 451,975,727,862,624;Rp 12,794,465,217,840,196
Sep 15, 2021;Rp 671,167,667.36;Rp 689,384,758.15;Rp 665,955,213.24;Rp 685,503,647.44;Rp 434,417,792,670,676;Rp 12,918,495,770,651,838
Sep 14, 2021;Rp 640,622,255.31;Rp 672,879,534.46;Rp 637,807,988.73;Rp 671,089,228.75;Rp 550,742,930,751,540;Rp 12,625,705,868,951,402
Sep 13, 2021;Rp 654,150,629.33;Rp 663,958,947.62;Rp 620,949,646.35;Rp 640,665,333.03;Rp 581,896,104,044,452;Rp 12,015,460,777,417,098
Sep 12, 2021;Rp 644,567,421.77;Rp 660,806,710.94;Rp 638,633,605.50;Rp 654,249,070.37;Rp 397,548,243,619,702;Rp 12,356,722,323,508,330
Sep 11, 2021;Rp 639,765,399.89;Rp 655,441,669.29;Rp 639,030,047.07;Rp 644,493,702.54;Rp 491,907,275,874,074;Rp 12,124,956,699,876,690
Sep 10, 2021;Rp 661,690,641.52;Rp 670,660,888.44;Rp 632,274,759.30;Rp 639,966,011.27;Rp 558,408,193,143,504;Rp 12,042,024,745,810,016
Sep 09, 2021;Rp 653,619,832.94;Rp 673,811,234.36;Rp 651,411,861.88;Rp 661,615,917.92;Rp 552,208,803,130,737;Rp 12,461,133,516,419,094
Sep 08, 2021;Rp 666,832,033.25;Rp 674,557,626.89;Rp 636,675,525.70;Rp 658,136,643.29;Rp 697,875,438,634,436;Rp 12,346,208,112,369,376
Sep 07, 2021;Rp 749,537,666.76;Rp 749,537,666.76;Rp 617,037,519.87;Rp 666,595,165.65;Rp 928,160,863,461,138;Rp 12,532,489,085,861,120
Sep 06, 2021;Rp 738,381,308.61;Rp 750,113,580.12;Rp 728,178,616.58;Rp 749,154,174.15;Rp 554,603,995,680,037;Rp 14,119,871,885,259,700
Sep 05, 2021;Rp 711,691,880.39;Rp 739,483,375.85;Rp 706,001,811.74;Rp 738,140,462.85;Rp 432,145,137,681,304;Rp 13,871,815,775,065,378
Sep 04, 2021;Rp 712,710,397.05;Rp 720,352,875.06;Rp 706,146,922.02;Rp 711,788,347.57;Rp 534,024,501,610,360;Rp 13,386,283,147,903,930
Sep 03, 2021;Rp 703,934,773.85;Rp 726,677,992.16;Rp 689,244,444.54;Rp 712,939,127.45;Rp 617,070,657,342,459;Rp 13,435,894,112,225,548
Sep 02, 2021;Rp 694,945,675.19;Rp 717,172,234.04;Rp 694,609,169.68;Rp 704,511,477.03;Rp 562,531,708,395,744;Rp 13,207,409,781,909,316
Sep 01, 2021;Rp 669,775,283.56;Rp 698,951,471.13;Rp 663,130,593.51;Rp 697,407,281.31;Rp 556,575,954,342,620;Rp 13,061,412,949,974,322
Aug 31, 2021;Rp 673,738,903.97;Rp 685,782,451.91;Rp 669,870,408.75;Rp 672,219,636.64;Rp 497,597,545,490,725;Rp 12,706,584,200,546,182
Aug 30, 2021;Rp 704,100,905.91;Rp 705,409,394.81;Rp 672,677,678.60;Rp 676,121,312.79;Rp 459,170,147,160,861;Rp 12,756,005,767,777,152
Aug 29, 2021;Rp 700,563,146.94;Rp 711,060,100.82;Rp 686,449,218.31;Rp 704,042,559.93;Rp 370,821,343,815,252;Rp 13,149,472,417,948,290
Aug 28, 2021;Rp 702,873,998.95;Rp 705,895,043.87;Rp 694,661,873.72;Rp 700,436,442.11;Rp 409,185,230,194,772;Rp 13,168,314,379,795,164
Aug 27, 2021;Rp 677,595,839.30;Rp 703,449,790.21;Rp 670,487,455.74;Rp 702,674,685.30;Rp 498,662,630,366,743;Rp 13,326,137,857,058,758
Aug 26, 2021;Rp 706,277,526.49;Rp 711,246,722.01;Rp 668,848,862.47;Rp 678,284,535.74;Rp 470,824,612,248,094;Rp 12,718,601,726,378,986
Aug 25, 2021;Rp 687,592,269.04;Rp 709,168,467.89;Rp 678,483,964.71;Rp 705,674,275.10;Rp 470,326,169,578,035;Rp 13,259,032,757,480,914
Aug 24, 2021;Rp 713,440,068.74;Rp 717,578,935.96;Rp 687,014,002.88;Rp 687,287,738.23;Rp 509,016,953,154,697;Rp 12,907,885,761,964,640
Aug 23, 2021;Rp 712,412,613.07;Rp 726,987,888.37;Rp 706,451,028.27;Rp 713,206,887.06;Rp 495,810,941,379,853;Rp 13,459,273,468,616,816
Aug 22, 2021;Rp 703,895,916.81;Rp 713,272,262.69;Rp 694,257,490.28;Rp 712,844,838.77;Rp 365,435,918,068,330;Rp 13,351,677,121,230,588
Aug 21, 2021;Rp 710,492,371.97;Rp 716,109,025.51;Rp 695,874,401.17;Rp 704,420,014.79;Rp 584,577,121,789,249;Rp 13,238,328,058,894,044
Aug 20, 2021;Rp 677,317,053.38;Rp 710,709,558.62;Rp 676,365,297.41;Rp 710,666,689.92;Rp 503,124,633,303,469;Rp 13,440,914,057,088,874
Aug 19, 2021;Rp 644,392,737.85;Rp 680,906,937.90;Rp 634,090,523.68;Rp 677,236,708.49;Rp 535,833,247,698,502;Rp 12,643,558,497,942,132
Aug 18, 2021;Rp 644,825,694.75;Rp 660,707,940.25;Rp 638,728,866.99;Rp 645,246,880.47;Rp 464,558,228,170,794;Rp 12,147,432,561,392,062
Aug 17, 2021;Rp 660,057,541.08;Rp 678,043,798.67;Rp 642,098,299.83;Rp 644,737,238.00;Rp 480,660,153,264,034;Rp 12,066,976,878,098,058
Aug 16, 2021;Rp 676,523,203.53;Rp 690,548,616.97;Rp 656,592,519.37;Rp 660,988,258.32;Rp 471,593,700,662,703;Rp 12,436,206,308,377,220
Aug 15, 2021;Rp 676,484,773.08;Rp 680,225,637.40;Rp 654,693,837.55;Rp 676,899,546.66;Rp 445,117,651,851,128;Rp 12,695,873,610,076,758
Aug 14, 2021;Rp 686,740,788.20;Rp 690,877,473.62;Rp 663,283,980.65;Rp 676,488,753.21;Rp 448,312,092,334,026;Rp 12,708,614,455,717,240
Aug 13, 2021;Rp 639,185,552.14;Rp 687,046,545.84;Rp 635,795,878.63;Rp 686,491,317.04;Rp 456,584,435,871,464;Rp 12,913,285,791,778,662
Aug 12, 2021;Rp 655,764,711.89;Rp 664,823,758.39;Rp 630,203,464.16;Rp 639,021,521.41;Rp 485,218,828,782,954;Rp 12,007,542,678,069,482
Aug 11, 2021;Rp 656,323,380.03;Rp 671,803,672.72;Rp 653,055,570.21;Rp 656,005,793.10;Rp 493,968,720,661,336;Rp 12,326,273,835,648,608
Aug 10, 2021;Rp 666,589,991.22;Rp 671,733,934.53;Rp 643,557,390.45;Rp 656,112,185.68;Rp 483,168,351,043,500;Rp 12,331,907,065,370,590
Aug 09, 2021;Rp 628,545,534.29;Rp 668,571,896.69;Rp 616,504,779.76;Rp 667,766,091.47;Rp 555,950,236,569,311;Rp 12,498,669,530,928,046
Aug 08, 2021;Rp 641,544,293.49;Rp 651,733,061.98;Rp 625,883,001.16;Rp 628,620,232.25;Rp 522,491,547,792,295;Rp 11,838,603,363,009,628
Aug 07, 2021;Rp 616,477,450.57;Rp 643,205,527.31;Rp 613,394,105.96;Rp 641,276,044.41;Rp 576,150,187,977,040;Rp 12,042,771,011,805,086
Aug 06, 2021;Rp 586,596,728.03;Rp 622,559,257.07;Rp 573,782,530.47;Rp 616,242,883.85;Rp 548,710,490,347,234;Rp 11,541,103,616,638,764
Aug 05, 2021;Rp 569,906,524.62;Rp 593,213,358.09;Rp 536,924,656.03;Rp 588,286,582.41;Rp 504,526,956,023,190;Rp 11,004,273,019,300,510
Aug 04, 2021;Rp 548,552,380.41;Rp 572,889,982.40;Rp 538,195,961.28;Rp 569,953,386.05;Rp 364,223,137,889,472;Rp 10,713,330,906,409,182
Aug 03, 2021;Rp 564,235,614.63;Rp 571,275,519.19;Rp 541,426,257.15;Rp 546,283,935.77;Rp 377,178,081,186,335;Rp 10,316,536,016,269,874
Aug 02, 2021;Rp 577,178,742.60;Rp 583,365,995.49;Rp 556,810,193.94;Rp 563,275,109.57;Rp 370,184,324,006,934;Rp 10,644,705,309,977,292
Aug 01, 2021;Rp 599,979,874.71;Rp 615,620,643.78;Rp 571,109,144.02;Rp 578,144,237.36;Rp 386,208,387,972,206;Rp 10,860,086,508,722,892
Jul 31, 2021;Rp 610,622,713.55;Rp 611,131,288.11;Rp 594,914,857.28;Rp 602,372,677.64;Rp 373,392,974,966,137;Rp 11,308,093,497,372,232
Jul 30, 2021;Rp 577,872,773.95;Rp 611,190,610.90;Rp 554,709,301.76;Rp 611,190,610.90;Rp 477,468,460,321,531;Rp 11,446,005,452,948,506
Jul 29, 2021;Rp 578,564,302.16;Rp 587,469,437.05;Rp 569,674,190.48;Rp 577,597,570.92;Rp 392,993,205,477,077;Rp 10,863,502,014,397,310
Jul 28, 2021;Rp 573,023,335.86;Rp 591,451,380.77;Rp 563,370,023.08;Rp 578,446,796.72;Rp 561,407,406,888,408;Rp 10,889,562,931,346,092
Jul 27, 2021;Rp 541,594,710.25;Rp 571,623,293.46;Rp 527,415,695.54;Rp 571,623,293.46;Rp 509,940,226,043,830;Rp 10,746,046,481,513,976
Jul 26, 2021;Rp 512,820,745.12;Rp 586,251,053.46;Rp 511,419,008.61;Rp 542,486,355.89;Rp 739,463,675,193,793;Rp 10,155,744,693,794,072
Jul 25, 2021;Rp 496,357,111.38;Rp 512,539,558.33;Rp 490,444,679.38;Rp 512,325,953.45;Rp 301,903,648,054,763;Rp 9,602,842,521,548,884
Jul 24, 2021;Rp 486,274,272.33;Rp 499,253,586.85;Rp 483,829,847.86;Rp 496,388,298.39;Rp 313,599,881,603,956;Rp 9,315,027,230,622,942
Jul 23, 2021;Rp 468,601,163.77;Rp 486,097,982.32;Rp 464,260,811.36;Rp 486,097,982.32;Rp 327,119,685,240,467;Rp 9,140,355,732,993,034
Jul 22, 2021;Rp 467,186,724.57;Rp 472,908,341.26;Rp 460,079,860.16;Rp 468,704,838.57;Rp 284,264,608,421,769;Rp 8,813,725,011,275,523
Jul 21, 2021;Rp 433,833,919.65;Rp 474,268,424.30;Rp 429,740,317.13;Rp 464,768,568.79;Rp 410,636,037,583,139;Rp 8,772,244,342,143,723
Jul 20, 2021;Rp 449,922,872.30;Rp 452,372,511.41;Rp 427,599,748.43;Rp 433,777,388.46;Rp 337,727,432,044,544;Rp 8,159,234,881,565,861
Jul 19, 2021;Rp 461,036,583.18;Rp 462,912,537.29;Rp 445,397,074.97;Rp 449,624,459.42;Rp 296,263,578,813,027;Rp 8,382,426,779,165,825
Jul 18, 2021;Rp 456,993,787.45;Rp 469,531,098.09;Rp 452,379,596.88;Rp 461,722,170.62;Rp 272,278,320,967,738;Rp 8,644,760,354,998,008
Jul 17, 2021;Rp 455,014,505.83;Rp 462,820,496.51;Rp 452,502,759.32;Rp 456,981,944.65;Rp 273,829,448,755,350;Rp 8,572,635,346,306,721
Jul 16, 2021;Rp 462,699,134.77;Rp 466,846,322.74;Rp 450,081,169.90;Rp 455,365,648.50;Rp 344,384,208,948,994;Rp 8,564,977,921,942,873
Jul 15, 2021;Rp 475,272,119.37;Rp 480,501,435.11;Rp 453,160,764.17;Rp 461,812,163.76;Rp 308,382,599,747,681;Rp 8,630,511,134,214,461
Jul 14, 2021;Rp 475,847,262.59;Rp 478,968,752.06;Rp 459,487,089.59;Rp 475,192,118.32;Rp 310,842,553,273,754;Rp 8,952,133,846,174,971
Jul 13, 2021;Rp 480,619,081.59;Rp 482,416,458.40;Rp 468,954,328.95;Rp 475,557,766.28;Rp 277,425,465,469,937;Rp 8,899,033,899,796,829
Jul 12, 2021;Rp 497,420,665.40;Rp 501,299,265.05;Rp 474,382,363.12;Rp 481,059,858.36;Rp 353,185,339,590,303;Rp 9,029,892,572,758,742
Jul 11, 2021;Rp 485,454,379.59;Rp 502,222,759.85;Rp 483,102,526.10;Rp 497,219,838.71;Rp 291,320,189,584,732;Rp 9,302,815,256,826,050
Jul 10, 2021;Rp 489,831,930.48;Rp 495,595,352.24;Rp 479,759,960.90;Rp 485,620,152.72;Rp 332,799,273,916,270;Rp 9,106,907,566,919,864
Jul 09, 2021;Rp 478,410,069.18;Rp 493,179,191.49;Rp 470,638,847.38;Rp 489,640,223.41;Rp 399,421,824,920,806;Rp 9,226,818,666,545,488
Jul 08, 2021;Rp 491,829,690.04;Rp 492,095,297.14;Rp 468,384,518.05;Rp 478,638,653.92;Rp 434,080,617,758,246;Rp 8,946,975,823,376,228
Jul 07, 2021;Rp 496,833,665.98;Rp 508,022,560.90;Rp 491,099,451.76;Rp 491,332,202.53;Rp 359,949,053,246,191;Rp 9,215,051,614,981,444
Jul 06, 2021;Rp 488,173,094.90;Rp 507,440,347.12;Rp 487,756,543.06;Rp 496,971,762.19;Rp 383,625,612,566,006;Rp 9,291,971,788,594,142
Jul 05, 2021;Rp 512,787,377.57;Rp 512,787,377.57;Rp 480,593,371.76;Rp 488,498,695.06;Rp 388,344,348,357,199;Rp 9,194,973,978,662,048
Jul 04, 2021;Rp 501,248,468.43;Rp 521,553,586.02;Rp 497,357,585.60;Rp 512,833,318.71;Rp 360,394,276,437,659;Rp 9,566,074,423,947,296
Jul 03, 2021;Rp 489,519,698.37;Rp 504,772,188.94;Rp 482,987,960.67;Rp 501,291,609.02;Rp 352,581,069,182,118;Rp 9,397,835,608,120,246
Jul 02, 2021;Rp 490,223,402.84;Rp 495,925,270.05;Rp 477,699,852.24;Rp 490,136,068.91;Rp 565,903,908,969,117;Rp 9,285,143,312,451,310
Jul 01, 2021;Rp 509,622,893.76;Rp 509,622,893.76;Rp 479,570,488.62;Rp 490,552,425.94;Rp 550,394,118,012,830;Rp 9,154,181,024,426,380
Jun 30, 2021;Rp 523,152,896.39;Rp 525,948,352.44;Rp 495,437,679.32;Rp 509,693,506.40;Rp 496,209,502,823,479;Rp 9,569,749,950,473,182
Jun 29, 2021;Rp 499,361,244.44;Rp 532,197,477.73;Rp 496,741,524.29;Rp 522,561,240.60;Rp 548,983,698,023,903;Rp 9,738,413,471,481,504
Jun 28, 2021;Rp 500,246,338.06;Rp 509,374,119.86;Rp 489,037,444.75;Rp 498,764,129.87;Rp 488,899,655,132,322;Rp 9,310,511,805,866,454
Jun 27, 2021;Rp 466,796,866.84;Rp 499,911,420.19;Rp 463,677,428.98;Rp 499,817,906.86;Rp 513,409,548,242,656;Rp 9,389,592,195,762,388
Jun 26, 2021;Rp 456,779,848.60;Rp 471,857,916.86;Rp 436,392,434.70;Rp 465,333,109.44;Rp 557,848,211,195,002;Rp 8,721,863,179,580,547
Jun 25, 2021;Rp 501,130,793.11;Rp 512,081,244.73;Rp 453,255,403.40;Rp 457,403,205.17;Rp 581,692,609,584,554;Rp 8,573,783,009,093,024
Jun 24, 2021;Rp 486,110,175.44;Rp 509,313,819.55;Rp 468,076,597.25;Rp 501,178,961.23;Rp 478,036,448,666,018;Rp 9,375,662,171,334,870
Jun 23, 2021;Rp 469,801,672.31;Rp 501,957,380.37;Rp 459,055,758.17;Rp 486,667,148.11;Rp 669,210,432,426,081;Rp 9,131,583,355,694,104
Jun 22, 2021;Rp 455,245,227.26;Rp 480,987,746.31;Rp 417,967,878.39;Rp 469,656,400.68;Rp 848,868,515,989,096;Rp 8,769,947,239,425,969
Jun 21, 2021;Rp 512,341,474.69;Rp 513,498,569.75;Rp 450,545,676.69;Rp 456,027,186.01;Rp 759,129,929,799,965;Rp 8,533,396,403,529,157
Jun 20, 2021;Rp 515,292,108.54;Rp 522,483,886.41;Rp 484,414,065.83;Rp 513,163,878.15;Rp 531,243,521,419,044;Rp 9,693,024,423,814,318
Jun 19, 2021;Rp 519,514,201.16;Rp 528,255,239.19;Rp 506,162,605.47;Rp 516,056,137.78;Rp 452,177,879,470,711;Rp 9,670,304,750,035,928
Jun 18, 2021;Rp 552,478,611.77;Rp 553,696,178.73;Rp 510,519,982.95;Rp 518,539,283.25;Rp 524,947,256,306,507;Rp 9,724,184,009,880,712
Jun 17, 2021;Rp 552,557,429.17;Rp 571,097,076.06;Rp 542,334,271.24;Rp 554,230,261.55;Rp 534,618,660,412,945;Rp 10,275,768,892,728,076
Jun 16, 2021;Rp 572,152,783.49;Rp 577,254,674.46;Rp 550,553,768.03;Rp 554,924,854.56;Rp 558,520,727,474,092;Rp 10,234,059,932,064,178
Jun 15, 2021;Rp 576,956,355.54;Rp 588,344,015.19;Rp 564,741,247.75;Rp 575,536,793.90;Rp 662,485,159,105,754;Rp 10,803,951,857,256,596
Jun 14, 2021;Rp 553,611,789.86;Rp 584,078,971.32;Rp 551,587,607.33;Rp 573,978,006.78;Rp 612,239,950,308,550;Rp 10,691,000,906,480,866
Jun 13, 2021;Rp 505,745,558.93;Rp 558,953,896.89;Rp 495,907,099.75;Rp 554,768,000.72;Rp 578,477,460,972,913;Rp 10,418,591,545,707,236
Jun 12, 2021;Rp 531,126,191.79;Rp 532,104,557.63;Rp 493,973,775.97;Rp 505,699,003.89;Rp 539,434,226,864,616;Rp 9,473,442,502,929,608
Jun 11, 2021;Rp 522,987,741.44;Rp 533,434,034.88;Rp 513,197,273.40;Rp 531,044,498.82;Rp 551,529,301,612,515;Rp 9,967,053,452,680,484
Jun 10, 2021;Rp 533,804,506.51;Rp 546,703,379.93;Rp 510,840,756.05;Rp 522,940,470.99;Rp 622,128,484,630,355;Rp 9,815,468,880,175,342
Jun 09, 2021;Rp 477,254,594.25;Rp 535,915,417.29;Rp 463,388,389.65;Rp 533,170,697.68;Rp 770,830,434,647,363;Rp 9,990,349,589,194,434
Jun 08, 2021;Rp 478,541,506.27;Rp 484,689,949.15;Rp 444,269,512.56;Rp 478,049,432.08;Rp 710,942,037,154,895;Rp 8,932,070,361,223,327
Jun 07, 2021;Rp 512,265,120.43;Rp 524,872,697.68;Rp 476,990,325.61;Rp 478,131,014.40;Rp 481,511,874,572,029;Rp 8,985,450,487,797,262
Jun 06, 2021;Rp 506,274,135.30;Rp 519,064,143.93;Rp 502,940,221.63;Rp 512,652,689.58;Rp 411,893,646,196,573;Rp 9,568,194,425,691,988
Jun 05, 2021;Rp 525,385,481.90;Rp 540,166,276.32;Rp 497,182,547.61;Rp 506,464,316.00;Rp 512,269,668,154,838;Rp 9,484,886,447,528,484
Jun 04, 2021;Rp 562,234,949.14;Rp 562,234,949.14;Rp 511,834,960.61;Rp 525,588,474.71;Rp 599,322,395,285,361;Rp 9,898,878,420,289,438
Jun 03, 2021;Rp 535,960,788.98;Rp 563,607,428.89;Rp 531,680,071.37;Rp 561,751,832.13;Rp 505,475,266,944,282;Rp 10,466,000,743,543,800
Jun 02, 2021;Rp 523,030,786.48;Rp 544,744,970.92;Rp 512,424,566.29;Rp 535,615,397.24;Rp 471,311,117,290,080;Rp 10,027,385,897,129,524
Jun 01, 2021;Rp 531,345,171.56;Rp 541,264,062.39;Rp 510,242,843.49;Rp 524,071,660.42;Rp 493,526,915,414,863;Rp 9,786,514,169,741,992
May 31, 2021;Rp 509,383,000.36;Rp 533,830,750.92;Rp 488,892,773.36;Rp 533,206,482.84;Rp 557,255,673,487,383;Rp 9,985,079,094,440,360
May 30, 2021;Rp 495,107,392.88;Rp 520,762,529.27;Rp 479,561,085.52;Rp 509,656,679.74;Rp 452,741,492,073,765;Rp 9,556,340,979,178,080
May 29, 2021;Rp 510,511,821.99;Rp 532,691,629.03;Rp 482,038,832.38;Rp 495,231,315.26;Rp 647,092,969,142,954;Rp 9,271,420,078,966,246
May 28, 2021;Rp 552,480,374.38;Rp 556,140,352.88;Rp 497,562,849.64;Rp 510,704,236.04;Rp 791,984,753,971,314;Rp 9,588,203,685,943,454
May 27, 2021;Rp 562,781,958.82;Rp 577,683,972.94;Rp 533,220,940.26;Rp 551,488,876.06;Rp 618,521,806,228,368;Rp 10,299,468,779,702,180
May 26, 2021;Rp 550,559,821.40;Rp 582,696,372.19;Rp 543,579,148.27;Rp 562,443,788.69;Rp 736,325,018,903,228;Rp 10,548,062,825,511,872
May 25, 2021;Rp 555,852,360.86;Rp 570,034,868.96;Rp 524,125,909.97;Rp 550,697,490.60;Rp 805,384,655,407,275;Rp 10,299,135,728,592,388
May 24, 2021;Rp 498,123,719.00;Rp 570,990,919.03;Rp 495,769,999.73;Rp 554,565,714.79;Rp 966,946,829,699,420;Rp 10,397,786,899,290,748
May 23, 2021;Rp 539,240,591.95;Rp 550,127,999.21;Rp 448,665,044.78;Rp 499,121,540.42;Rp 1,127,422,993,273,869;Rp 9,348,865,132,514,302
May 22, 2021;Rp 536,935,746.40;Rp 557,912,940.89;Rp 508,382,153.05;Rp 539,315,054.85;Rp 824,379,448,766,802;Rp 10,092,580,142,012,148
May 21, 2021;Rp 582,405,850.44;Rp 605,225,515.19;Rp 482,991,124.49;Rp 535,982,604.18;Rp 1,177,116,597,988,474;Rp 10,015,103,603,451,440
May 20, 2021;Rp 528,958,814.41;Rp 610,460,302.52;Rp 504,536,089.48;Rp 585,071,202.21;Rp 1,270,553,728,757,840;Rp 10,983,915,809,968,690
May 19, 2021;Rp 615,047,202.11;Rp 623,636,997.98;Rp 441,582,403.68;Rp 532,539,123.16;Rp 1,809,669,100,718,065;Rp 9,917,132,596,459,408
May 18, 2021;Rp 623,816,622.24;Rp 654,846,067.57;Rp 606,777,253.33;Rp 614,533,421.76;Rp 805,982,467,848,853;Rp 11,518,305,667,779,134
May 17, 2021;Rp 659,012,937.57;Rp 661,961,279.68;Rp 605,199,752.31;Rp 624,526,009.02;Rp 1,063,481,858,641,234;Rp 11,567,133,976,378,538
May 16, 2021;Rp 666,922,052.25;Rp 709,798,385.03;Rp 627,616,390.93;Rp 659,571,284.70;Rp 914,341,009,539,107;Rp 12,409,741,168,332,026
May 15, 2021;Rp 711,732,056.08;Rp 722,926,798.26;Rp 666,172,622.94;Rp 667,543,747.33;Rp 844,577,197,646,757;Rp 12,490,427,744,832,710
May 14, 2021;Rp 711,003,216.73;Rp 735,891,734.97;Rp 700,422,527.70;Rp 712,089,507.06;Rp 797,648,178,535,179;Rp 13,355,939,078,461,446
May 13, 2021;Rp 713,591,545.45;Rp 734,862,622.93;Rp 674,057,564.09;Rp 713,750,504.72;Rp 1,387,730,921,970,647;Rp 13,345,717,632,869,524
May 12, 2021;Rp 804,660,125.16;Rp 825,580,121.74;Rp 705,199,572.45;Rp 705,199,572.45;Rp 1,067,148,629,137,606;Rp 13,046,169,154,542,410
May 11, 2021;Rp 792,952,636.69;Rp 807,093,289.45;Rp 774,937,374.16;Rp 804,518,812.13;Rp 870,493,396,098,241;Rp 15,061,745,349,473,476
May 10, 2021;Rp 832,113,714.05;Rp 844,482,360.43;Rp 766,798,123.05;Rp 793,130,921.45;Rp 1,025,327,963,798,110;Rp 14,926,787,019,658,708
May 09, 2021;Rp 832,025,818.39;Rp 836,738,576.01;Rp 798,175,433.10;Rp 831,839,829.07;Rp 931,360,394,644,556;Rp 15,392,659,466,820,036
May 08, 2021;Rp 810,480,612.06;Rp 840,324,171.44;Rp 805,145,189.34;Rp 830,985,557.84;Rp 923,959,590,828,358;Rp 15,542,727,282,329,550
May 07, 2021;Rp 803,896,017.37;Rp 828,133,164.27;Rp 789,871,496.85;Rp 810,531,993.13;Rp 975,181,411,368,066;Rp 15,286,312,314,716,032
May 06, 2021;Rp 827,140,461.66;Rp 835,326,232.07;Rp 789,580,082.13;Rp 805,782,115.09;Rp 1,001,117,924,674,450;Rp 15,187,631,149,772,476
May 05, 2021;Rp 771,370,919.56;Rp 834,731,499.30;Rp 767,270,009.15;Rp 826,891,329.63;Rp 1,002,977,783,349,935;Rp 15,555,319,058,741,746
May 04, 2021;Rp 823,835,542.08;Rp 823,835,542.08;Rp 770,491,089.41;Rp 772,549,627.69;Rp 987,273,500,294,315;Rp 14,360,619,927,334,822
May 03, 2021;Rp 817,879,838.01;Rp 850,598,565.46;Rp 817,455,104.81;Rp 826,673,781.74;Rp 746,996,293,317,085;Rp 15,449,851,047,906,480
May 02, 2021;Rp 835,161,588.91;Rp 836,269,767.91;Rp 810,840,713.19;Rp 818,054,373.32;Rp 551,384,812,013,266;Rp 15,292,826,279,865,544
May 01, 2021;Rp 833,555,590.12;Rp 844,151,822.91;Rp 823,988,880.20;Rp 835,193,186.83;Rp 618,673,669,404,979;Rp 15,615,079,172,147,250
Apr 30, 2021;Rp 774,040,404.45;Rp 836,242,728.55;Rp 765,087,504.43;Rp 834,068,486.32;Rp 757,095,019,205,419;Rp 15,600,689,993,328,830
Apr 29, 2021;Rp 793,881,140.97;Rp 797,597,915.55;Rp 755,077,017.03;Rp 773,844,540.14;Rp 666,977,854,391,687;Rp 14,488,815,103,217,156
Apr 28, 2021;Rp 798,942,098.92;Rp 813,978,765.25;Rp 781,709,429.85;Rp 792,765,232.81;Rp 696,802,717,317,052;Rp 14,877,840,926,296,514
Apr 27, 2021;Rp 781,494,313.00;Rp 804,457,587.93;Rp 772,912,494.09;Rp 798,885,506.02;Rp 715,219,093,967,796;Rp 14,879,599,313,488,456
Apr 26, 2021;Rp 712,854,934.12;Rp 785,525,676.01;Rp 709,586,874.19;Rp 781,311,237.36;Rp 846,575,678,511,231;Rp 14,667,055,120,667,444
Apr 25, 2021;Rp 726,509,343.46;Rp 733,087,291.31;Rp 685,654,469.82;Rp 711,796,257.55;Rp 669,382,995,630,857;Rp 13,294,963,123,032,282
Apr 24, 2021;Rp 742,336,257.90;Rp 742,689,507.00;Rp 708,401,386.60;Rp 726,480,844.52;Rp 711,438,039,569,609;Rp 13,578,230,653,129,364
Apr 23, 2021;Rp 753,003,041.07;Rp 758,552,971.46;Rp 693,329,827.04;Rp 741,616,676.01;Rp 1,261,345,450,057,014;Rp 13,897,560,252,033,206
Apr 22, 2021;Rp 781,488,163.90;Rp 804,417,994.65;Rp 736,179,125.38;Rp 753,329,990.59;Rp 1,085,358,052,057,922;Rp 14,036,961,523,465,772
Apr 21, 2021;Rp 821,279,375.26;Rp 825,451,046.05;Rp 779,142,752.76;Rp 782,198,900.00;Rp 798,816,949,346,005;Rp 14,650,818,583,492,076
Apr 20, 2021;Rp 808,340,934.20;Rp 829,869,116.59;Rp 774,790,124.53;Rp 821,307,073.96;Rp 984,978,813,319,974;Rp 15,320,289,933,925,458
Apr 19, 2021;Rp 818,430,422.56;Rp 836,023,254.64;Rp 789,815,278.50;Rp 808,957,544.16;Rp 951,747,961,041,863;Rp 15,166,354,944,988,842
Apr 18, 2021;Rp 884,851,393.60;Rp 890,034,543.55;Rp 770,096,145.22;Rp 818,805,186.70;Rp 1,420,803,758,234,706;Rp 15,312,342,619,652,290
Apr 17, 2021;Rp 896,921,658.40;Rp 912,114,610.31;Rp 879,887,430.74;Rp 884,588,062.14;Rp 964,104,692,853,784;Rp 16,528,604,900,252,570
Apr 16, 2021;Rp 924,982,671.57;Rp 926,431,995.61;Rp 875,036,402.22;Rp 897,546,554.04;Rp 1,232,554,753,345,516;Rp 16,822,290,242,741,560
Apr 15, 2021;Rp 921,944,913.14;Rp 928,940,394.19;Rp 909,429,739.57;Rp 921,551,256.36;Rp 890,945,813,844,165;Rp 17,290,641,090,257,544
Apr 14, 2021;Rp 929,009,505.49;Rp 948,676,271.45;Rp 899,860,339.54;Rp 922,449,181.65;Rp 1,132,701,297,242,706;Rp 17,243,296,875,507,414
Apr 13, 2021;Rp 875,735,796.18;Rp 932,514,546.95;Rp 875,442,448.94;Rp 928,712,670.87;Rp 1,023,326,063,104,908;Rp 17,347,489,599,788,316
Apr 12, 2021;Rp 876,462,635.39;Rp 896,158,826.91;Rp 871,162,241.41;Rp 875,786,010.94;Rp 754,884,848,289,699;Rp 16,296,357,164,758,492
Apr 11, 2021;Rp 874,646,678.37;Rp 888,447,886.94;Rp 866,514,434.23;Rp 876,902,933.46;Rp 676,381,263,485,698;Rp 16,436,440,467,437,612
Apr 10, 2021;Rp 851,402,249.57;Rp 895,582,974.98;Rp 848,258,907.73;Rp 873,872,156.26;Rp 851,178,542,108,591;Rp 16,323,791,224,778,092
Apr 09, 2021;Rp 851,594,075.80;Rp 860,118,416.30;Rp 843,147,926.93;Rp 851,274,016.86;Rp 681,187,039,608,591;Rp 15,883,991,004,814,016
Apr 08, 2021;Rp 817,193,409.33;Rp 851,771,830.52;Rp 813,976,649.72;Rp 851,555,968.04;Rp 772,822,251,684,704;Rp 15,868,060,824,847,886
Apr 07, 2021;Rp 842,068,972.33;Rp 851,645,620.47;Rp 809,989,160.49;Rp 816,450,864.91;Rp 1,094,730,800,233,245;Rp 15,149,077,923,142,718
Apr 06, 2021;Rp 856,605,432.50;Rp 861,856,119.27;Rp 834,764,326.36;Rp 841,886,310.80;Rp 956,292,345,054,279;Rp 15,732,668,420,198,042
Apr 05, 2021;Rp 853,501,684.18;Rp 866,384,506.50;Rp 838,510,638.69;Rp 854,954,337.73;Rp 881,758,602,525,917;Rp 16,019,343,477,154,680
Apr 04, 2021;Rp 837,401,538.97;Rp 856,429,151.63;Rp 831,061,039.83;Rp 853,479,395.81;Rp 737,747,850,572,336;Rp 15,950,471,183,087,864
Apr 03, 2021;Rp 863,460,126.79;Rp 873,822,972.59;Rp 837,387,736.90;Rp 837,387,736.90;Rp 867,006,224,737,004;Rp 15,636,248,125,392,868
Apr 02, 2021;Rp 857,453,816.69;Rp 876,254,774.81;Rp 854,533,513.10;Rp 863,269,763.27;Rp 852,070,784,202,116;Rp 16,087,558,577,393,640
Apr 01, 2021;Rp 858,524,683.67;Rp 867,844,328.63;Rp 852,373,055.71;Rp 860,700,895.35;Rp 898,482,714,935,012;Rp 16,075,552,967,059,308
Mar 31, 2021;Rp 857,547,509.28;Rp 872,034,318.94;Rp 842,545,945.18;Rp 858,317,771.18;Rp 953,452,511,149,315;Rp 16,007,334,279,291,138
Mar 30, 2021;Rp 834,870,570.49;Rp 859,404,738.96;Rp 828,590,241.54;Rp 857,364,377.42;Rp 786,643,115,643,490;Rp 15,901,391,026,056,962
Mar 29, 2021;Rp 806,656,807.30;Rp 841,176,346.06;Rp 796,992,339.43;Rp 834,871,539.50;Rp 830,845,713,760,283;Rp 15,543,877,058,683,898
Mar 28, 2021;Rp 806,892,770.96;Rp 816,051,799.61;Rp 793,863,847.18;Rp 806,713,932.60;Rp 687,413,985,588,770;Rp 15,055,958,260,710,800
Mar 27, 2021;Rp 794,821,816.13;Rp 815,444,976.42;Rp 781,925,103.72;Rp 806,872,152.17;Rp 681,359,022,940,208;Rp 15,061,257,138,709,834
Mar 26, 2021;Rp 747,152,851.18;Rp 794,818,161.70;Rp 745,661,595.60;Rp 794,818,161.70;Rp 818,989,667,412,974;Rp 14,877,865,598,880,936
Mar 25, 2021;Rp 762,431,377.30;Rp 771,472,708.89;Rp 735,319,869.68;Rp 747,458,631.63;Rp 983,280,693,726,752;Rp 13,954,364,160,364,142
Mar 24, 2021;Rp 791,119,143.17;Rp 827,478,653.92;Rp 759,359,886.70;Rp 763,118,491.72;Rp 1,020,409,112,626,643;Rp 14,242,448,640,438,458
Mar 23, 2021;Rp 786,306,194.59;Rp 808,303,788.35;Rp 770,552,794.63;Rp 791,530,617.55;Rp 814,049,824,219,109;Rp 14,735,593,491,284,504
Mar 22, 2021;Rp 828,824,872.36;Rp 841,723,247.23;Rp 781,966,628.21;Rp 786,525,669.83;Rp 814,466,359,818,043;Rp 14,663,407,284,593,616
Mar 21, 2021;Rp 838,044,647.54;Rp 844,626,904.58;Rp 804,926,729.03;Rp 828,904,551.67;Rp 746,543,739,573,104;Rp 15,427,420,860,764,840
Mar 20, 2021;Rp 838,365,855.44;Rp 862,784,664.17;Rp 836,656,062.99;Rp 838,098,249.94;Rp 723,811,391,512,094;Rp 15,638,520,275,721,032
Mar 19, 2021;Rp 834,848,386.39;Rp 855,836,546.65;Rp 817,640,502.18;Rp 838,572,683.15;Rp 708,048,122,135,011;Rp 15,710,708,849,699,994
Mar 18, 2021;Rp 844,753,477.70;Rp 867,030,545.08;Rp 784,146,133.32;Rp 834,964,977.67;Rp 799,612,850,199,138;Rp 15,484,345,103,525,186
Mar 17, 2021;Rp 820,224,014.25;Rp 848,156,425.19;Rp 787,284,319.05;Rp 848,156,425.19;Rp 869,768,492,540,969;Rp 15,853,405,715,882,734
Mar 16, 2021;Rp 804,415,629.81;Rp 820,330,116.89;Rp 771,601,399.11;Rp 819,921,944.32;Rp 860,726,985,970,406;Rp 15,266,190,775,181,958
Mar 15, 2021;Rp 849,915,972.52;Rp 872,895,168.13;Rp 794,311,153.34;Rp 805,385,888.72;Rp 952,477,343,114,291;Rp 14,956,216,242,639,630
Mar 14, 2021;Rp 881,061,995.17;Rp 886,484,471.47;Rp 850,700,928.85;Rp 850,700,928.85;Rp 631,803,082,873,268;Rp 15,920,217,987,251,922
Mar 13, 2021;Rp 825,255,277.94;Rp 887,721,355.09;Rp 809,059,150.57;Rp 881,377,894.64;Rp 873,127,914,351,225;Rp 16,440,369,191,411,228
Mar 12, 2021;Rp 827,647,143.08;Rp 830,157,811.77;Rp 796,105,797.03;Rp 825,092,923.71;Rp 797,140,299,525,042;Rp 15,306,802,595,215,420
Mar 11, 2021;Rp 805,339,766.05;Rp 831,445,762.26;Rp 782,698,695.91;Rp 830,919,740.78;Rp 816,984,056,950,361;Rp 15,514,941,677,957,864
Mar 10, 2021;Rp 789,856,683.17;Rp 824,253,708.67;Rp 769,237,884.86;Rp 805,979,772.49;Rp 825,464,863,007,948;Rp 15,049,401,192,169,618
Mar 09, 2021;Rp 750,296,935.38;Rp 789,614,197.67;Rp 746,636,381.66;Rp 789,614,197.67;Rp 730,765,601,030,957;Rp 14,675,530,803,993,082
Mar 08, 2021;Rp 730,804,412.36;Rp 750,854,072.94;Rp 710,198,711.94;Rp 749,905,776.71;Rp 694,007,380,414,367;Rp 13,914,040,419,248,610
Mar 07, 2021;Rp 704,387,414.91;Rp 733,748,137.23;Rp 704,387,414.91;Rp 731,211,037.23;Rp 621,142,748,177,886;Rp 13,749,474,096,743,566
Mar 06, 2021;Rp 704,107,358.89;Rp 707,678,167.20;Rp 680,468,218.55;Rp 704,296,721.37;Rp 494,806,122,064,978;Rp 13,132,804,744,326,228
Mar 05, 2021;Rp 692,538,348.16;Rp 710,849,217.56;Rp 665,824,341.49;Rp 704,511,597.36;Rp 693,949,724,353,122;Rp 13,019,390,774,118,638
Mar 04, 2021;Rp 720,923,537.02;Rp 739,348,773.01;Rp 683,621,375.70;Rp 692,988,545.63;Rp 746,915,435,457,635;Rp 12,919,726,020,350,892
Mar 03, 2021;Rp 690,246,578.21;Rp 748,667,713.07;Rp 688,195,164.88;Rp 721,244,083.20;Rp 758,749,664,158,564;Rp 13,433,122,490,238,414
Mar 02, 2021;Rp 706,926,632.47;Rp 714,371,182.57;Rp 673,093,224.39;Rp 689,749,800.22;Rp 677,271,324,886,956;Rp 12,851,720,668,623,080
Mar 01, 2021;Rp 645,018,759.32;Rp 709,386,040.44;Rp 644,157,648.92;Rp 707,298,294.95;Rp 769,736,095,107,143;Rp 13,215,253,311,838,308
Feb 28, 2021;Rp 662,223,560.23;Rp 669,712,739.80;Rp 619,898,866.43;Rp 644,570,345.40;Rp 766,155,537,348,583;Rp 12,062,473,393,275,108
Feb 27, 2021;Rp 664,384,751.38;Rp 691,744,404.21;Rp 648,963,172.69;Rp 662,143,780.97;Rp 658,165,554,063,002;Rp 12,342,724,256,288,046
Feb 26, 2021;Rp 667,972,367.56;Rp 690,690,351.87;Rp 630,945,839.87;Rp 664,312,898.64;Rp 4,968,939,825,136,504;Rp 12,228,846,488,019,138
Feb 25, 2021;Rp 700,003,050.20;Rp 731,806,608.08;Rp 667,075,494.62;Rp 667,075,494.62;Rp 767,561,189,205,219;Rp 12,360,698,200,136,678
Feb 24, 2021;Rp 688,096,616.14;Rp 722,511,333.09;Rp 664,960,786.17;Rp 700,934,669.37;Rp 897,483,240,628,430;Rp 13,053,072,728,826,952
Feb 23, 2021;Rp 764,973,358.96;Rp 764,973,358.96;Rp 638,459,642.31;Rp 690,133,273.78;Rp 1,497,383,737,891,909;Rp 12,841,434,172,661,690
Feb 22, 2021;Rp 810,286,888.72;Rp 810,296,049.77;Rp 690,975,779.31;Rp 765,088,874.12;Rp 1,296,459,559,238,635;Rp 14,227,656,377,147,174
Feb 21, 2021;Rp 788,705,896.52;Rp 821,773,524.76;Rp 783,136,020.27;Rp 810,169,351.11;Rp 730,033,470,370,499;Rp 15,083,324,037,609,326
Feb 20, 2021;Rp 786,156,532.93;Rp 808,915,118.96;Rp 768,421,437.36;Rp 789,141,296.19;Rp 958,589,238,594,215;Rp 14,705,036,470,049,508
Feb 19, 2021;Rp 724,260,936.67;Rp 789,368,482.22;Rp 718,299,634.13;Rp 786,167,757.80;Rp 889,916,493,665,540;Rp 14,595,394,998,642,070
Feb 18, 2021;Rp 730,624,163.83;Rp 735,207,186.65;Rp 714,901,579.49;Rp 724,212,909.63;Rp 729,415,599,796,605;Rp 13,492,825,067,622,160
Feb 17, 2021;Rp 688,857,583.51;Rp 736,381,796.95;Rp 686,988,743.78;Rp 730,791,785.88;Rp 1,131,414,897,177,767;Rp 13,601,688,319,994,098
Feb 16, 2021;Rp 667,137,664.19;Rp 700,919,317.05;Rp 657,202,632.72;Rp 691,012,193.03;Rp 1,072,129,728,633,086;Rp 12,754,633,832,752,668
Feb 15, 2021;Rp 681,120,539.83;Rp 683,471,857.73;Rp 645,562,421.54;Rp 668,756,830.77;Rp 1,077,980,029,997,062;Rp 12,493,367,570,416,258
Feb 14, 2021;Rp 658,331,042.49;Rp 691,490,805.96;Rp 658,331,042.49;Rp 681,408,003.12;Rp 995,557,739,026,808;Rp 12,681,214,737,032,016
Feb 13, 2021;Rp 664,316,463.34;Rp 672,044,936.43;Rp 648,909,752.68;Rp 658,205,395.69;Rp 982,677,465,928,746;Rp 12,274,350,710,468,970
Feb 12, 2021;Rp 669,559,751.22;Rp 681,576,450.08;Rp 649,419,913.57;Rp 664,507,383.08;Rp 1,070,621,332,489,550;Rp 12,374,952,979,629,152
Feb 11, 2021;Rp 628,311,515.17;Rp 677,386,108.73;Rp 618,566,677.47;Rp 669,972,656.81;Rp 1,138,954,519,221,628;Rp 12,487,732,826,127,300
Feb 10, 2021;Rp 650,512,487.30;Rp 658,670,555.10;Rp 614,066,267.29;Rp 628,616,418.21;Rp 1,222,094,705,531,213;Rp 11,711,481,431,204,462
Feb 09, 2021;Rp 646,487,927.16;Rp 669,352,934.55;Rp 631,768,336.95;Rp 652,362,297.91;Rp 1,285,135,186,159,938;Rp 12,117,650,397,512,474
Feb 08, 2021;Rp 544,681,801.27;Rp 646,734,286.15;Rp 533,224,632.19;Rp 646,629,757.63;Rp 1,421,235,762,197,323;Rp 12,050,687,793,611,480
Feb 07, 2021;Rp 549,860,334.58;Rp 555,066,750.89;Rp 524,587,382.49;Rp 545,032,099.36;Rp 917,605,850,640,896;Rp 10,149,305,478,818,680
Feb 06, 2021;Rp 534,284,972.85;Rp 572,223,870.83;Rp 534,284,972.85;Rp 550,081,961.84;Rp 999,214,429,672,166;Rp 10,243,357,853,365,828
Feb 05, 2021;Rp 517,720,058.12;Rp 534,914,590.67;Rp 515,468,038.78;Rp 534,367,886.10;Rp 821,449,354,779,382;Rp 9,956,781,877,154,798
Feb 04, 2021;Rp 524,386,037.39;Rp 542,067,639.00;Rp 510,516,896.63;Rp 517,641,656.01;Rp 963,245,492,888,353;Rp 9,620,728,984,493,230
Feb 03, 2021;Rp 497,405,807.76;Rp 524,310,717.59;Rp 496,387,112.08;Rp 524,198,162.02;Rp 856,773,500,443,912;Rp 9,772,417,131,980,136
Feb 02, 2021;Rp 470,421,494.87;Rp 503,536,016.80;Rp 469,804,492.10;Rp 497,410,740.18;Rp 885,040,081,917,062;Rp 9,274,465,412,329,372
Feb 01, 2021;Rp 464,721,254.66;Rp 487,333,397.13;Rp 454,342,847.73;Rp 470,386,500.74;Rp 861,677,050,023,999;Rp 8,761,950,035,936,259
Jan 31, 2021;Rp 480,820,412.63;Rp 481,065,290.60;Rp 452,750,569.63;Rp 464,759,249.34;Rp 740,146,233,690,786;Rp 8,648,832,005,934,386
Jan 30, 2021;Rp 481,243,990.15;Rp 488,804,110.37;Rp 462,219,996.82;Rp 480,801,387.24;Rp 914,076,655,920,926;Rp 8,951,421,405,175,625
Jan 29, 2021;Rp 482,126,242.93;Rp 537,428,411.22;Rp 450,763,951.34;Rp 481,530,983.17;Rp 1,656,243,219,881,967;Rp 8,973,748,820,542,774
Jan 28, 2021;Rp 427,723,246.53;Rp 475,490,928.54;Rp 422,356,783.18;Rp 472,373,950.12;Rp 1,075,132,950,643,473;Rp 8,752,431,032,810,256
Jan 27, 2021;Rp 457,929,008.11;Rp 457,929,008.11;Rp 414,222,574.60;Rp 427,573,901.79;Rp 879,980,590,491,845;Rp 7,965,198,485,675,269
Jan 26, 2021;Rp 453,811,395.60;Rp 461,251,311.40;Rp 435,652,748.59;Rp 458,025,022.84;Rp 845,048,481,003,977;Rp 8,501,183,797,591,890
Jan 25, 2021;Rp 452,958,039.00;Rp 488,240,692.45;Rp 452,561,348.29;Rp 453,724,257.70;Rp 840,333,936,718,792;Rp 8,450,753,208,615,677
Jan 24, 2021;Rp 449,578,147.43;Rp 461,911,573.25;Rp 436,150,262.95;Rp 452,992,945.43;Rp 682,040,499,700,863;Rp 8,425,124,710,370,333
Jan 23, 2021;Rp 465,033,200.96;Rp 470,323,070.46;Rp 441,569,055.98;Rp 449,623,948.32;Rp 681,705,095,964,868;Rp 8,412,743,774,387,184
Jan 22, 2021;Rp 430,235,132.71;Rp 476,662,577.34;Rp 404,376,745.97;Rp 465,315,254.69;Rp 1,077,866,348,489,337;Rp 8,574,101,080,840,227
Jan 21, 2021;Rp 498,469,864.43;Rp 498,515,885.53;Rp 422,496,536.32;Rp 430,496,505.33;Rp 1,060,659,039,078,172;Rp 8,042,476,668,688,539
Jan 20, 2021;Rp 509,254,706.98;Rp 512,006,759.12;Rp 471,393,292.25;Rp 498,318,014.51;Rp 944,125,230,797,962;Rp 9,343,136,262,659,274
Jan 19, 2021;Rp 514,913,518.03;Rp 530,934,269.94;Rp 509,532,304.87;Rp 509,532,304.87;Rp 804,421,780,376,617;Rp 9,430,341,882,977,608
Jan 18, 2021;Rp 504,142,283.31;Rp 525,033,629.92;Rp 491,170,310.22;Rp 517,035,349.79;Rp 697,384,266,457,861;Rp 9,598,669,689,487,416
Jan 17, 2021;Rp 511,878,951.68;Rp 516,461,888.16;Rp 482,160,289.38;Rp 504,160,057.01;Rp 741,128,395,963,262;Rp 9,424,524,338,331,820
Jan 16, 2021;Rp 521,192,616.13;Rp 535,951,815.13;Rp 504,375,710.47;Rp 512,084,045.93;Rp 816,803,159,581,196;Rp 9,525,998,400,977,662
Jan 15, 2021;Rp 550,920,580.96;Rp 556,727,018.15;Rp 488,369,216.29;Rp 521,245,230.15;Rp 953,369,114,080,172;Rp 9,637,782,317,907,060
Jan 14, 2021;Rp 527,056,290.19;Rp 562,851,438.43;Rp 520,270,730.25;Rp 550,288,055.11;Rp 898,301,701,681,453;Rp 10,292,632,919,292,268
Jan 13, 2021;Rp 480,339,838.63;Rp 530,929,934.81;Rp 460,494,555.64;Rp 529,164,634.46;Rp 982,406,807,217,529;Rp 9,830,107,492,640,048
Jan 12, 2021;Rp 501,845,277.26;Rp 518,364,355.17;Rp 461,788,498.39;Rp 477,321,749.95;Rp 1,056,544,510,147,440;Rp 8,914,889,484,961,943
Jan 11, 2021;Rp 540,040,849.58;Rp 540,040,849.58;Rp 434,285,458.70;Rp 502,393,295.74;Rp 1,736,745,015,841,754;Rp 9,315,418,590,732,944
Jan 10, 2021;Rp 569,007,457.58;Rp 585,488,897.35;Rp 505,567,170.28;Rp 540,558,324.47;Rp 1,130,555,861,934,791;Rp 10,082,810,429,291,532
Jan 09, 2021;Rp 576,626,971.62;Rp 585,783,608.21;Rp 551,070,707.76;Rp 569,012,103.88;Rp 876,267,010,795,890;Rp 10,582,404,531,321,366
Jan 08, 2021;Rp 557,015,696.05;Rp 588,460,159.79;Rp 516,109,290.29;Rp 576,753,782.85;Rp 1,246,192,755,448,660;Rp 10,730,005,312,679,496
Jan 07, 2021;Rp 510,171,389.12;Rp 566,876,684.57;Rp 510,171,389.12;Rp 547,428,667.37;Rp 1,174,006,807,309,152;Rp 10,139,509,934,203,594
Jan 06, 2021;Rp 472,836,191.87;Rp 510,803,250.36;Rp 466,481,835.68;Rp 510,036,843.12;Rp 1,046,627,053,898,325;Rp 9,517,875,393,131,488
Jan 05, 2021;Rp 448,131,146.91;Rp 478,971,690.79;Rp 421,390,628.37;Rp 472,627,628.31;Rp 946,618,544,224,566;Rp 8,856,664,496,537,626
Jan 04, 2021;Rp 462,105,143.81;Rp 470,741,704.16;Rp 402,971,759.23;Rp 445,646,911.03;Rp 1,143,095,891,444,511;Rp 8,371,227,753,411,580
Jan 03, 2021;Rp 456,677,516.38;Rp 491,915,383.37;Rp 455,581,778.85;Rp 461,510,611.83;Rp 1,118,123,463,654,361;Rp 8,661,955,162,766,766
Jan 02, 2021;Rp 417,547,909.99;Rp 471,256,663.72;Rp 413,493,103.93;Rp 456,647,107.38;Rp 964,618,222,191,012;Rp 8,488,501,657,114,359
Jan 01, 2021;Rp 404,648,709.69;Rp 417,515,162.42;Rp 401,991,099.05;Rp 417,515,162.42;Rp 568,443,775,319,444;Rp 7,620,154,959,497,609
Dec 31, 2020;Rp 404,468,480.02;Rp 410,071,838.93;Rp 396,277,275.09;Rp 403,674,938.23;Rp 655,682,305,144,226;Rp 7,559,545,686,169,299
Dec 30, 2020;Rp 386,092,882.72;Rp 405,720,701.11;Rp 386,092,882.72;Rp 404,330,829.06;Rp 723,744,578,748,116;Rp 7,564,260,206,880,346
Dec 29, 2020;Rp 382,458,876.85;Rp 386,239,343.61;Rp 366,470,389.11;Rp 386,122,451.40;Rp 639,261,679,182,400;Rp 7,181,551,017,536,695
Dec 28, 2020;Rp 373,128,192.35;Rp 387,029,438.30;Rp 372,358,033.04;Rp 383,480,252.44;Rp 696,494,736,946,432;Rp 7,146,279,461,580,115
Dec 27, 2020;Rp 372,901,793.34;Rp 398,986,733.18;Rp 365,469,240.25;Rp 372,794,559.51;Rp 937,634,641,402,010;Rp 6,885,776,047,939,880
Dec 26, 2020;Rp 348,045,448.78;Rp 376,832,553.55;Rp 345,868,821.69;Rp 372,868,849.43;Rp 681,685,252,396,675;Rp 6,928,618,384,884,480
Dec 25, 2020;Rp 336,771,685.90;Rp 348,512,087.76;Rp 333,783,671.56;Rp 347,873,015.95;Rp 596,936,948,916,774;Rp 6,503,089,701,446,835
Dec 24, 2020;Rp 329,471,230.68;Rp 337,262,669.96;Rp 323,555,762.66;Rp 336,803,086.35;Rp 582,392,851,616,810;Rp 6,252,203,348,108,309
Dec 23, 2020;Rp 336,308,765.86;Rp 341,875,819.03;Rp 323,467,302.01;Rp 332,258,266.20;Rp 723,274,792,453,953;Rp 6,106,350,761,797,543
Dec 22, 2020;Rp 322,016,867.99;Rp 336,516,060.84;Rp 320,310,156.52;Rp 336,418,821.05;Rp 624,023,256,038,146;Rp 6,242,133,738,341,339
Dec 21, 2020;Rp 332,103,346.06;Rp 341,409,048.77;Rp 313,387,333.83;Rp 322,117,240.09;Rp 648,698,317,990,500;Rp 5,993,208,658,001,537
Dec 20, 2020;Rp 336,390,727.98;Rp 342,208,682.39;Rp 326,324,357.12;Rp 332,184,371.00;Rp 533,508,194,177,810;Rp 6,148,323,846,724,539
Dec 19, 2020;Rp 326,115,067.21;Rp 339,549,826.76;Rp 321,795,699.20;Rp 336,504,441.43;Rp 542,577,358,034,580;Rp 6,250,811,609,834,410
Dec 18, 2020;Rp 321,771,294.52;Rp 328,885,457.23;Rp 316,654,953.68;Rp 326,186,900.12;Rp 569,815,481,973,247;Rp 6,063,596,843,869,674
Dec 17, 2020;Rp 300,151,898.99;Rp 333,738,607.94;Rp 299,123,966.28;Rp 322,350,957.68;Rp 1,005,447,293,612,929;Rp 5,966,553,629,103,195
Dec 16, 2020;Rp 274,259,787.55;Rp 302,345,260.49;Rp 272,600,657.90;Rp 300,188,650.52;Rp 627,206,341,926,372;Rp 5,590,040,768,892,708
Dec 15, 2020;Rp 271,083,379.26;Rp 276,184,161.12;Rp 269,007,892.62;Rp 274,195,446.76;Rp 376,647,640,315,549;Rp 5,079,081,267,046,175
Dec 14, 2020;Rp 269,072,886.47;Rp 271,961,027.21;Rp 267,466,291.29;Rp 271,063,874.71;Rp 315,868,568,424,102;Rp 5,023,659,318,863,654
Dec 13, 2020;Rp 266,237,049.31;Rp 274,373,742.08;Rp 265,211,646.81;Rp 268,996,607.74;Rp 360,288,286,717,665;Rp 5,032,323,149,852,916
Dec 12, 2020;Rp 255,542,608.86;Rp 267,833,680.97;Rp 255,467,873.19;Rp 266,193,028.29;Rp 307,939,322,481,173;Rp 4,943,016,336,963,601
Dec 11, 2020;Rp 257,512,294.01;Rp 257,576,074.38;Rp 248,033,070.56;Rp 255,649,962.28;Rp 393,653,013,976,791;Rp 4,727,931,749,888,108
Dec 10, 2020;Rp 261,498,753.82;Rp 261,498,753.82;Rp 253,674,073.13;Rp 257,562,323.20;Rp 360,073,051,644,340;Rp 4,779,952,265,994,489
Dec 09, 2020;Rp 258,350,489.32;Rp 262,665,827.65;Rp 252,389,028.91;Rp 261,599,686.74;Rp 485,376,133,854,439;Rp 4,857,748,554,306,014
Dec 08, 2020;Rp 270,620,611.00;Rp 272,938,352.43;Rp 257,636,496.77;Rp 258,335,890.36;Rp 446,894,374,091,385;Rp 4,796,452,861,664,348
Dec 07, 2020;Rp 272,570,867.06;Rp 273,543,443.71;Rp 266,749,210.37;Rp 270,686,191.07;Rp 379,006,086,704,655;Rp 5,020,653,875,653,196
Dec 06, 2020;Rp 270,980,896.80;Rp 273,124,237.16;Rp 267,355,121.69;Rp 272,609,239.21;Rp 357,839,897,824,386;Rp 5,080,646,431,030,375
Dec 05, 2020;Rp 264,532,600.96;Rp 271,069,581.90;Rp 263,001,976.48;Rp 270,981,611.78;Rp 385,408,546,630,589;Rp 5,030,287,481,661,936
Dec 04, 2020;Rp 274,390,356.52;Rp 275,118,859.85;Rp 264,515,732.16;Rp 264,552,129.04;Rp 477,928,353,121,609;Rp 4,897,628,006,496,353
Dec 03, 2020;Rp 270,716,089.56;Rp 277,277,396.73;Rp 268,306,114.49;Rp 276,124,658.42;Rp 450,072,073,304,813;Rp 5,087,524,901,408,316
Dec 02, 2020;Rp 265,524,672.34;Rp 274,216,912.08;Rp 256,928,770.19;Rp 272,780,301.53;Rp 528,001,883,608,172;Rp 5,032,934,833,660,831
Dec 01, 2020;Rp 276,941,772.34;Rp 281,440,739.82;Rp 258,925,055.64;Rp 265,502,284.61;Rp 700,101,564,724,907;Rp 4,922,447,149,255,517
Nov 30, 2020;Rp 255,764,162.92;Rp 278,641,361.95;Rp 255,764,162.92;Rp 276,829,376.77;Rp 671,527,039,593,857;Rp 5,124,615,531,172,824
Nov 29, 2020;Rp 249,395,528.97;Rp 257,367,992.74;Rp 247,136,327.76;Rp 255,678,404.63;Rp 438,195,821,741,091;Rp 4,747,853,986,081,364
Nov 28, 2020;Rp 240,856,506.32;Rp 251,285,802.77;Rp 238,009,488.91;Rp 249,364,289.11;Rp 458,844,325,851,091;Rp 4,627,463,835,592,284
Nov 27, 2020;Rp 241,668,405.91;Rp 245,750,436.58;Rp 232,373,967.47;Rp 240,792,713.38;Rp 547,842,180,608,180;Rp 4,472,514,787,197,585
Nov 26, 2020;Rp 264,759,754.10;Rp 266,511,176.22;Rp 230,323,476.62;Rp 242,166,804.91;Rp 867,888,386,805,696;Rp 4,498,437,465,515,649
Nov 25, 2020;Rp 269,998,513.58;Rp 274,448,091.91;Rp 262,668,256.62;Rp 264,799,871.78;Rp 617,749,083,007,565;Rp 4,911,973,844,855,225
Nov 24, 2020;Rp 260,463,400.18;Rp 274,767,698.18;Rp 257,327,210.08;Rp 270,014,506.60;Rp 729,971,532,149,905;Rp 5,027,788,587,935,697
Nov 23, 2020;Rp 260,052,119.96;Rp 264,802,487.59;Rp 254,648,291.42;Rp 260,464,453.16;Rp 605,057,505,388,506;Rp 4,823,036,027,380,497
Nov 22, 2020;Rp 264,395,249.76;Rp 265,058,089.56;Rp 250,626,102.92;Rp 260,028,956.37;Rp 585,463,700,721,218;Rp 4,833,289,320,612,323
Nov 21, 2020;Rp 264,098,590.79;Rp 268,570,431.37;Rp 261,588,881.90;Rp 264,395,246.55;Rp 562,342,899,980,698;Rp 4,904,614,314,815,344
Nov 20, 2020;Rp 252,432,577.75;Rp 266,204,608.03;Rp 251,582,997.28;Rp 264,098,569.39;Rp 524,115,321,202,042;Rp 4,893,798,175,912,759
Nov 19, 2020;Rp 251,239,195.05;Rp 257,647,286.74;Rp 247,611,005.08;Rp 252,507,125.87;Rp 521,914,608,663,781;Rp 4,663,500,321,162,999
Nov 18, 2020;Rp 247,687,020.87;Rp 259,222,246.52;Rp 244,765,784.51;Rp 251,241,225.49;Rp 688,726,722,919,411;Rp 4,635,298,001,540,294
Nov 17, 2020;Rp 234,941,223.81;Rp 250,671,604.74;Rp 232,773,268.49;Rp 247,707,172.86;Rp 549,232,088,690,800;Rp 4,607,911,214,898,786
Nov 16, 2020;Rp 225,520,930.34;Rp 236,848,277.31;Rp 224,465,358.04;Rp 235,403,560.16;Rp 445,608,814,914,334;Rp 4,380,070,435,741,537
Nov 15, 2020;Rp 227,553,013.69;Rp 228,331,491.73;Rp 223,265,748.19;Rp 225,428,564.99;Rp 334,980,206,532,754;Rp 4,188,912,435,493,915
Nov 14, 2020;Rp 231,088,754.92;Rp 231,088,754.92;Rp 223,036,164.99;Rp 227,552,995.46;Rp 389,189,163,456,968;Rp 4,218,461,169,308,496
Nov 13, 2020;Rp 230,153,360.91;Rp 233,283,230.01;Rp 226,386,964.99;Rp 231,088,752.76;Rp 446,825,541,280,737;Rp 4,277,511,735,556,647
Nov 12, 2020;Rp 220,952,849.16;Rp 230,622,481.53;Rp 218,674,407.52;Rp 230,214,294.48;Rp 480,930,345,054,638;Rp 4,246,121,117,919,081
Nov 11, 2020;Rp 214,914,686.37;Rp 224,042,220.93;Rp 214,842,118.13;Rp 220,967,128.68;Rp 418,452,605,348,630;Rp 4,091,108,581,277,549
Nov 10, 2020;Rp 218,893,182.27;Rp 218,893,182.27;Rp 212,201,953.37;Rp 214,895,867.36;Rp 365,122,075,886,817;Rp 4,046,952,650,504,542
Nov 09, 2020;Rp 219,724,508.05;Rp 224,061,499.78;Rp 209,600,246.42;Rp 215,603,021.92;Rp 484,728,267,605,516;Rp 4,034,578,182,927,025
Nov 08, 2020;Rp 210,859,396.41;Rp 222,281,959.73;Rp 209,585,118.89;Rp 219,707,715.81;Rp 378,570,605,522,111;Rp 4,079,021,151,378,872
Nov 07, 2020;Rp 221,266,455.26;Rp 223,700,248.41;Rp 205,023,478.38;Rp 210,859,396.74;Rp 497,874,007,877,975;Rp 3,908,658,465,577,901
Nov 06, 2020;Rp 224,168,933.10;Rp 229,321,555.59;Rp 216,361,303.61;Rp 221,266,455.23;Rp 573,206,786,526,065;Rp 4,151,469,582,814,691
Nov 05, 2020;Rp 205,372,754.77;Rp 226,024,120.97;Rp 202,764,067.64;Rp 222,184,218.88;Rp 593,670,105,345,246;Rp 4,196,046,206,237,208
Nov 04, 2020;Rp 202,258,358.81;Rp 206,908,989.19;Rp 198,403,906.73;Rp 203,076,637.81;Rp 509,127,594,138,557;Rp 3,797,890,768,991,642
Nov 03, 2020;Rp 198,033,925.22;Rp 203,478,387.25;Rp 194,691,361.32;Rp 202,254,484.25;Rp 436,536,305,419,865;Rp 3,778,470,324,685,018
Nov 02, 2020;Rp 200,988,022.48;Rp 202,111,665.65;Rp 193,843,846.51;Rp 198,010,245.75;Rp 450,220,534,417,796;Rp 3,674,162,234,277,537
Nov 01, 2020;Rp 201,070,936.33;Rp 202,253,329.36;Rp 198,844,191.43;Rp 201,051,311.67;Rp 356,792,827,679,224;Rp 3,714,287,722,970,061
