Tanggal;Buka*;Tutup**
Apr 23, 2026;Rp 1,346,690,247.33;Rp 1,356,890,155.55
Apr 22, 2026;Rp 1,308,718,886.18;Rp 1,346,676,930.41
Apr 21, 2026;Rp 1,299,792,643.38;Rp 1,308,694,232.01
Apr 20, 2026;Rp 1,265,840,823.59;Rp 1,299,787,396.62
Apr 19, 2026;Rp 1,297,904,127.80;Rp 1,265,876,960.69
Apr 18, 2026;Rp 1,322,082,662.43;Rp 1,297,947,197.43
Apr 17, 2026;Rp 1,287,541,261.09;Rp 1,321,925,514.05
Apr 16, 2026;Rp 1,283,238,412.47;Rp 1,287,337,188.29
Apr 15, 2026;Rp 1,271,164,660.68;Rp 1,283,138,939.46
Apr 14, 2026;Rp 1,275,896,947.67;Rp 1,271,157,551.88
Apr 13, 2026;Rp 1,209,234,914.42;Rp 1,276,003,777.87
Apr 12, 2026;Rp 1,248,476,748.23;Rp 1,209,162,951.08
Apr 11, 2026;Rp 1,247,110,868.19;Rp 1,248,446,331.01
Apr 10, 2026;Rp 1,224,976,716.13;Rp 1,247,160,884.77
Apr 09, 2026;Rp 1,210,127,183.71;Rp 1,225,251,188.42
Apr 08, 2026;Rp 1,226,584,570.73;Rp 1,210,174,612.93
Apr 07, 2026;Rp 1,172,558,123.60;Rp 1,226,423,493.44
Apr 06, 2026;Rp 1,172,323,236.21;Rp 1,172,565,781.80
Apr 05, 2026;Rp 1,143,586,949.55;Rp 1,172,306,026.37
Apr 04, 2026;Rp 1,137,595,542.39;Rp 1,143,575,439.73
Apr 03, 2026;Rp 1,135,243,662.47;Rp 1,137,467,259.27
Apr 02, 2026;Rp 1,153,035,399.70;Rp 1,135,236,190.21
Apr 01, 2026;Rp 1,156,484,534.48;Rp 1,153,046,454.91
Mar 31, 2026;Rp 1,133,434,487.56;Rp 1,156,491,736.15
Mar 30, 2026;Rp 1,118,982,423.40;Rp 1,133,381,050.82
Mar 29, 2026;Rp 1,126,824,619.43;Rp 1,118,924,228.95
Mar 28, 2026;Rp 1,127,144,194.61;Rp 1,126,824,715.43
Mar 27, 2026;Rp 1,164,762,975.35;Rp 1,127,141,997.91
Mar 26, 2026;Rp 1,205,925,374.40;Rp 1,164,776,312.74
Mar 25, 2026;Rp 1,191,015,014.95;Rp 1,205,921,384.56
Mar 24, 2026;Rp 1,196,225,871.15;Rp 1,190,978,054.57
Mar 23, 2026;Rp 1,150,948,885.66;Rp 1,196,262,823.85
Mar 22, 2026;Rp 1,166,331,845.68;Rp 1,150,986,504.49
Mar 21, 2026;Rp 1,196,619,935.22;Rp 1,165,892,004.93
Mar 20, 2026;Rp 1,180,945,533.14;Rp 1,196,621,879.63
Mar 19, 2026;Rp 1,214,526,361.47;Rp 1,180,966,811.18
Mar 18, 2026;Rp 1,254,862,424.23;Rp 1,214,445,007.31
Mar 17, 2026;Rp 1,269,703,008.72;Rp 1,254,618,423.68
Mar 16, 2026;Rp 1,233,347,975.44;Rp 1,269,801,187.44
Mar 15, 2026;Rp 1,207,787,563.41;Rp 1,233,208,159.61
Mar 14, 2026;Rp 1,203,576,375.99;Rp 1,207,803,655.23
Mar 13, 2026;Rp 1,192,425,829.26;Rp 1,203,625,368.22
Mar 12, 2026;Rp 1,185,920,165.29;Rp 1,192,365,129.86
Mar 11, 2026;Rp 1,178,941,101.20;Rp 1,185,812,035.51
Mar 10, 2026;Rp 1,155,421,064.62;Rp 1,178,868,014.75
Mar 09, 2026;Rp 1,116,652,451.13;Rp 1,155,532,521.19
Mar 08, 2026;Rp 1,139,589,484.23;Rp 1,116,655,790.95
Mar 07, 2026;Rp 1,154,228,650.26;Rp 1,139,591,070.94
Mar 06, 2026;Rp 1,198,635,105.89;Rp 1,154,225,365.60
Mar 05, 2026;Rp 1,226,805,917.88;Rp 1,198,617,718.63
Mar 04, 2026;Rp 1,154,458,806.48;Rp 1,226,770,877.03
Mar 03, 2026;Rp 1,160,422,157.10;Rp 1,154,510,968.36
Mar 02, 2026;Rp 1,104,595,502.11;Rp 1,160,266,493.99
Mar 01, 2026;Rp 1,123,540,603.49;Rp 1,104,663,002.31
Feb 28, 2026;Rp 1,106,927,388.35;Rp 1,125,694,610.19
Feb 27, 2026;Rp 1,130,294,649.28;Rp 1,106,975,568.58
Feb 26, 2026;Rp 1,139,453,607.27;Rp 1,130,248,625.41
Feb 25, 2026;Rp 1,078,124,494.47;Rp 1,139,925,830.51
Feb 24, 2026;Rp 1,087,813,883.90;Rp 1,078,162,723.43
Feb 23, 2026;Rp 1,142,053,313.15;Rp 1,087,825,988.13
Feb 22, 2026;Rp 1,146,657,380.11;Rp 1,141,900,792.06
Feb 21, 2026;Rp 1,146,681,356.52;Rp 1,146,740,680.48
Feb 20, 2026;Rp 1,131,301,960.23;Rp 1,146,768,607.79
Feb 19, 2026;Rp 1,124,064,397.70;Rp 1,131,284,192.35
Feb 18, 2026;Rp 1,137,244,037.39;Rp 1,124,059,290.33
Feb 17, 2026;Rp 1,159,217,813.13;Rp 1,137,348,395.84
Feb 16, 2026;Rp 1,157,774,815.51;Rp 1,159,448,836.57
Feb 15, 2026;Rp 1,174,339,520.43;Rp 1,157,872,283.50
Feb 14, 2026;Rp 1,159,055,866.33;Rp 1,174,384,451.65
Feb 13, 2026;Rp 1,113,417,689.66;Rp 1,159,070,291.51
Feb 12, 2026;Rp 1,125,498,969.25;Rp 1,113,560,054.15
Feb 11, 2026;Rp 1,154,671,407.49;Rp 1,125,495,257.60
Feb 10, 2026;Rp 1,178,500,641.12;Rp 1,154,706,616.93
Feb 09, 2026;Rp 1,183,487,949.75;Rp 1,178,221,592.81
Feb 08, 2026;Rp 1,167,811,894.78;Rp 1,183,848,404.67
Feb 07, 2026;Rp 1,189,219,496.95;Rp 1,167,782,284.79
Feb 06, 2026;Rp 1,058,886,937.76;Rp 1,189,041,418.69
Feb 05, 2026;Rp 1,227,227,728.95;Rp 1,058,847,188.97
Feb 04, 2026;Rp 1,268,181,809.69;Rp 1,227,283,646.67
Feb 03, 2026;Rp 1,319,391,116.64;Rp 1,268,072,097.93
Feb 02, 2026;Rp 1,291,352,189.17;Rp 1,319,311,560.72
Feb 01, 2026;Rp 1,318,835,340.09;Rp 1,291,445,639.91
Jan 31, 2026;Rp 1,411,630,550.56;Rp 1,318,751,256.23
Jan 30, 2026;Rp 1,419,634,850.96;Rp 1,411,132,057.84
Jan 29, 2026;Rp 1,492,819,500.71;Rp 1,419,615,658.53
Jan 28, 2026;Rp 1,486,335,642.16;Rp 1,493,065,973.25
Jan 27, 2026;Rp 1,477,518,367.99;Rp 1,486,311,034.88
Jan 26, 2026;Rp 1,455,165,735.11;Rp 1,477,680,136.38
Jan 25, 2026;Rp 1,494,950,723.06;Rp 1,455,261,423.72
Jan 24, 2026;Rp 1,501,684,986.86;Rp 1,495,050,945.56
Jan 23, 2026;Rp 1,505,377,904.81;Rp 1,501,646,846.60
Jan 22, 2026;Rp 1,510,832,236.48;Rp 1,505,384,634.50
Jan 21, 2026;Rp 1,499,006,850.54;Rp 1,510,805,759.45
Jan 20, 2026;Rp 1,568,595,056.45;Rp 1,498,742,012.27
Jan 19, 2026;Rp 1,582,780,475.37;Rp 1,568,454,906.20
Jan 18, 2026;Rp 1,608,075,344.92;Rp 1,582,421,504.54
Jan 17, 2026;Rp 1,615,244,429.60;Rp 1,608,054,100.31
Jan 16, 2026;Rp 1,613,604,320.78;Rp 1,615,243,787.02
Jan 15, 2026;Rp 1,634,009,551.35;Rp 1,613,936,037.48
Jan 14, 2026;Rp 1,606,796,310.40;Rp 1,633,976,502.34
Jan 13, 2026;Rp 1,538,738,913.95;Rp 1,606,777,277.85
Jan 12, 2026;Rp 1,528,470,636.27;Rp 1,538,868,018.79
Jan 11, 2026;Rp 1,522,328,941.03;Rp 1,528,497,625.13
Jan 10, 2026;Rp 1,524,429,979.66;Rp 1,522,350,729.61
Jan 09, 2026;Rp 1,530,411,116.44;Rp 1,524,480,432.63
Jan 08, 2026;Rp 1,530,349,596.70;Rp 1,530,425,427.67
Jan 07, 2026;Rp 1,569,842,255.18;Rp 1,530,322,997.14
Jan 06, 2026;Rp 1,571,814,604.65;Rp 1,569,868,406.14
Jan 05, 2026;Rp 1,526,623,317.40;Rp 1,571,908,444.43
Jan 04, 2026;Rp 1,513,296,568.13;Rp 1,526,879,565.68
Jan 03, 2026;Rp 1,502,307,311.65;Rp 1,513,299,766.75
Jan 02, 2026;Rp 1,479,623,868.88;Rp 1,502,301,249.31
Jan 01, 2026;Rp 1,460,808,310.43;Rp 1,479,605,877.56
Dec 31, 2025;Rp 1,479,082,107.73;Rp 1,460,821,288.18
Dec 30, 2025;Rp 1,461,853,027.51;Rp 1,479,091,299.76
Dec 29, 2025;Rp 1,473,215,974.60;Rp 1,461,916,629.16
Dec 28, 2025;Rp 1,472,596,957.27;Rp 1,473,216,682.04
Dec 27, 2025;Rp 1,464,245,827.94;Rp 1,472,644,087.99
Dec 26, 2025;Rp 1,462,075,899.63;Rp 1,464,245,812.08
Dec 25, 2025;Rp 1,465,639,356.58;Rp 1,462,062,937.88
Dec 24, 2025;Rp 1,463,318,785.19;Rp 1,465,700,333.52
Dec 23, 2025;Rp 1,483,791,945.73;Rp 1,463,480,827.10
Dec 22, 2025;Rp 1,480,637,241.47;Rp 1,483,791,793.06
Dec 21, 2025;Rp 1,475,091,466.82;Rp 1,480,643,073.40
Dec 20, 2025;Rp 1,471,033,597.30;Rp 1,477,334,865.59
Dec 19, 2025;Rp 1,427,203,593.89;Rp 1,471,062,146.40
Dec 18, 2025;Rp 1,436,577,888.89;Rp 1,426,976,015.33
Dec 17, 2025;Rp 1,462,408,038.76;Rp 1,436,567,760.33
Dec 16, 2025;Rp 1,439,165,153.46;Rp 1,462,347,624.53
Dec 15, 2025;Rp 1,467,357,707.97;Rp 1,439,088,111.24
Dec 14, 2025;Rp 1,501,968,316.87;Rp 1,467,425,891.47
Dec 13, 2025;Rp 1,501,325,690.23;Rp 1,502,006,169.43
Dec 12, 2025;Rp 1,540,866,014.53;Rp 1,501,535,478.96
Dec 11, 2025;Rp 1,531,613,839.36;Rp 1,540,895,212.74
Dec 10, 2025;Rp 1,545,136,849.77;Rp 1,531,774,323.68
Dec 09, 2025;Rp 1,512,799,030.08;Rp 1,545,078,071.71
Dec 08, 2025;Rp 1,507,511,818.12;Rp 1,513,079,611.78
Dec 07, 2025;Rp 1,490,006,487.32;Rp 1,507,195,939.38
Dec 06, 2025;Rp 1,491,868,215.23;Rp 1,489,915,746.99
Dec 05, 2025;Rp 1,535,029,526.37;Rp 1,491,841,396.68
Dec 04, 2025;Rp 1,551,779,471.32;Rp 1,535,162,354.65
Dec 03, 2025;Rp 1,517,831,214.00;Rp 1,552,685,300.11
Dec 02, 2025;Rp 1,434,267,900.76;Rp 1,517,916,120.86
Dec 01, 2025;Rp 1,504,752,113.96;Rp 1,434,251,815.12
Nov 30, 2025;Rp 1,512,260,879.03;Rp 1,504,838,666.77
Nov 29, 2025;Rp 1,513,601,544.37;Rp 1,512,486,374.04
Nov 28, 2025;Rp 1,518,650,958.32;Rp 1,513,610,359.77
Nov 27, 2025;Rp 1,505,681,566.50;Rp 1,518,650,840.05
Nov 26, 2025;Rp 1,453,452,396.05;Rp 1,505,691,611.36
Nov 25, 2025;Rp 1,469,845,111.92;Rp 1,453,390,947.55
Nov 24, 2025;Rp 1,448,648,317.78;Rp 1,470,110,423.36
Nov 23, 2025;Rp 1,411,227,743.34;Rp 1,448,752,407.73
Nov 22, 2025;Rp 1,418,729,251.49;Rp 1,411,223,543.93
Nov 21, 2025;Rp 1,448,310,172.99;Rp 1,418,597,882.51
Nov 20, 2025;Rp 1,528,732,307.10;Rp 1,450,036,282.72
Nov 19, 2025;Rp 1,555,393,673.47;Rp 1,528,039,960.19
Nov 18, 2025;Rp 1,542,205,841.13;Rp 1,555,438,962.74
Nov 17, 2025;Rp 1,572,838,010.46;Rp 1,542,194,808.24
Nov 16, 2025;Rp 1,596,946,340.88;Rp 1,574,129,802.42
Nov 15, 2025;Rp 1,577,954,911.90;Rp 1,597,755,108.71
Nov 14, 2025;Rp 1,667,523,893.26;Rp 1,577,575,830.26
Nov 13, 2025;Rp 1,701,567,922.10;Rp 1,667,570,466.23
Nov 12, 2025;Rp 1,720,486,677.91;Rp 1,701,384,474.20
Nov 11, 2025;Rp 1,769,750,906.30;Rp 1,720,253,461.73
Nov 10, 2025;Rp 1,748,127,758.14;Rp 1,769,746,558.60
Nov 09, 2025;Rp 1,706,575,935.27;Rp 1,748,058,786.73
Nov 08, 2025;Rp 1,724,808,522.73;Rp 1,706,628,213.91
Nov 07, 2025;Rp 1,691,591,681.46;Rp 1,724,820,292.23
Nov 06, 2025;Rp 1,732,551,425.77;Rp 1,691,842,982.46
Nov 05, 2025;Rp 1,697,795,362.37;Rp 1,732,520,895.11
Nov 04, 2025;Rp 1,776,397,091.47;Rp 1,697,983,989.88
Nov 03, 2025;Rp 1,841,052,795.82;Rp 1,776,498,758.63
Nov 02, 2025;Rp 1,831,202,484.65;Rp 1,840,931,680.23
Nov 01, 2025;Rp 1,822,787,142.99;Rp 1,831,195,592.74
Oct 31, 2025;Rp 1,801,686,511.67;Rp 1,822,746,104.32
Oct 30, 2025;Rp 1,823,234,803.51;Rp 1,801,705,378.95
Oct 29, 2025;Rp 1,874,840,298.63;Rp 1,823,486,416.16
Oct 28, 2025;Rp 1,875,403,431.23;Rp 1,873,349,855.27
Oct 27, 2025;Rp 1,902,012,102.38;Rp 1,875,242,980.67
Oct 26, 2025;Rp 1,854,051,148.95;Rp 1,901,889,063.16
Oct 25, 2025;Rp 1,843,979,703.33;Rp 1,854,095,613.18
Oct 24, 2025;Rp 1,827,184,306.85;Rp 1,844,001,429.25
Oct 23, 2025;Rp 1,787,812,490.61;Rp 1,827,190,421.45
Oct 22, 2025;Rp 1,801,599,459.60;Rp 1,787,964,397.38
Oct 21, 2025;Rp 1,830,164,452.12;Rp 1,801,356,337.41
Oct 20, 2025;Rp 1,801,006,977.63;Rp 1,830,185,970.09
Oct 19, 2025;Rp 1,776,659,576.53;Rp 1,800,994,841.09
Oct 18, 2025;Rp 1,764,717,674.82;Rp 1,776,559,357.25
Oct 17, 2025;Rp 1,792,414,674.08;Rp 1,764,453,340.97
Oct 16, 2025;Rp 1,837,010,790.37;Rp 1,792,529,062.19
Oct 15, 2025;Rp 1,876,334,096.10;Rp 1,837,027,288.41
Oct 14, 2025;Rp 1,908,205,679.70;Rp 1,876,411,977.83
Oct 13, 2025;Rp 1,912,259,627.09;Rp 1,908,308,256.25
Oct 12, 2025;Rp 1,839,980,867.01;Rp 1,912,359,553.27
Oct 11, 2025;Rp 1,880,245,621.67;Rp 1,839,920,512.98
Oct 10, 2025;Rp 2,018,229,707.28;Rp 1,879,879,261.60
Oct 09, 2025;Rp 2,042,841,093.56;Rp 2,018,243,670.82
Oct 08, 2025;Rp 2,013,628,021.73;Rp 2,043,135,958.95
Oct 07, 2025;Rp 2,071,353,339.85;Rp 2,015,291,313.42
Oct 06, 2025;Rp 2,046,005,792.67;Rp 2,071,359,792.54
Oct 05, 2025;Rp 2,027,739,637.14;Rp 2,046,055,882.36
Oct 04, 2025;Rp 2,025,397,317.16;Rp 2,028,013,954.69
Oct 03, 2025;Rp 2,004,522,705.13;Rp 2,024,920,070.41
Oct 02, 2025;Rp 1,975,686,810.09;Rp 2,004,926,040.29
Oct 01, 2025;Rp 1,903,533,605.78;Rp 1,975,629,242.28
Sep 30, 2025;Rp 1,902,973,885.57;Rp 1,903,596,035.94
Sep 29, 2025;Rp 1,875,698,748.86;Rp 1,903,038,199.19
Sep 28, 2025;Rp 1,829,270,033.00;Rp 1,875,778,388.21
Sep 27, 2025;Rp 1,829,690,212.58;Rp 1,829,269,952.67
Sep 26, 2025;Rp 1,827,955,710.97;Rp 1,829,785,118.45
Sep 25, 2025;Rp 1,892,851,760.77;Rp 1,828,374,886.45
Sep 24, 2025;Rp 1,864,104,391.10;Rp 1,892,745,809.26
Sep 23, 2025;Rp 1,870,449,353.05;Rp 1,864,218,113.00
Sep 22, 2025;Rp 1,919,477,198.90;Rp 1,870,300,557.57
Sep 21, 2025;Rp 1,926,184,946.42;Rp 1,919,102,322.81
Sep 20, 2025;Rp 1,925,534,219.78;Rp 1,926,047,342.04
Sep 19, 2025;Rp 1,941,732,642.17;Rp 1,925,496,510.65
Sep 18, 2025;Rp 1,915,904,232.89;Rp 1,941,724,836.52
Sep 17, 2025;Rp 1,917,469,559.53;Rp 1,916,023,415.18
Sep 16, 2025;Rp 1,889,659,999.21;Rp 1,917,513,496.88
Sep 15, 2025;Rp 1,893,490,978.17;Rp 1,890,005,733.64
Sep 14, 2025;Rp 1,902,500,801.37;Rp 1,893,622,625.50
Sep 13, 2025;Rp 1,904,851,515.33;Rp 1,902,504,291.82
Sep 12, 2025;Rp 1,896,788,120.35;Rp 1,904,983,129.22
Sep 11, 2025;Rp 1,874,267,694.60;Rp 1,896,783,925.87
Sep 10, 2025;Rp 1,835,458,593.29;Rp 1,874,167,878.45
Sep 09, 2025;Rp 1,846,814,318.46;Rp 1,835,447,108.04
Sep 08, 2025;Rp 1,822,952,505.13;Rp 1,846,713,041.62
Sep 07, 2025;Rp 1,805,282,030.10;Rp 1,823,027,968.34
Sep 06, 2025;Rp 1,812,312,519.00;Rp 1,805,337,256.74
Sep 05, 2025;Rp 1,822,417,777.01;Rp 1,812,319,341.66
Sep 04, 2025;Rp 1,840,087,290.84;Rp 1,822,427,414.51
Sep 03, 2025;Rp 1,829,292,696.18;Rp 1,840,170,702.10
Sep 02, 2025;Rp 1,795,693,843.37;Rp 1,829,455,380.69
Sep 01, 2025;Rp 1,776,148,529.93;Rp 1,795,817,576.90
Aug 31, 2025;Rp 1,786,391,061.66;Rp 1,776,279,208.31
Aug 30, 2025;Rp 1,779,675,894.01;Rp 1,786,220,507.14
Aug 29, 2025;Rp 1,840,645,577.82;Rp 1,779,699,421.54
Aug 28, 2025;Rp 1,818,042,220.34;Rp 1,840,552,064.42
Aug 27, 2025;Rp 1,823,270,616.44;Rp 1,818,091,415.63
Aug 26, 2025;Rp 1,792,187,222.76;Rp 1,823,383,919.66
Aug 25, 2025;Rp 1,841,846,185.41;Rp 1,792,191,218.08
Aug 24, 2025;Rp 1,877,016,011.00;Rp 1,841,871,145.91
Aug 23, 2025;Rp 1,897,150,182.18;Rp 1,872,929,205.32
Aug 22, 2025;Rp 1,838,072,252.55;Rp 1,897,275,498.87
Aug 21, 2025;Rp 1,860,750,964.86;Rp 1,837,831,882.55
Aug 20, 2025;Rp 1,837,240,727.68;Rp 1,860,735,604.07
Aug 19, 2025;Rp 1,885,245,302.02;Rp 1,837,292,095.85
Aug 18, 2025;Rp 1,903,136,113.92;Rp 1,885,414,870.61
Aug 17, 2025;Rp 1,903,735,653.52;Rp 1,903,122,443.63
Aug 16, 2025;Rp 1,902,206,649.39;Rp 1,903,712,318.08
Aug 15, 2025;Rp 1,914,684,928.24;Rp 1,902,205,432.49
Aug 14, 2025;Rp 1,987,740,115.00;Rp 1,914,584,575.23
Aug 13, 2025;Rp 1,953,539,024.61;Rp 1,987,815,286.85
Aug 12, 2025;Rp 1,935,857,691.03;Rp 1,953,602,902.60
Aug 11, 2025;Rp 1,939,463,468.08;Rp 1,936,082,467.98
Aug 10, 2025;Rp 1,893,798,530.29;Rp 1,939,462,665.95
Aug 09, 2025;Rp 1,896,671,732.28;Rp 1,893,841,535.50
Aug 08, 2025;Rp 1,916,136,653.13;Rp 1,896,903,589.02
Aug 07, 2025;Rp 1,881,212,977.00;Rp 1,915,996,414.90
Aug 06, 2025;Rp 1,870,370,080.22;Rp 1,881,179,356.02
Aug 05, 2025;Rp 1,883,372,603.06;Rp 1,870,378,734.73
Aug 04, 2025;Rp 1,883,518,705.22;Rp 1,883,554,138.50
Aug 03, 2025;Rp 1,841,816,722.56;Rp 1,883,415,639.36
Aug 02, 2025;Rp 1,854,822,548.79;Rp 1,841,834,912.49
Aug 01, 2025;Rp 1,908,674,292.40;Rp 1,854,817,501.15
Jul 31, 2025;Rp 1,937,868,306.43;Rp 1,908,818,539.17
Jul 30, 2025;Rp 1,931,249,310.90;Rp 1,937,828,207.30
Jul 29, 2025;Rp 1,935,012,154.05;Rp 1,931,022,339.75
Jul 28, 2025;Rp 1,954,320,336.96;Rp 1,934,739,658.03
Jul 27, 2025;Rp 1,929,552,188.37;Rp 1,954,172,579.99
Jul 26, 2025;Rp 1,924,646,119.94;Rp 1,929,595,322.29
Jul 25, 2025;Rp 1,931,087,986.23;Rp 1,924,499,487.27
Jul 24, 2025;Rp 1,932,712,673.45;Rp 1,930,950,115.94
Jul 23, 2025;Rp 1,950,942,422.64;Rp 1,932,451,916.58
Jul 22, 2025;Rp 1,918,227,775.74;Rp 1,950,909,465.00
Jul 21, 2025;Rp 1,914,793,247.31;Rp 1,918,492,256.92
Jul 20, 2025;Rp 1,925,820,901.70;Rp 1,915,279,383.44
Jul 19, 2025;Rp 1,926,702,923.09;Rp 1,925,753,457.80
Jul 18, 2025;Rp 1,949,024,851.92;Rp 1,926,786,150.33
Jul 17, 2025;Rp 1,934,009,352.26;Rp 1,949,118,482.95
Jul 16, 2025;Rp 1,916,423,308.36;Rp 1,934,009,352.26
Jul 15, 2025;Rp 1,949,794,392.48;Rp 1,916,423,308.36
Jul 14, 2025;Rp 1,933,130,115.54;Rp 1,949,726,997.71
Jul 13, 2025;Rp 1,905,854,160.51;Rp 1,933,184,120.98
Jul 12, 2025;Rp 1,907,739,729.19;Rp 1,905,903,322.73
Jul 11, 2025;Rp 1,881,052,128.50;Rp 1,907,230,297.14
Jul 10, 2025;Rp 1,808,796,123.64;Rp 1,880,854,334.94
Jul 09, 2025;Rp 1,772,403,082.57;Rp 1,809,020,316.16
Jul 08, 2025;Rp 1,768,607,547.69;Rp 1,772,403,082.57
Jul 07, 2025;Rp 1,767,982,569.23;Rp 1,768,634,038.26
Jul 06, 2025;Rp 1,753,512,424.91;Rp 1,767,929,834.12
Jul 05, 2025;Rp 1,750,023,509.52;Rp 1,753,512,395.05
Jul 04, 2025;Rp 1,779,564,047.50;Rp 1,750,323,235.25
Jul 03, 2025;Rp 1,760,872,848.83;Rp 1,779,764,079.09
Jul 02, 2025;Rp 1,676,984,964.48;Rp 1,761,104,369.54
Jul 01, 2025;Rp 1,730,251,569.51;Rp 1,676,908,467.79
Jun 30, 2025;Rp 1,759,220,187.67;Rp 1,730,105,453.16
Jun 29, 2025;Rp 1,742,169,434.19;Rp 1,759,770,110.86
Jun 28, 2025;Rp 1,738,317,956.07;Rp 1,742,167,498.57
Jun 27, 2025;Rp 1,736,766,131.40;Rp 1,738,283,566.02
Jun 26, 2025;Rp 1,753,472,484.79;Rp 1,736,886,538.24
Jun 25, 2025;Rp 1,727,490,987.99;Rp 1,753,246,965.35
Jun 24, 2025;Rp 1,735,962,258.37;Rp 1,727,462,137.59
Jun 23, 2025;Rp 1,660,027,467.22;Rp 1,735,962,516.59
Jun 22, 2025;Rp 1,677,969,716.13;Rp 1,660,021,983.67
Jun 21, 2025;Rp 1,696,077,929.81;Rp 1,678,714,597.78
Jun 20, 2025;Rp 1,671,913,119.30;Rp 1,695,988,024.31
Jun 19, 2025;Rp 1,714,877,782.47;Rp 1,671,965,073.15
Jun 18, 2025;Rp 1,709,616,209.77;Rp 1,712,325,195.39
Jun 17, 2025;Rp 1,738,095,676.54;Rp 1,709,600,653.46
Jun 16, 2025;Rp 1,720,253,534.27;Rp 1,738,474,992.52
Jun 15, 2025;Rp 1,718,774,523.29;Rp 1,720,195,419.49
Jun 14, 2025;Rp 1,729,257,575.25;Rp 1,718,897,869.43
Jun 13, 2025;Rp 1,718,885,397.31;Rp 1,728,978,587.21
Jun 12, 2025;Rp 1,769,189,249.93;Rp 1,718,957,783.10
Jun 11, 2025;Rp 1,779,719,114.12;Rp 1,767,201,091.56
Jun 10, 2025;Rp 1,797,874,856.50;Rp 1,789,615,795.48
Jun 09, 2025;Rp 1,726,112,546.57;Rp 1,797,848,962.38
Jun 08, 2025;Rp 1,723,292,250.33;Rp 1,726,122,810.16
Jun 07, 2025;Rp 1,703,274,297.34;Rp 1,723,261,524.44
Jun 06, 2025;Rp 1,651,197,989.94;Rp 1,703,269,437.38
Jun 05, 2025;Rp 1,707,170,600.53;Rp 1,651,223,759.56
Jun 04, 2025;Rp 1,722,792,306.64;Rp 1,706,864,260.63
Jun 03, 2025;Rp 1,725,537,387.09;Rp 1,722,761,289.36
Jun 02, 2025;Rp 1,726,015,563.61;Rp 1,725,424,300.22
Jun 01, 2025;Rp 1,712,776,518.20;Rp 1,725,203,710.19
May 31, 2025;Rp 1,702,258,294.22;Rp 1,704,530,577.25
May 30, 2025;Rp 1,721,996,209.88;Rp 1,702,321,429.36
May 29, 2025;Rp 1,755,896,688.86;Rp 1,721,960,699.43
May 28, 2025;Rp 1,774,970,227.02;Rp 1,756,423,273.81
May 27, 2025;Rp 1,779,172,736.80;Rp 1,775,010,445.84
May 26, 2025;Rp 1,768,146,184.19;Rp 1,779,172,068.31
May 25, 2025;Rp 1,751,382,663.58;Rp 1,768,334,454.01
May 24, 2025;Rp 1,742,873,443.99;Rp 1,751,202,093.20
May 23, 2025;Rp 1,826,815,610.25;Rp 1,743,024,367.24
May 22, 2025;Rp 1,793,501,579.65;Rp 1,827,306,143.89
May 21, 2025;Rp 1,752,445,436.97;Rp 1,793,576,549.67
May 20, 2025;Rp 1,735,359,743.17;Rp 1,752,441,781.44
May 19, 2025;Rp 1,755,510,341.78;Rp 1,735,637,592.38
May 18, 2025;Rp 1,701,991,443.07;Rp 1,755,765,640.03
May 17, 2025;Rp 1,706,978,217.30;Rp 1,702,059,561.71
May 16, 2025;Rp 1,713,692,274.56;Rp 1,706,978,249.89
May 15, 2025;Rp 1,715,971,759.57;Rp 1,713,840,763.06
May 14, 2025;Rp 1,730,199,576.65;Rp 1,714,879,352.61
May 13, 2025;Rp 1,716,820,993.65;Rp 1,730,240,889.92
May 12, 2025;Rp 1,723,036,461.65;Rp 1,716,828,688.13
May 11, 2025;Rp 1,732,258,072.31;Rp 1,723,026,412.43
May 10, 2025;Rp 1,703,679,277.42;Rp 1,732,179,562.19
May 09, 2025;Rp 1,708,953,954.46;Rp 1,703,631,885.12
May 08, 2025;Rp 1,601,537,382.86;Rp 1,708,953,943.50
May 07, 2025;Rp 1,591,340,067.07;Rp 1,601,943,969.70
May 06, 2025;Rp 1,556,706,942.84;Rp 1,591,377,599.40
May 05, 2025;Rp 1,551,830,326.17;Rp 1,556,701,441.90
May 04, 2025;Rp 1,579,447,175.17;Rp 1,553,067,559.60
May 03, 2025;Rp 1,596,373,036.01;Rp 1,579,687,918.69
May 02, 2025;Rp 1,603,070,923.25;Rp 1,595,514,921.62
May 01, 2025;Rp 1,559,604,442.69;Rp 1,603,027,228.72
Apr 30, 2025;Rp 1,576,204,291.80;Rp 1,559,512,541.56
Apr 29, 2025;Rp 1,595,906,028.19;Rp 1,576,176,256.59
Apr 28, 2025;Rp 1,577,937,837.65;Rp 1,595,853,792.11
Apr 27, 2025;Rp 1,590,833,375.67;Rp 1,577,930,148.40
Apr 26, 2025;Rp 1,591,585,408.44;Rp 1,590,598,414.95
Apr 25, 2025;Rp 1,577,868,812.57;Rp 1,591,683,739.54
Apr 24, 2025;Rp 1,579,019,599.50;Rp 1,577,693,207.60
Apr 23, 2025;Rp 1,575,009,879.82;Rp 1,579,132,806.43
Apr 22, 2025;Rp 1,472,459,208.54;Rp 1,575,649,243.70
Apr 21, 2025;Rp 1,434,748,107.53;Rp 1,472,409,306.52
Apr 20, 2025;Rp 1,434,589,547.33;Rp 1,434,794,581.92
Apr 19, 2025;Rp 1,424,214,583.47;Rp 1,434,544,758.59
Apr 18, 2025;Rp 1,431,792,120.00;Rp 1,424,213,516.69
Apr 17, 2025;Rp 1,411,929,583.41;Rp 1,431,717,243.38
Apr 16, 2025;Rp 1,407,462,264.76;Rp 1,411,983,225.38
Apr 15, 2025;Rp 1,419,389,473.15;Rp 1,407,801,828.95
Apr 14, 2025;Rp 1,406,012,207.24;Rp 1,419,434,779.91
Apr 13, 2025;Rp 1,432,638,264.84;Rp 1,405,851,870.29
Apr 12, 2025;Rp 1,401,140,295.03;Rp 1,432,766,657.82
Apr 11, 2025;Rp 1,340,583,235.54;Rp 1,401,145,718.08
Apr 10, 2025;Rp 1,391,331,620.50;Rp 1,340,601,642.48
Apr 09, 2025;Rp 1,302,049,291.26;Rp 1,391,466,036.65
Apr 08, 2025;Rp 1,336,116,800.24;Rp 1,302,021,781.26
Apr 07, 2025;Rp 1,309,816,223.32;Rp 1,336,401,152.57
Apr 06, 2025;Rp 1,398,282,971.66;Rp 1,309,701,481.28
Apr 05, 2025;Rp 1,403,979,495.85;Rp 1,383,389,039.93
Apr 04, 2025;Rp 1,391,771,254.05;Rp 1,403,964,512.59
Apr 03, 2025;Rp 1,381,488,430.32;Rp 1,391,814,476.97
Apr 02, 2025;Rp 1,425,523,211.76;Rp 1,380,118,045.24
Apr 01, 2025;Rp 1,375,040,528.47;Rp 1,425,331,702.16
Mar 31, 2025;Rp 1,366,413,669.96;Rp 1,374,990,429.05
Mar 30, 2025;Rp 1,370,743,850.09;Rp 1,366,388,168.40
Mar 29, 2025;Rp 1,399,870,557.06;Rp 1,370,753,825.76
Mar 28, 2025;Rp 1,444,484,968.05;Rp 1,399,888,451.84
Mar 27, 2025;Rp 1,445,509,910.93;Rp 1,444,341,509.96
Mar 26, 2025;Rp 1,454,288,815.47;Rp 1,445,709,202.27
Mar 25, 2025;Rp 1,452,629,665.48;Rp 1,454,479,478.40
Mar 24, 2025;Rp 1,422,035,135.71;Rp 1,452,398,821.99
Mar 23, 2025;Rp 1,382,750,283.78;Rp 1,421,761,598.90
Mar 22, 2025;Rp 1,388,948,464.37;Rp 1,385,415,689.18
Mar 21, 2025;Rp 1,385,725,997.80;Rp 1,388,898,669.78
Mar 20, 2025;Rp 1,435,167,250.42;Rp 1,385,769,643.19
Mar 19, 2025;Rp 1,366,618,044.86;Rp 1,434,857,869.12
Mar 18, 2025;Rp 1,377,727,733.82;Rp 1,366,613,056.42
Mar 17, 2025;Rp 1,348,564,195.46;Rp 1,377,727,291.77
Mar 16, 2025;Rp 1,376,994,475.27;Rp 1,348,619,012.73
Mar 15, 2025;Rp 1,371,036,132.26;Rp 1,377,154,274.82
Mar 14, 2025;Rp 1,328,545,445.35;Rp 1,371,047,460.12
Mar 13, 2025;Rp 1,374,202,222.95;Rp 1,328,540,659.85
Mar 12, 2025;Rp 1,363,360,161.00;Rp 1,374,160,243.51
Mar 11, 2025;Rp 1,282,377,272.30;Rp 1,363,439,632.12
Mar 10, 2025;Rp 1,313,674,184.98;Rp 1,282,504,359.49
Mar 09, 2025;Rp 1,404,310,728.86;Rp 1,313,737,614.01
Mar 08, 2025;Rp 1,413,900,756.14;Rp 1,404,315,412.15
Mar 07, 2025;Rp 1,468,704,602.73;Rp 1,413,901,125.08
Mar 06, 2025;Rp 1,475,332,899.34;Rp 1,468,724,155.19
Mar 05, 2025;Rp 1,429,062,841.77;Rp 1,475,383,305.05
Mar 04, 2025;Rp 1,416,666,175.73;Rp 1,429,254,655.82
Mar 03, 2025;Rp 1,558,085,138.78;Rp 1,416,692,540.17
Mar 02, 2025;Rp 1,422,304,089.83;Rp 1,558,083,965.50
Mar 01, 2025;Rp 1,394,822,320.13;Rp 1,422,232,258.17
Feb 28, 2025;Rp 1,402,784,794.27;Rp 1,394,808,201.58
Feb 27, 2025;Rp 1,376,557,472.25;Rp 1,402,812,074.53
Feb 26, 2025;Rp 1,446,684,472.32;Rp 1,380,980,660.16
Feb 25, 2025;Rp 1,489,506,015.19;Rp 1,448,471,559.78
Feb 24, 2025;Rp 1,571,550,016.81;Rp 1,489,197,478.04
Feb 23, 2025;Rp 1,574,421,003.64;Rp 1,571,484,005.69
Feb 22, 2025;Rp 1,567,189,373.03;Rp 1,574,420,326.56
Feb 21, 2025;Rp 1,598,625,932.18;Rp 1,567,048,231.78
Feb 20, 2025;Rp 1,580,354,993.66;Rp 1,600,348,437.05
Feb 19, 2025;Rp 1,559,473,054.80;Rp 1,580,402,977.44
Feb 18, 2025;Rp 1,554,164,814.31;Rp 1,559,587,509.82
Feb 17, 2025;Rp 1,557,267,193.72;Rp 1,554,157,803.14
Feb 16, 2025;Rp 1,578,837,700.44;Rp 1,557,202,873.21
Feb 15, 2025;Rp 1,578,244,747.94;Rp 1,578,835,415.83
Feb 14, 2025;Rp 1,568,796,657.38;Rp 1,578,388,017.15
Feb 13, 2025;Rp 1,603,672,178.28;Rp 1,568,789,968.44
Feb 12, 2025;Rp 1,565,212,314.67;Rp 1,603,624,940.14
Feb 11, 2025;Rp 1,592,459,232.88;Rp 1,565,240,705.10
Feb 10, 2025;Rp 1,575,522,174.06;Rp 1,592,449,852.71
Feb 09, 2025;Rp 1,577,011,218.39;Rp 1,575,532,503.95
Feb 08, 2025;Rp 1,577,860,281.92;Rp 1,577,029,763.92
Feb 07, 2025;Rp 1,577,815,177.07;Rp 1,577,791,985.75
Feb 06, 2025;Rp 1,575,360,445.34;Rp 1,578,010,939.81
Feb 05, 2025;Rp 1,595,740,052.94;Rp 1,575,555,021.87
Feb 04, 2025;Rp 1,655,580,769.93;Rp 1,595,809,777.03
Feb 03, 2025;Rp 1,598,085,812.32;Rp 1,655,646,342.48
Feb 02, 2025;Rp 1,646,344,592.86;Rp 1,598,214,666.33
Feb 01, 2025;Rp 1,674,823,363.74;Rp 1,646,252,500.77
Jan 31, 2025;Rp 1,705,143,223.25;Rp 1,674,859,819.09
Jan 30, 2025;Rp 1,684,758,208.73;Rp 1,705,106,440.64
Jan 29, 2025;Rp 1,643,937,670.19;Rp 1,684,658,665.76
Jan 28, 2025;Rp 1,655,150,161.81;Rp 1,645,372,042.94
Jan 27, 2025;Rp 1,660,608,587.65;Rp 1,655,014,988.53
Jan 26, 2025;Rp 1,693,259,778.81;Rp 1,660,644,061.33
Jan 25, 2025;Rp 1,695,051,795.34;Rp 1,693,282,937.10
Jan 24, 2025;Rp 1,688,184,241.26;Rp 1,694,978,232.84
Jan 23, 2025;Rp 1,685,136,901.02;Rp 1,688,094,963.93
Jan 22, 2025;Rp 1,734,814,877.83;Rp 1,685,062,033.46
Jan 21, 2025;Rp 1,663,174,420.19;Rp 1,734,972,068.02
Jan 20, 2025;Rp 1,655,667,715.62;Rp 1,662,589,138.20
Jan 19, 2025;Rp 1,710,580,552.57;Rp 1,655,763,583.43
Jan 18, 2025;Rp 1,705,889,543.19;Rp 1,710,527,807.31
Jan 17, 2025;Rp 1,640,676,265.06;Rp 1,711,412,090.36
Jan 16, 2025;Rp 1,642,937,480.43;Rp 1,635,787,736.03
Jan 15, 2025;Rp 1,576,104,025.95;Rp 1,642,924,316.62
Jan 14, 2025;Rp 1,543,084,488.17;Rp 1,574,576,448.60
Jan 13, 2025;Rp 1,540,250,608.55;Rp 1,542,991,763.79
Jan 12, 2025;Rp 1,543,043,133.37;Rp 1,540,243,255.03
Jan 11, 2025;Rp 1,545,247,779.76;Rp 1,543,057,294.11
Jan 10, 2025;Rp 1,503,729,038.57;Rp 1,545,257,870.44
Jan 09, 2025;Rp 1,541,583,549.72;Rp 1,503,215,104.80
Jan 08, 2025;Rp 1,572,350,911.58;Rp 1,544,012,293.97
Jan 07, 2025;Rp 1,657,105,693.97;Rp 1,572,164,011.90
Jan 06, 2025;Rp 1,594,491,634.95;Rp 1,654,129,441.67
Jan 05, 2025;Rp 1,591,428,567.18;Rp 1,594,491,675.26
Jan 04, 2025;Rp 1,589,372,538.39;Rp 1,591,466,205.81
Jan 03, 2025;Rp 1,576,877,353.99;Rp 1,589,379,588.95
Jan 02, 2025;Rp 1,538,741,527.47;Rp 1,576,961,164.71
Jan 01, 2025;Rp 1,519,729,095.71;Rp 1,538,809,076.04
Dec 31, 2024;Rp 1,498,958,540.48;Rp 1,519,795,800.65
Dec 30, 2024;Rp 1,514,464,763.13;Rp 1,498,920,890.60
Dec 29, 2024;Rp 1,540,392,082.18;Rp 1,515,111,747.89
Dec 28, 2024;Rp 1,523,982,614.12;Rp 1,540,228,238.34
Dec 27, 2024;Rp 1,549,996,602.90;Rp 1,524,058,264.84
Dec 26, 2024;Rp 1,609,868,877.77;Rp 1,551,439,334.62
Dec 25, 2024;Rp 1,599,788,138.79;Rp 1,609,893,127.54
Dec 24, 2024;Rp 1,540,943,562.01;Rp 1,595,974,746.52
Dec 23, 2024;Rp 1,539,725,001.58;Rp 1,536,947,038.55
Dec 22, 2024;Rp 1,572,146,590.35;Rp 1,539,814,737.13
Dec 21, 2024;Rp 1,580,844,711.08;Rp 1,572,250,217.25
Dec 20, 2024;Rp 1,592,729,355.85;Rp 1,580,840,473.53
Dec 19, 2024;Rp 1,625,244,430.10;Rp 1,592,831,513.58
Dec 18, 2024;Rp 1,703,738,392.13;Rp 1,624,771,091.66
Dec 17, 2024;Rp 1,700,596,925.91;Rp 1,702,520,255.34
Dec 16, 2024;Rp 1,672,151,176.57;Rp 1,698,172,004.84
Dec 15, 2024;Rp 1,625,266,098.46;Rp 1,672,233,255.51
Dec 14, 2024;Rp 1,627,259,997.88;Rp 1,625,257,009.95
Dec 13, 2024;Rp 1,598,019,105.20;Rp 1,626,640,423.17
Dec 12, 2024;Rp 1,615,685,328.66;Rp 1,597,906,178.17
Dec 11, 2024;Rp 1,538,243,247.14;Rp 1,615,764,523.68
Dec 10, 2024;Rp 1,546,533,695.09;Rp 1,538,575,011.12
Dec 09, 2024;Rp 1,606,124,191.36;Rp 1,545,841,467.20
Dec 08, 2024;Rp 1,585,286,190.39;Rp 1,606,107,558.81
Dec 07, 2024;Rp 1,585,203,654.08;Rp 1,585,308,716.23
Dec 06, 2024;Rp 1,540,131,154.18;Rp 1,585,267,119.31
Dec 05, 2024;Rp 1,571,705,546.00;Rp 1,532,551,202.74
Dec 04, 2024;Rp 1,533,896,688.79;Rp 1,572,130,823.07
Dec 03, 2024;Rp 1,527,567,403.01;Rp 1,534,114,551.02
Dec 02, 2024;Rp 1,540,792,698.45;Rp 1,527,721,843.34
Dec 01, 2024;Rp 1,527,561,729.54;Rp 1,540,852,615.78
Nov 30, 2024;Rp 1,543,516,113.86;Rp 1,527,367,247.83
Nov 29, 2024;Rp 1,519,523,476.24;Rp 1,543,400,689.49
Nov 28, 2024;Rp 1,525,242,219.22;Rp 1,519,469,401.75
Nov 27, 2024;Rp 1,466,471,281.77;Rp 1,523,587,398.55
Nov 26, 2024;Rp 1,478,118,955.84;Rp 1,465,785,462.22
Nov 25, 2024;Rp 1,561,831,296.21;Rp 1,478,357,380.30
Nov 24, 2024;Rp 1,558,929,984.05;Rp 1,561,518,689.32
Nov 23, 2024;Rp 1,578,518,945.70;Rp 1,558,916,948.67
Nov 22, 2024;Rp 1,568,402,969.99;Rp 1,578,374,175.17
Nov 21, 2024;Rp 1,503,534,627.89;Rp 1,566,033,084.45
Nov 20, 2024;Rp 1,463,949,566.50;Rp 1,503,647,998.63
Nov 19, 2024;Rp 1,434,253,283.45;Rp 1,464,020,060.26
Nov 18, 2024;Rp 1,428,011,760.83;Rp 1,434,376,566.24
Nov 17, 2024;Rp 1,439,725,614.03;Rp 1,428,045,706.97
Nov 16, 2024;Rp 1,447,768,613.51;Rp 1,439,725,806.79
Nov 15, 2024;Rp 1,395,123,317.61;Rp 1,447,794,698.32
Nov 14, 2024;Rp 1,437,342,601.56;Rp 1,394,583,838.93
Nov 13, 2024;Rp 1,391,565,496.92;Rp 1,437,494,716.50
Nov 12, 2024;Rp 1,399,038,442.79;Rp 1,392,015,032.90
Nov 11, 2024;Rp 1,259,761,350.20;Rp 1,396,971,889.58
Nov 10, 2024;Rp 1,201,909,621.90;Rp 1,259,804,751.64
Nov 09, 2024;Rp 1,198,475,688.75;Rp 1,201,961,657.84
Nov 08, 2024;Rp 1,182,165,810.18;Rp 1,198,105,435.96
Nov 07, 2024;Rp 1,197,280,382.04;Rp 1,182,209,403.31
Nov 06, 2024;Rp 1,090,134,341.58;Rp 1,197,415,873.78
Nov 05, 2024;Rp 1,071,341,660.07;Rp 1,090,158,981.21
Nov 04, 2024;Rp 1,089,611,959.82;Rp 1,071,355,345.95
Nov 03, 2024;Rp 1,098,282,478.96;Rp 1,089,595,805.15
Nov 02, 2024;Rp 1,101,288,123.89;Rp 1,098,169,865.20
Nov 01, 2024;Rp 1,104,064,997.02;Rp 1,101,231,795.47
Oct 31, 2024;Rp 1,135,932,210.75;Rp 1,104,038,088.61
Oct 30, 2024;Rp 1,146,945,400.92;Rp 1,136,002,847.80
Oct 29, 2024;Rp 1,099,240,173.83;Rp 1,147,097,324.60
Oct 28, 2024;Rp 1,066,589,699.37;Rp 1,101,256,609.20
Oct 27, 2024;Rp 1,051,940,211.90;Rp 1,066,693,724.25
Oct 26, 2024;Rp 1,045,744,690.23;Rp 1,051,802,382.39
Oct 25, 2024;Rp 1,065,853,387.27;Rp 1,045,959,300.73
Oct 24, 2024;Rp 1,044,424,821.98;Rp 1,065,504,869.52
Oct 23, 2024;Rp 1,050,352,693.49;Rp 1,040,780,558.27
Oct 22, 2024;Rp 1,048,195,579.69;Rp 1,050,302,788.33
Oct 21, 2024;Rp 1,067,835,819.32;Rp 1,048,445,672.41
Oct 20, 2024;Rp 1,057,891,224.95;Rp 1,067,756,558.85
Oct 19, 2024;Rp 1,058,739,191.50;Rp 1,057,868,859.09
Oct 18, 2024;Rp 1,046,662,255.70;Rp 1,058,736,288.31
Oct 17, 2024;Rp 1,054,081,467.26;Rp 1,046,382,414.89
Oct 16, 2024;Rp 1,044,911,685.99;Rp 1,054,060,026.61
Oct 15, 2024;Rp 1,029,064,533.37;Rp 1,045,069,648.37
Oct 14, 2024;Rp 978,590,578.16;Rp 1,028,998,675.39
Oct 13, 2024;Rp 983,860,417.45;Rp 978,636,907.53
Oct 12, 2024;Rp 972,209,615.07;Rp 983,861,655.11
Oct 11, 2024;Rp 945,622,658.82;Rp 972,216,951.27
Oct 10, 2024;Rp 951,585,968.03;Rp 945,586,325.64
Oct 09, 2024;Rp 974,949,406.17;Rp 951,593,350.93
Oct 08, 2024;Rp 980,022,586.33;Rp 974,943,915.30
Oct 07, 2024;Rp 984,382,243.43;Rp 979,794,110.88
Oct 06, 2024;Rp 972,871,738.42;Rp 984,379,816.81
Oct 05, 2024;Rp 972,599,456.45;Rp 972,949,492.31
Oct 04, 2024;Rp 940,114,070.44;Rp 972,597,371.56
Oct 03, 2024;Rp 927,966,929.22;Rp 940,983,024.75
Oct 02, 2024;Rp 929,439,234.37;Rp 927,941,259.19
Oct 01, 2024;Rp 963,042,900.72;Rp 929,650,345.19
Sep 30, 2024;Rp 992,692,075.12;Rp 962,925,019.01
Sep 29, 2024;Rp 996,655,080.40;Rp 992,701,876.04
Sep 28, 2024;Rp 995,096,883.11;Rp 996,540,804.66
Sep 27, 2024;Rp 986,469,674.91;Rp 995,073,888.83
Sep 26, 2024;Rp 960,939,265.18;Rp 986,449,567.24
Sep 25, 2024;Rp 973,540,023.03;Rp 961,010,267.24
Sep 24, 2024;Rp 962,340,084.28;Rp 973,531,468.55
Sep 23, 2024;Rp 964,692,871.71;Rp 961,118,824.01
Sep 22, 2024;Rp 961,146,259.29;Rp 964,965,907.46
Sep 21, 2024;Rp 957,925,161.08;Rp 961,116,471.20
Sep 20, 2024;Rp 956,846,298.66;Rp 958,056,056.63
Sep 19, 2024;Rp 944,557,670.89;Rp 956,826,874.81
Sep 18, 2024;Rp 926,981,888.10;Rp 944,537,810.28
Sep 17, 2024;Rp 894,743,496.19;Rp 925,843,213.14
Sep 16, 2024;Rp 911,453,016.84;Rp 894,743,458.17
Sep 15, 2024;Rp 924,713,224.67;Rp 911,416,187.33
Sep 14, 2024;Rp 933,473,048.73;Rp 924,780,894.96
Sep 13, 2024;Rp 897,347,230.91;Rp 933,506,691.31
Sep 12, 2024;Rp 885,618,699.35;Rp 897,247,280.88
Sep 11, 2024;Rp 893,307,656.63;Rp 885,202,697.05
Sep 10, 2024;Rp 882,624,412.36;Rp 892,934,468.56
Sep 09, 2024;Rp 845,374,129.79;Rp 882,864,817.39
Sep 08, 2024;Rp 837,043,108.18;Rp 845,215,063.17
Sep 07, 2024;Rp 833,969,266.33;Rp 836,915,682.38
Sep 06, 2024;Rp 866,203,768.45;Rp 833,964,089.12
Sep 05, 2024;Rp 896,136,534.88;Rp 866,219,355.52
Sep 04, 2024;Rp 893,394,252.61;Rp 896,134,022.85
Sep 03, 2024;Rp 919,443,200.76;Rp 893,444,892.79
Sep 02, 2024;Rp 890,424,742.52;Rp 919,581,566.79
Sep 01, 2024;Rp 915,942,513.07;Rp 890,401,760.82
Aug 31, 2024;Rp 918,236,338.72;Rp 915,944,049.42
Aug 30, 2024;Rp 918,477,150.37;Rp 918,267,330.07
Aug 29, 2024;Rp 911,885,844.67;Rp 918,470,880.42
Aug 28, 2024;Rp 921,231,471.74;Rp 911,852,815.73
Aug 27, 2024;Rp 973,530,459.16;Rp 921,185,760.24
Aug 26, 2024;Rp 991,762,707.60;Rp 973,552,941.63
Aug 25, 2024;Rp 988,393,064.53;Rp 991,628,895.81
Aug 24, 2024;Rp 987,276,516.39;Rp 988,433,470.86
Aug 23, 2024;Rp 951,046,831.90;Rp 987,130,014.27
Aug 22, 2024;Rp 947,998,871.99;Rp 951,075,503.11
Aug 21, 2024;Rp 911,710,756.93;Rp 948,674,669.63
Aug 20, 2024;Rp 923,934,113.76;Rp 911,682,431.47
Aug 19, 2024;Rp 917,697,944.98;Rp 923,944,181.45
Aug 18, 2024;Rp 933,512,887.77;Rp 917,748,980.39
Aug 17, 2024;Rp 924,492,979.13;Rp 933,683,043.81
Aug 16, 2024;Rp 907,895,021.78;Rp 924,501,978.88
Aug 15, 2024;Rp 918,193,579.51;Rp 907,895,420.01
Aug 14, 2024;Rp 954,972,375.75;Rp 918,239,751.69
Aug 13, 2024;Rp 947,513,030.71;Rp 954,948,534.87
Aug 12, 2024;Rp 935,101,592.10;Rp 947,496,876.62
Aug 11, 2024;Rp 972,064,941.71;Rp 935,102,992.70
Aug 10, 2024;Rp 971,049,521.98;Rp 972,079,624.87
Aug 09, 2024;Rp 986,926,057.40;Rp 971,031,701.56
Aug 08, 2024;Rp 882,149,214.79;Rp 986,496,251.46
Aug 07, 2024;Rp 906,436,691.06;Rp 882,076,351.22
Aug 06, 2024;Rp 875,832,356.79;Rp 906,346,364.84
Aug 05, 2024;Rp 930,875,426.89;Rp 875,203,866.08
Aug 04, 2024;Rp 981,493,465.66;Rp 930,982,410.62
Aug 03, 2024;Rp 993,442,871.52;Rp 981,558,177.90
Aug 02, 2024;Rp 1,064,482,175.02;Rp 993,447,013.83
Aug 01, 2024;Rp 1,050,912,671.02;Rp 1,063,836,111.94
Jul 31, 2024;Rp 1,081,533,640.16;Rp 1,050,307,007.72
Jul 30, 2024;Rp 1,089,856,917.42;Rp 1,081,532,745.60
Jul 29, 2024;Rp 1,111,961,419.32;Rp 1,089,806,959.53
Jul 28, 2024;Rp 1,105,562,492.02;Rp 1,111,909,466.84
Jul 27, 2024;Rp 1,107,244,406.51;Rp 1,105,638,857.85
Jul 26, 2024;Rp 1,074,975,691.05;Rp 1,107,248,463.53
Jul 25, 2024;Rp 1,062,920,002.75;Rp 1,075,058,931.05
Jul 24, 2024;Rp 1,069,897,024.63;Rp 1,062,511,525.09
Jul 23, 2024;Rp 1,096,802,299.38;Rp 1,069,976,096.35
Jul 22, 2024;Rp 1,104,954,476.70;Rp 1,096,633,801.09
Jul 21, 2024;Rp 1,088,948,075.32;Rp 1,104,979,554.31
Jul 20, 2024;Rp 1,081,571,359.57;Rp 1,088,927,533.41
Jul 19, 2024;Rp 1,035,796,498.10;Rp 1,081,575,067.47
Jul 18, 2024;Rp 1,035,705,769.94;Rp 1,035,858,928.73
Jul 17, 2024;Rp 1,053,175,011.60;Rp 1,035,931,752.25
Jul 16, 2024;Rp 1,049,656,905.88;Rp 1,053,269,341.42
Jul 15, 2024;Rp 980,033,184.01;Rp 1,051,045,993.84
Jul 14, 2024;Rp 954,388,258.83;Rp 979,587,357.64
Jul 13, 2024;Rp 933,173,262.72;Rp 954,496,272.11
Jul 12, 2024;Rp 923,829,813.27;Rp 933,023,832.06
Jul 11, 2024;Rp 936,110,136.52;Rp 923,784,930.92
Jul 10, 2024;Rp 945,020,662.90;Rp 935,710,691.53
Jul 09, 2024;Rp 923,910,603.15;Rp 944,063,030.01
Jul 08, 2024;Rp 907,673,934.18;Rp 923,952,873.72
Jul 07, 2024;Rp 946,495,576.10;Rp 907,666,407.33
Jul 06, 2024;Rp 920,811,958.82;Rp 947,537,448.24
Jul 05, 2024;Rp 932,071,604.56;Rp 920,865,557.91
Jul 04, 2024;Rp 983,768,432.31;Rp 931,373,163.31
Jul 03, 2024;Rp 1,017,217,338.76;Rp 983,649,575.19
Jul 02, 2024;Rp 1,030,323,127.44;Rp 1,016,637,448.03
Jul 01, 2024;Rp 1,024,689,085.39;Rp 1,029,295,311.39
Jun 30, 2024;Rp 995,553,484.68;Rp 1,024,765,695.43
Jun 29, 2024;Rp 986,257,070.75;Rp 995,536,075.92
Jun 28, 2024;Rp 1,009,871,999.67;Rp 986,261,359.87
Jun 27, 2024;Rp 999,838,487.04;Rp 1,009,736,583.55
Jun 26, 2024;Rp 1,013,883,294.98;Rp 999,368,224.40
Jun 25, 2024;Rp 988,363,697.95;Rp 1,014,097,959.42
Jun 24, 2024;Rp 1,039,204,116.98;Rp 988,615,905.57
Jun 23, 2024;Rp 1,058,665,503.14;Rp 1,039,326,595.64
Jun 22, 2024;Rp 1,056,439,414.60;Rp 1,058,725,078.91
Jun 21, 2024;Rp 1,069,884,963.19;Rp 1,056,148,310.44
Jun 20, 2024;Rp 1,065,332,602.80;Rp 1,069,005,085.77
Jun 19, 2024;Rp 1,067,703,949.95;Rp 1,064,741,464.18
Jun 18, 2024;Rp 1,094,873,672.88;Rp 1,066,751,347.48
Jun 17, 2024;Rp 1,097,777,377.75;Rp 1,094,862,429.02
Jun 16, 2024;Rp 1,091,230,847.16;Rp 1,097,819,074.33
Jun 15, 2024;Rp 1,088,220,123.02;Rp 1,091,257,929.20
Jun 14, 2024;Rp 1,087,530,686.42;Rp 1,088,291,896.68
Jun 13, 2024;Rp 1,108,661,061.62;Rp 1,087,593,741.65
Jun 12, 2024;Rp 1,098,334,742.34;Rp 1,108,056,771.55
Jun 11, 2024;Rp 1,134,288,271.22;Rp 1,098,506,830.75
Jun 10, 2024;Rp 1,133,613,328.36;Rp 1,134,273,904.80
Jun 09, 2024;Rp 1,127,941,463.65;Rp 1,133,673,232.74
Jun 08, 2024;Rp 1,128,375,756.83;Rp 1,128,076,227.45
Jun 07, 2024;Rp 1,149,705,904.71;Rp 1,128,675,415.80
Jun 06, 2024;Rp 1,160,235,164.39;Rp 1,149,655,355.03
Jun 05, 2024;Rp 1,150,070,695.61;Rp 1,160,232,881.47
Jun 04, 2024;Rp 1,115,328,553.44;Rp 1,149,043,330.17
Jun 03, 2024;Rp 1,101,031,858.77;Rp 1,115,328,461.07
Jun 02, 2024;Rp 1,100,637,224.36;Rp 1,100,994,599.09
Jun 01, 2024;Rp 1,096,819,881.37;Rp 1,100,583,036.70
May 31, 2024;Rp 1,110,236,741.42;Rp 1,097,050,388.37
May 30, 2024;Rp 1,098,801,895.58;Rp 1,109,908,568.69
May 29, 2024;Rp 1,101,271,038.92;Rp 1,098,825,415.67
May 28, 2024;Rp 1,115,981,187.76;Rp 1,100,472,131.05
May 27, 2024;Rp 1,099,275,478.72;Rp 1,115,741,780.53
May 26, 2024;Rp 1,111,345,456.88;Rp 1,099,370,299.64
May 25, 2024;Rp 1,099,514,467.01;Rp 1,111,372,051.20
May 24, 2024;Rp 1,093,779,629.17;Rp 1,099,501,238.75
May 23, 2024;Rp 1,109,235,890.09;Rp 1,093,180,189.39
May 22, 2024;Rp 1,122,978,515.02;Rp 1,109,261,471.91
May 21, 2024;Rp 1,145,999,310.00;Rp 1,122,468,556.06
May 20, 2024;Rp 1,058,157,292.85;Rp 1,145,740,549.27
May 19, 2024;Rp 1,068,630,584.62;Rp 1,058,151,312.44
May 18, 2024;Rp 1,070,678,526.15;Rp 1,068,676,471.96
May 17, 2024;Rp 1,039,714,001.54;Rp 1,070,449,657.00
May 16, 2024;Rp 1,055,299,935.29;Rp 1,039,726,158.68
May 15, 2024;Rp 992,098,044.90;Rp 1,055,045,901.80
May 14, 2024;Rp 1,014,455,642.08;Rp 991,570,746.88
May 13, 2024;Rp 985,982,600.28;Rp 1,014,145,376.72
May 12, 2024;Rp 976,039,674.94;Rp 985,937,291.85
May 11, 2024;Rp 976,037,346.67;Rp 976,043,007.55
May 10, 2024;Rp 1,011,214,370.21;Rp 976,028,031.30
May 09, 2024;Rp 984,007,682.84;Rp 1,011,138,782.06
May 08, 2024;Rp 1,002,596,958.45;Rp 983,482,862.87
May 07, 2024;Rp 1,013,268,242.50;Rp 1,002,336,377.99
May 06, 2024;Rp 1,029,980,628.27;Rp 1,013,255,197.95
May 05, 2024;Rp 1,020,279,445.89;Rp 1,029,865,134.44
May 04, 2024;Rp 1,004,287,999.44;Rp 1,020,263,763.53
May 03, 2024;Rp 952,105,532.94;Rp 1,004,268,935.95
May 02, 2024;Rp 943,337,192.37;Rp 951,579,817.29
May 01, 2024;Rp 986,662,016.98;Rp 943,342,133.90
Apr 30, 2024;Rp 1,036,822,401.99;Rp 986,128,106.24
Apr 29, 2024;Rp 1,022,956,893.12;Rp 1,036,850,016.70
Apr 28, 2024;Rp 1,030,033,146.64;Rp 1,023,068,215.30
Apr 27, 2024;Rp 1,035,351,542.61;Rp 1,029,962,131.07
Apr 26, 2024;Rp 1,045,178,875.85;Rp 1,035,421,883.47
Apr 25, 2024;Rp 1,043,104,985.27;Rp 1,044,168,396.08
Apr 24, 2024;Rp 1,072,935,838.51;Rp 1,043,149,768.18
Apr 23, 2024;Rp 1,086,549,325.21;Rp 1,072,029,190.55
Apr 22, 2024;Rp 1,053,475,792.87;Rp 1,085,320,209.96
Apr 21, 2024;Rp 1,054,069,747.96;Rp 1,053,329,945.32
Apr 20, 2024;Rp 1,035,553,103.15;Rp 1,054,096,077.61
Apr 19, 2024;Rp 1,030,668,379.96;Rp 1,035,430,954.84
Apr 18, 2024;Rp 996,574,888.69;Rp 1,030,700,887.99
Apr 17, 2024;Rp 1,042,828,392.35;Rp 995,947,196.24
Apr 16, 2024;Rp 1,019,912,329.18;Rp 1,040,318,436.59
Apr 15, 2024;Rp 1,059,569,791.74;Rp 1,020,071,050.51
Apr 14, 2024;Rp 1,028,899,617.48;Rp 1,059,554,952.97
Apr 13, 2024;Rp 1,082,928,813.57;Rp 1,028,661,751.77
Apr 12, 2024;Rp 1,123,128,953.49;Rp 1,083,049,499.65
Apr 11, 2024;Rp 1,129,311,771.83;Rp 1,121,953,888.23
Apr 10, 2024;Rp 1,099,361,296.79;Rp 1,129,245,275.17
Apr 09, 2024;Rp 1,140,742,732.30;Rp 1,099,259,105.08
Apr 08, 2024;Rp 1,102,037,496.74;Rp 1,139,885,347.13
Apr 07, 2024;Rp 1,094,620,077.41;Rp 1,102,037,453.42
Apr 06, 2024;Rp 1,077,834,072.98;Rp 1,094,604,171.46
Apr 05, 2024;Rp 1,090,231,924.01;Rp 1,077,787,505.20
Apr 04, 2024;Rp 1,051,809,149.76;Rp 1,090,118,424.46
Apr 03, 2024;Rp 1,043,732,061.05;Rp 1,050,963,543.94
Apr 02, 2024;Rp 1,110,831,417.44;Rp 1,045,059,457.95
Apr 01, 2024;Rp 1,132,695,367.99;Rp 1,112,143,047.60
Mar 31, 2024;Rp 1,106,013,695.83;Rp 1,132,697,959.57
Mar 30, 2024;Rp 1,109,914,884.69;Rp 1,105,974,420.55
Mar 29, 2024;Rp 1,124,190,402.87;Rp 1,109,905,114.93
Mar 28, 2024;Rp 1,104,364,242.28;Rp 1,123,725,706.60
Mar 27, 2024;Rp 1,108,344,999.93;Rp 1,103,241,289.22
Mar 26, 2024;Rp 1,104,768,188.03;Rp 1,107,602,776.05
Mar 25, 2024;Rp 1,063,123,406.59;Rp 1,105,123,393.38
Mar 24, 2024;Rp 1,013,224,484.75;Rp 1,063,124,588.98
Mar 23, 2024;Rp 1,008,985,815.47;Rp 1,013,089,276.87
Mar 22, 2024;Rp 1,029,952,917.60;Rp 1,008,606,917.83
Mar 21, 2024;Rp 1,065,968,866.63;Rp 1,029,982,501.96
Mar 20, 2024;Rp 974,508,185.27;Rp 1,065,825,749.17
Mar 19, 2024;Rp 1,064,368,680.74;Rp 973,601,468.08
Mar 18, 2024;Rp 1,069,933,631.91;Rp 1,063,571,332.23
Mar 17, 2024;Rp 1,021,978,721.79;Rp 1,070,235,898.24
Mar 16, 2024;Rp 1,085,756,494.87;Rp 1,021,959,517.02
Mar 15, 2024;Rp 1,116,321,681.11;Rp 1,085,933,056.30
Mar 14, 2024;Rp 1,138,584,750.51;Rp 1,116,472,028.59
Mar 13, 2024;Rp 1,112,317,041.87;Rp 1,138,722,869.47
Mar 12, 2024;Rp 1,119,865,284.98;Rp 1,112,348,387.08
Mar 11, 2024;Rp 1,073,144,827.72;Rp 1,119,743,179.83
Mar 10, 2024;Rp 1,064,583,026.31;Rp 1,073,132,958.06
Mar 09, 2024;Rp 1,061,459,285.19;Rp 1,064,561,664.02
Mar 08, 2024;Rp 1,046,320,797.33;Rp 1,061,472,277.17
Mar 07, 2024;Rp 1,036,057,691.12;Rp 1,045,892,887.06
Mar 06, 2024;Rp 1,004,989,876.07;Rp 1,035,355,179.06
Mar 05, 2024;Rp 1,077,998,069.13;Rp 1,004,742,376.11
Mar 04, 2024;Rp 991,535,188.41;Rp 1,076,894,183.02
Mar 03, 2024;Rp 974,016,744.34;Rp 992,012,066.21
Mar 02, 2024;Rp 980,298,685.64;Rp 973,989,541.26
Mar 01, 2024;Rp 961,068,754.48;Rp 980,439,690.09
Feb 29, 2024;Rp 983,216,288.27;Rp 961,485,424.70
Feb 28, 2024;Rp 894,449,840.36;Rp 983,253,278.98
Feb 27, 2024;Rp 853,064,714.40;Rp 893,935,753.83
Feb 26, 2024;Rp 806,621,809.92;Rp 852,842,458.10
Feb 25, 2024;Rp 804,115,703.19;Rp 806,663,860.60
Feb 24, 2024;Rp 791,190,565.31;Rp 804,207,517.62
Feb 23, 2024;Rp 799,742,380.64;Rp 791,121,625.50
Feb 22, 2024;Rp 811,941,586.18;Rp 800,070,951.53
Feb 21, 2024;Rp 819,063,497.96;Rp 811,070,166.73
Feb 20, 2024;Rp 809,974,944.95;Rp 818,755,259.02
Feb 19, 2024;Rp 816,228,378.08;Rp 809,874,684.00
Feb 18, 2024;Rp 808,799,139.34;Rp 816,036,328.35
Feb 17, 2024;Rp 816,622,326.60;Rp 808,815,190.33
Feb 16, 2024;Rp 814,908,537.81;Rp 816,599,271.43
Feb 15, 2024;Rp 811,030,128.13;Rp 814,342,019.15
Feb 14, 2024;Rp 779,693,874.15;Rp 810,152,320.43
Feb 13, 2024;Rp 778,341,675.97;Rp 779,416,116.51
Feb 12, 2024;Rp 754,121,060.00;Rp 778,539,210.69
Feb 11, 2024;Rp 745,742,857.54;Rp 754,082,516.60
Feb 10, 2024;Rp 736,134,951.35;Rp 745,778,908.08
Feb 09, 2024;Rp 709,585,789.24;Rp 736,036,160.34
Feb 08, 2024;Rp 693,948,616.36;Rp 709,630,101.97
Feb 07, 2024;Rp 678,518,285.22;Rp 693,568,151.83
Feb 06, 2024;Rp 672,931,778.31;Rp 678,165,628.28
Feb 05, 2024;Rp 669,638,121.76;Rp 672,940,456.86
Feb 04, 2024;Rp 676,362,012.60;Rp 669,731,856.49
Feb 03, 2024;Rp 679,351,300.58;Rp 676,319,677.32
Feb 02, 2024;Rp 677,746,069.08;Rp 679,365,391.86
Feb 01, 2024;Rp 671,556,254.28;Rp 677,666,586.57
Jan 31, 2024;Rp 678,249,586.42;Rp 671,701,358.30
Jan 30, 2024;Rp 685,668,243.03;Rp 678,298,010.05
Jan 29, 2024;Rp 663,372,942.27;Rp 685,259,476.69
Jan 28, 2024;Rp 664,550,168.53;Rp 663,446,790.70
Jan 27, 2024;Rp 659,651,938.63;Rp 664,454,418.99
Jan 26, 2024;Rp 631,768,034.88;Rp 659,671,623.36
Jan 25, 2024;Rp 630,068,828.82;Rp 631,558,782.67
Jan 24, 2024;Rp 627,055,251.35;Rp 630,077,718.99
Jan 23, 2024;Rp 618,981,992.53;Rp 626,551,671.95
Jan 22, 2024;Rp 648,938,142.15;Rp 618,802,655.05
Jan 21, 2024;Rp 650,894,065.70;Rp 648,815,250.21
Jan 20, 2024;Rp 650,161,511.98;Rp 650,801,852.14
Jan 19, 2024;Rp 644,812,660.32;Rp 650,064,956.56
Jan 18, 2024;Rp 668,382,043.66;Rp 644,538,108.85
Jan 17, 2024;Rp 674,406,493.88;Rp 668,112,720.77
Jan 16, 2024;Rp 661,160,957.01;Rp 674,605,232.37
Jan 15, 2024;Rp 648,255,555.13;Rp 661,342,861.20
Jan 14, 2024;Rp 665,674,617.96;Rp 649,517,457.64
Jan 13, 2024;Rp 665,009,333.13;Rp 665,676,459.59
Jan 12, 2024;Rp 721,411,721.64;Rp 665,844,026.50
Jan 11, 2024;Rp 726,104,447.52;Rp 721,626,367.20
Jan 10, 2024;Rp 716,844,316.15;Rp 725,616,454.85
Jan 09, 2024;Rp 728,637,313.94;Rp 716,785,107.88
Jan 08, 2024;Rp 681,505,432.82;Rp 728,371,579.37
Jan 07, 2024;Rp 682,123,590.58;Rp 681,418,443.71
Jan 06, 2024;Rp 684,921,795.87;Rp 681,979,872.21
Jan 05, 2024;Rp 685,768,966.22;Rp 684,669,665.25
Jan 04, 2024;Rp 666,918,458.02;Rp 685,586,233.93
Jan 03, 2024;Rp 697,132,219.03;Rp 666,803,309.34
Jan 02, 2024;Rp 680,040,069.81;Rp 697,075,129.45
Jan 01, 2024;Rp 650,994,265.10;Rp 679,735,211.99
Dec 31, 2023;Rp 648,725,010.39;Rp 650,762,544.13
Dec 30, 2023;Rp 647,796,282.34;Rp 648,798,924.37
Dec 29, 2023;Rp 658,857,127.99;Rp 647,914,019.14
Dec 28, 2023;Rp 668,527,510.33;Rp 659,061,359.78
Dec 27, 2023;Rp 655,045,194.83;Rp 668,196,026.96
Dec 26, 2023;Rp 674,385,218.56;Rp 655,089,502.53
Dec 25, 2023;Rp 665,522,183.48;Rp 674,590,852.54
Dec 24, 2023;Rp 676,340,077.47;Rp 665,607,979.16
Dec 23, 2023;Rp 680,730,074.37;Rp 676,512,937.26
Dec 22, 2023;Rp 677,566,305.20;Rp 680,508,941.38
Dec 21, 2023;Rp 681,172,637.66;Rp 677,611,772.46
Dec 20, 2023;Rp 653,443,129.32;Rp 681,228,262.22
Dec 19, 2023;Rp 658,885,325.16;Rp 653,585,339.07
Dec 18, 2023;Rp 642,124,233.18;Rp 658,607,628.30
Dec 17, 2023;Rp 655,878,191.07;Rp 642,379,911.13
Dec 16, 2023;Rp 651,244,888.83;Rp 655,940,473.21
Dec 15, 2023;Rp 665,885,596.41;Rp 651,120,928.62
Dec 14, 2023;Rp 658,702,274.91;Rp 665,797,869.02
Dec 13, 2023;Rp 645,930,335.94;Rp 658,621,636.52
Dec 12, 2023;Rp 645,566,685.51;Rp 645,635,445.98
Dec 11, 2023;Rp 682,001,216.56;Rp 645,593,272.86
Dec 10, 2023;Rp 680,982,115.98;Rp 681,809,340.40
Dec 09, 2023;Rp 688,015,466.19;Rp 680,944,777.10
Dec 08, 2023;Rp 671,375,063.91;Rp 687,806,471.78
Dec 07, 2023;Rp 679,020,291.11;Rp 671,323,832.59
Dec 06, 2023;Rp 681,659,130.63;Rp 678,682,353.22
Dec 05, 2023;Rp 650,143,411.97;Rp 681,643,827.85
Dec 04, 2023;Rp 618,317,682.85;Rp 650,047,951.04
Dec 03, 2023;Rp 611,220,652.60;Rp 618,314,019.97
Dec 02, 2023;Rp 596,304,310.04;Rp 611,284,540.08
Dec 01, 2023;Rp 586,837,538.65;Rp 596,296,137.39
Nov 30, 2023;Rp 585,276,106.20;Rp 586,576,536.26
Nov 29, 2023;Rp 580,611,806.72;Rp 585,235,530.30
Nov 28, 2023;Rp 577,530,103.16;Rp 580,688,267.91
Nov 27, 2023;Rp 582,140,702.60;Rp 577,640,789.78
Nov 26, 2023;Rp 587,356,164.08;Rp 582,528,188.32
Nov 25, 2023;Rp 586,184,221.59;Rp 587,355,596.57
Nov 24, 2023;Rp 583,109,265.56;Rp 586,166,625.91
Nov 23, 2023;Rp 585,844,828.20;Rp 582,963,555.61
Nov 22, 2023;Rp 554,782,589.94;Rp 585,972,474.83
Nov 21, 2023;Rp 576,614,772.18;Rp 555,685,434.73
Nov 20, 2023;Rp 576,738,850.05;Rp 576,734,747.56
Nov 19, 2023;Rp 564,309,825.84;Rp 576,931,328.81
Nov 18, 2023;Rp 564,920,717.22;Rp 564,308,857.66
Nov 17, 2023;Rp 559,966,652.44;Rp 564,478,200.95
Nov 16, 2023;Rp 587,853,248.67;Rp 559,820,446.96
Nov 15, 2023;Rp 549,526,599.86;Rp 587,878,240.39
Nov 14, 2023;Rp 572,289,776.18;Rp 549,360,821.57
Nov 13, 2023;Rp 581,680,903.47;Rp 572,481,395.53
Nov 12, 2023;Rp 582,782,709.62;Rp 581,433,205.04
Nov 11, 2023;Rp 585,546,115.99;Rp 582,846,422.07
Nov 10, 2023;Rp 576,768,961.36;Rp 585,607,305.95
Nov 09, 2023;Rp 556,775,972.39;Rp 576,584,577.16
Nov 08, 2023;Rp 554,366,260.20;Rp 557,034,576.98
Nov 07, 2023;Rp 545,918,162.83;Rp 554,727,178.90
Nov 06, 2023;Rp 547,663,134.77;Rp 545,747,801.81
Nov 05, 2023;Rp 547,021,722.01;Rp 547,734,490.10
Nov 04, 2023;Rp 541,508,019.30;Rp 546,899,880.71
Nov 03, 2023;Rp 553,923,680.24;Rp 541,445,696.78
Nov 02, 2023;Rp 563,807,482.03;Rp 553,841,018.48
Nov 01, 2023;Rp 551,709,165.86;Rp 563,742,404.75
Oct 31, 2023;Rp 546,794,430.16;Rp 551,876,379.61
Oct 30, 2023;Rp 549,570,716.29;Rp 546,868,967.55
Oct 29, 2023;Rp 542,385,766.92;Rp 549,677,994.37
Oct 28, 2023;Rp 539,495,618.73;Rp 542,389,014.82
Oct 27, 2023;Rp 544,022,671.87;Rp 539,528,643.46
Oct 26, 2023;Rp 547,955,112.61;Rp 544,019,344.23
Oct 25, 2023;Rp 538,389,574.43;Rp 547,931,822.96
Oct 24, 2023;Rp 526,070,953.02;Rp 537,987,392.84
Oct 23, 2023;Rp 478,491,501.15;Rp 526,175,516.19
Oct 22, 2023;Rp 475,070,843.63;Rp 476,161,196.68
Oct 21, 2023;Rp 471,334,999.02;Rp 475,066,979.26
Oct 20, 2023;Rp 455,820,231.96;Rp 471,328,130.77
Oct 19, 2023;Rp 448,308,521.08;Rp 455,581,534.46
Oct 18, 2023;Rp 447,068,438.48;Rp 448,268,225.47
Oct 17, 2023;Rp 447,266,530.06;Rp 447,099,145.47
Oct 16, 2023;Rp 426,002,605.01;Rp 447,233,126.57
Oct 15, 2023;Rp 421,751,358.14;Rp 425,955,942.01
Oct 14, 2023;Rp 421,879,989.57;Rp 421,809,372.51
Oct 13, 2023;Rp 421,340,446.47;Rp 421,819,881.64
Oct 12, 2023;Rp 421,902,641.04;Rp 421,237,632.32
Oct 11, 2023;Rp 430,824,347.31;Rp 421,897,674.60
Oct 10, 2023;Rp 433,376,688.76;Rp 430,807,738.03
Oct 09, 2023;Rp 436,062,260.23;Rp 433,290,693.64
Oct 08, 2023;Rp 437,705,014.78;Rp 436,071,898.25
Oct 07, 2023;Rp 437,315,431.02;Rp 437,660,585.98
Oct 06, 2023;Rp 428,512,397.18;Rp 437,312,538.41
Oct 05, 2023;Rp 433,716,265.45;Rp 428,760,189.08
Oct 04, 2023;Rp 428,678,322.23;Rp 433,754,802.53
Oct 03, 2023;Rp 427,539,691.95;Rp 428,715,317.89
Oct 02, 2023;Rp 432,394,773.93;Rp 427,883,458.78
Oct 01, 2023;Rp 417,815,327.04;Rp 432,502,208.50
Sep 30, 2023;Rp 416,952,219.65;Rp 417,823,366.04
Sep 29, 2023;Rp 418,372,929.79;Rp 416,952,721.92
Sep 28, 2023;Rp 410,518,133.84;Rp 418,232,523.91
Sep 27, 2023;Rp 406,248,549.16;Rp 410,469,929.62
Sep 26, 2023;Rp 405,275,876.50;Rp 406,412,930.17
Sep 25, 2023;Rp 403,653,856.47;Rp 405,312,166.84
Sep 24, 2023;Rp 408,180,775.26;Rp 403,700,757.95
Sep 23, 2023;Rp 408,168,212.29;Rp 408,181,017.21
Sep 22, 2023;Rp 409,301,612.35;Rp 408,183,764.53
Sep 21, 2023;Rp 416,931,381.43;Rp 409,358,388.92
Sep 20, 2023;Rp 418,817,071.22;Rp 416,964,688.79
Sep 19, 2023;Rp 411,635,416.24;Rp 418,829,750.46
Sep 18, 2023;Rp 407,373,152.58;Rp 411,420,930.75
Sep 17, 2023;Rp 408,269,343.20;Rp 407,391,465.00
Sep 16, 2023;Rp 408,857,454.72;Rp 408,274,778.57
Sep 15, 2023;Rp 408,663,300.75;Rp 408,895,790.97
Sep 14, 2023;Rp 402,898,939.24;Rp 408,753,510.68
Sep 13, 2023;Rp 396,800,232.39;Rp 402,893,107.51
Sep 12, 2023;Rp 386,311,635.83;Rp 396,756,583.12
Sep 11, 2023;Rp 395,879,741.94;Rp 386,278,888.17
Sep 10, 2023;Rp 398,312,351.25;Rp 395,887,569.30
Sep 09, 2023;Rp 398,469,474.40;Rp 398,319,553.72
Sep 08, 2023;Rp 403,152,506.18;Rp 398,472,994.34
Sep 07, 2023;Rp 395,247,284.54;Rp 403,075,454.86
Sep 06, 2023;Rp 395,007,586.40;Rp 395,322,873.81
Sep 05, 2023;Rp 393,275,715.04;Rp 394,961,922.99
Sep 04, 2023;Rp 395,601,230.11;Rp 393,234,287.29
Sep 03, 2023;Rp 394,709,597.78;Rp 395,622,515.46
Sep 02, 2023;Rp 393,663,478.79;Rp 394,699,304.11
Sep 01, 2023;Rp 395,179,947.06;Rp 393,660,652.51
Aug 31, 2023;Rp 415,613,968.49;Rp 395,130,008.03
Aug 30, 2023;Rp 421,479,452.77;Rp 415,558,554.19
Aug 29, 2023;Rp 398,357,481.59;Rp 421,517,374.01
Aug 28, 2023;Rp 399,043,276.11;Rp 398,258,600.98
Aug 27, 2023;Rp 397,874,083.09;Rp 399,044,477.52
Aug 26, 2023;Rp 398,470,604.72;Rp 397,877,461.79
Aug 25, 2023;Rp 398,891,466.11;Rp 398,477,238.11
Aug 24, 2023;Rp 404,430,007.44;Rp 398,871,531.07
Aug 23, 2023;Rp 399,044,218.21;Rp 404,431,844.94
Aug 22, 2023;Rp 400,445,874.11;Rp 398,909,103.86
Aug 21, 2023;Rp 400,305,247.46;Rp 400,344,627.45
Aug 20, 2023;Rp 399,830,010.83;Rp 400,318,912.90
Aug 19, 2023;Rp 399,078,849.07;Rp 399,819,949.92
Aug 18, 2023;Rp 409,415,577.36;Rp 399,105,261.27
Aug 17, 2023;Rp 441,072,919.92;Rp 409,853,206.08
Aug 16, 2023;Rp 446,798,875.87;Rp 441,104,280.62
Aug 15, 2023;Rp 451,528,939.66;Rp 446,840,577.16
Aug 14, 2023;Rp 448,726,843.10;Rp 450,900,876.30
Aug 13, 2023;Rp 450,766,642.86;Rp 448,721,501.83
Aug 12, 2023;Rp 450,509,100.81;Rp 450,757,003.08
Aug 11, 2023;Rp 449,129,682.46;Rp 450,477,363.32
Aug 10, 2023;Rp 449,788,553.43;Rp 449,179,292.53
Aug 09, 2023;Rp 452,798,179.82;Rp 449,744,976.86
Aug 08, 2023;Rp 444,682,444.86;Rp 452,784,372.52
Aug 07, 2023;Rp 440,512,875.86;Rp 444,279,247.53
Aug 06, 2023;Rp 440,096,311.74;Rp 440,563,593.94
Aug 05, 2023;Rp 440,576,461.33;Rp 440,072,433.35
Aug 04, 2023;Rp 442,503,944.78;Rp 440,556,804.55
Aug 03, 2023;Rp 444,036,650.02;Rp 442,569,621.72
Aug 02, 2023;Rp 449,694,121.70;Rp 443,906,460.71
Aug 01, 2023;Rp 441,691,732.54;Rp 449,021,805.77
Jul 31, 2023;Rp 441,946,528.60;Rp 441,608,887.32
Jul 30, 2023;Rp 443,500,385.25;Rp 441,901,152.39
Jul 29, 2023;Rp 442,931,639.31;Rp 443,497,739.91
Jul 28, 2023;Rp 441,171,166.32;Rp 442,928,608.31
Jul 27, 2023;Rp 440,943,626.00;Rp 440,821,432.94
Jul 26, 2023;Rp 439,474,483.53;Rp 440,961,262.27
Jul 25, 2023;Rp 438,585,570.05;Rp 439,251,986.99
Jul 24, 2023;Rp 452,528,964.72;Rp 438,555,535.67
Jul 23, 2023;Rp 448,143,076.05;Rp 452,572,253.40
Jul 22, 2023;Rp 449,926,996.86;Rp 447,867,650.08
Jul 21, 2023;Rp 448,741,399.85;Rp 449,927,702.54
Jul 20, 2023;Rp 449,008,207.85;Rp 448,548,598.57
Jul 19, 2023;Rp 447,642,194.56;Rp 448,697,676.28
Jul 18, 2023;Rp 451,732,753.88;Rp 447,578,246.46
Jul 17, 2023;Rp 452,470,110.60;Rp 451,715,053.88
Jul 16, 2023;Rp 454,552,974.07;Rp 452,462,724.30
Jul 15, 2023;Rp 455,067,729.50;Rp 454,527,999.67
Jul 14, 2023;Rp 471,002,862.03;Rp 455,102,037.32
Jul 13, 2023;Rp 453,843,326.76;Rp 471,048,241.47
Jul 12, 2023;Rp 464,260,922.72;Rp 453,899,235.13
Jul 11, 2023;Rp 461,922,671.01;Rp 463,667,661.54
Jul 10, 2023;Rp 456,666,644.15;Rp 461,940,141.26
Jul 09, 2023;Rp 459,272,311.39;Rp 456,648,642.55
Jul 08, 2023;Rp 460,110,922.04;Rp 459,286,421.51
Jul 07, 2023;Rp 454,492,832.89;Rp 460,040,315.51
Jul 06, 2023;Rp 460,320,425.24;Rp 454,513,178.67
Jul 05, 2023;Rp 462,296,454.94;Rp 460,325,037.15
Jul 04, 2023;Rp 469,300,927.75;Rp 462,279,274.29
Jul 03, 2023;Rp 459,145,820.81;Rp 469,301,853.51
Jul 02, 2023;Rp 460,041,716.30;Rp 459,089,657.24
Jul 01, 2023;Rp 458,305,728.89;Rp 460,083,966.25
Jun 30, 2023;Rp 458,765,886.63;Rp 458,387,002.45
Jun 29, 2023;Rp 451,074,752.53;Rp 458,850,917.44
Jun 28, 2023;Rp 460,080,231.48;Rp 450,932,847.73
Jun 27, 2023;Rp 455,801,210.72;Rp 459,954,199.85
Jun 26, 2023;Rp 457,036,480.90;Rp 455,469,240.06
Jun 25, 2023;Rp 459,560,948.80;Rp 457,032,546.87
Jun 24, 2023;Rp 462,022,182.66;Rp 459,614,278.24
Jun 23, 2023;Rp 446,756,881.33;Rp 461,822,545.87
Jun 22, 2023;Rp 448,439,239.69;Rp 446,983,588.49
Jun 21, 2023;Rp 425,319,579.65;Rp 448,906,892.61
Jun 20, 2023;Rp 403,003,240.77;Rp 425,397,756.66
Jun 19, 2023;Rp 393,310,510.70;Rp 403,168,436.12
Jun 18, 2023;Rp 396,634,885.95;Rp 393,322,019.84
Jun 17, 2023;Rp 393,915,221.00;Rp 396,638,160.13
Jun 16, 2023;Rp 381,425,216.00;Rp 393,897,012.25
Jun 15, 2023;Rp 374,702,111.33;Rp 381,193,700.62
Jun 14, 2023;Rp 385,566,784.13;Rp 374,732,040.23
Jun 13, 2023;Rp 385,351,914.99;Rp 385,532,208.12
Jun 12, 2023;Rp 384,866,120.25;Rp 385,351,490.57
Jun 11, 2023;Rp 384,939,388.54;Rp 384,953,416.60
Jun 10, 2023;Rp 394,285,638.45;Rp 384,897,834.74
Jun 09, 2023;Rp 393,383,701.61;Rp 394,264,980.76
Jun 08, 2023;Rp 392,519,985.09;Rp 393,435,870.00
Jun 07, 2023;Rp 405,234,530.99;Rp 392,495,335.29
Jun 06, 2023;Rp 382,257,322.16;Rp 405,061,143.09
Jun 05, 2023;Rp 406,578,935.75;Rp 382,666,240.92
Jun 04, 2023;Rp 403,470,761.61;Rp 406,518,334.09
Jun 03, 2023;Rp 406,111,397.06;Rp 403,470,870.77
Jun 02, 2023;Rp 400,061,442.83;Rp 406,070,649.55
Jun 01, 2023;Rp 408,040,420.90;Rp 399,996,380.64
May 31, 2023;Rp 415,136,553.27;Rp 408,039,822.24
May 30, 2023;Rp 415,338,770.93;Rp 415,130,314.03
May 29, 2023;Rp 419,861,947.21;Rp 415,327,361.23
May 28, 2023;Rp 403,285,037.99;Rp 420,012,319.96
May 27, 2023;Rp 401,019,171.16;Rp 403,242,940.92
May 26, 2023;Rp 396,501,037.90;Rp 401,005,791.00
May 25, 2023;Rp 393,656,824.67;Rp 396,531,367.05
May 24, 2023;Rp 405,759,891.70;Rp 393,732,386.64
May 23, 2023;Rp 399,946,138.16;Rp 405,718,094.56
May 22, 2023;Rp 399,247,186.73;Rp 399,841,408.85
May 21, 2023;Rp 405,040,769.34;Rp 399,305,879.04
May 20, 2023;Rp 401,611,735.02;Rp 405,207,500.31
May 19, 2023;Rp 400,316,003.82;Rp 401,630,955.44
May 18, 2023;Rp 407,634,090.78;Rp 400,419,055.58
May 17, 2023;Rp 402,608,400.99;Rp 407,591,720.52
May 16, 2023;Rp 402,152,877.12;Rp 402,629,802.37
May 15, 2023;Rp 397,242,693.57;Rp 402,174,788.57
May 14, 2023;Rp 397,667,589.42;Rp 397,231,678.34
May 13, 2023;Rp 397,946,587.19;Rp 397,594,914.99
May 12, 2023;Rp 398,776,547.67;Rp 397,905,343.76
May 11, 2023;Rp 405,956,132.54;Rp 398,972,780.45
May 10, 2023;Rp 408,624,913.04;Rp 405,989,005.41
May 09, 2023;Rp 408,757,323.44;Rp 408,686,054.59
May 08, 2023;Rp 417,504,731.25;Rp 408,567,104.10
May 07, 2023;Rp 424,125,534.62;Rp 417,571,073.19
May 06, 2023;Rp 433,476,848.12;Rp 424,169,575.53
May 05, 2023;Rp 424,533,644.02;Rp 433,411,178.61
May 04, 2023;Rp 426,397,319.48;Rp 424,352,891.76
May 03, 2023;Rp 423,266,314.73;Rp 426,002,587.93
May 02, 2023;Rp 412,231,909.45;Rp 423,266,965.85
May 01, 2023;Rp 428,765,841.69;Rp 412,299,955.35
Apr 30, 2023;Rp 429,135,534.12;Rp 429,377,631.63
Apr 29, 2023;Rp 430,471,583.19;Rp 429,179,156.54
Apr 28, 2023;Rp 433,163,020.23;Rp 430,525,808.75
Apr 27, 2023;Rp 422,073,283.98;Rp 433,087,834.61
Apr 26, 2023;Rp 422,831,185.61;Rp 421,991,839.96
Apr 25, 2023;Rp 411,439,519.34;Rp 422,943,823.07
Apr 24, 2023;Rp 409,607,621.55;Rp 411,473,608.88
Apr 23, 2023;Rp 415,461,938.63;Rp 409,602,501.55
Apr 22, 2023;Rp 407,243,407.97;Rp 415,482,193.71
Apr 21, 2023;Rp 422,425,352.94;Rp 407,407,923.10
Apr 20, 2023;Rp 432,725,517.85;Rp 422,246,502.54
Apr 19, 2023;Rp 452,897,051.02;Rp 432,711,499.31
Apr 18, 2023;Rp 437,833,008.92;Rp 452,952,594.83
Apr 17, 2023;Rp 445,669,342.99;Rp 437,759,482.61
Apr 16, 2023;Rp 448,135,634.17;Rp 445,643,026.01
Apr 15, 2023;Rp 450,719,154.61;Rp 448,172,893.15
Apr 14, 2023;Rp 447,826,410.28;Rp 450,644,515.88
Apr 13, 2023;Rp 443,408,981.40;Rp 447,671,851.15
Apr 12, 2023;Rp 451,354,110.22;Rp 447,170,086.27
Apr 11, 2023;Rp 443,687,735.25;Rp 451,104,208.73
Apr 10, 2023;Rp 422,577,102.82;Rp 443,699,023.85
Apr 09, 2023;Rp 417,634,926.93;Rp 422,532,688.88
Apr 08, 2023;Rp 417,158,985.40;Rp 417,566,600.98
Apr 07, 2023;Rp 418,929,989.67;Rp 417,238,869.13
Apr 06, 2023;Rp 421,657,948.63;Rp 418,829,301.37
Apr 05, 2023;Rp 421,570,865.68;Rp 421,705,815.31
Apr 04, 2023;Rp 414,757,089.41;Rp 421,394,428.58
Apr 03, 2023;Rp 422,601,835.71;Rp 414,686,182.10
Apr 02, 2023;Rp 426,050,361.81;Rp 422,845,172.97
Apr 01, 2023;Rp 426,207,338.04;Rp 425,274,827.70
Mar 31, 2023;Rp 421,157,452.45;Rp 426,284,468.57
Mar 30, 2023;Rp 426,256,204.88;Rp 421,176,834.63
Mar 29, 2023;Rp 410,797,138.04;Rp 426,229,875.05
Mar 28, 2023;Rp 410,017,960.09;Rp 410,791,423.46
Mar 27, 2023;Rp 424,249,591.64;Rp 410,124,425.54
Mar 26, 2023;Rp 416,998,491.12;Rp 424,253,556.05
Mar 25, 2023;Rp 416,853,772.19;Rp 416,986,099.24
Mar 24, 2023;Rp 427,219,626.23;Rp 416,943,966.39
Mar 23, 2023;Rp 416,708,001.60;Rp 427,366,865.81
Mar 22, 2023;Rp 430,856,574.61;Rp 416,654,972.25
Mar 21, 2023;Rp 426,496,473.14;Rp 431,118,173.41
Mar 20, 2023;Rp 430,916,397.45;Rp 426,140,847.54
Mar 19, 2023;Rp 414,629,151.22;Rp 430,871,418.58
Mar 18, 2023;Rp 422,016,175.44;Rp 414,573,435.37
Mar 17, 2023;Rp 386,563,643.57;Rp 421,644,304.71
Mar 16, 2023;Rp 377,500,518.86;Rp 386,548,523.41
Mar 15, 2023;Rp 381,173,662.90;Rp 376,926,999.18
Mar 14, 2023;Rp 373,085,780.34;Rp 380,580,849.52
Mar 13, 2023;Rp 343,492,281.71;Rp 372,904,531.00
Mar 12, 2023;Rp 319,787,051.53;Rp 343,609,225.64
Mar 11, 2023;Rp 312,963,573.77;Rp 319,854,961.92
Mar 10, 2023;Rp 315,890,773.34;Rp 312,953,754.03
Mar 09, 2023;Rp 335,831,268.90;Rp 315,552,212.71
Mar 08, 2023;Rp 343,107,310.34;Rp 335,578,839.19
Mar 07, 2023;Rp 344,438,405.72;Rp 342,836,826.57
Mar 06, 2023;Rp 342,743,040.77;Rp 344,385,163.72
Mar 05, 2023;Rp 341,521,017.37;Rp 342,723,142.68
Mar 04, 2023;Rp 341,655,147.29;Rp 341,508,894.11
Mar 03, 2023;Rp 360,046,452.48;Rp 341,651,424.18
Mar 02, 2023;Rp 360,608,633.13;Rp 359,843,960.25
Mar 01, 2023;Rp 353,028,530.95;Rp 360,579,217.61
Feb 28, 2023;Rp 357,909,138.51;Rp 353,007,325.39
Feb 27, 2023;Rp 359,661,969.52;Rp 357,924,019.03
Feb 26, 2023;Rp 353,756,887.58;Rp 359,658,339.99
Feb 25, 2023;Rp 354,153,401.15;Rp 353,775,585.36
Feb 24, 2023;Rp 364,394,067.84;Rp 354,122,895.80
Feb 23, 2023;Rp 367,777,175.07;Rp 364,322,260.72
Feb 22, 2023;Rp 372,414,165.05;Rp 367,733,210.85
Feb 21, 2023;Rp 376,656,553.23;Rp 372,335,969.80
Feb 20, 2023;Rp 369,218,247.97;Rp 376,603,608.32
Feb 19, 2023;Rp 373,673,526.27;Rp 369,081,984.38
Feb 18, 2023;Rp 372,557,279.15;Rp 373,692,478.76
Feb 17, 2023;Rp 357,790,409.50;Rp 372,561,919.78
Feb 16, 2023;Rp 369,834,920.41;Rp 357,812,109.32
Feb 15, 2023;Rp 337,530,691.27;Rp 369,856,826.75
Feb 14, 2023;Rp 331,831,415.21;Rp 337,541,189.13
Feb 13, 2023;Rp 330,901,042.96;Rp 331,879,912.46
Feb 12, 2023;Rp 332,169,799.48;Rp 330,919,340.30
Feb 11, 2023;Rp 328,844,926.43;Rp 332,169,367.57
Feb 10, 2023;Rp 330,443,508.30;Rp 328,834,931.62
Feb 09, 2023;Rp 347,173,856.48;Rp 330,492,215.42
Feb 08, 2023;Rp 352,626,846.51;Rp 347,083,255.87
Feb 07, 2023;Rp 346,067,651.75;Rp 352,544,908.78
Feb 06, 2023;Rp 346,487,080.15;Rp 346,099,505.50
Feb 05, 2023;Rp 352,202,610.78;Rp 346,511,896.83
Feb 04, 2023;Rp 353,924,556.03;Rp 352,196,565.74
Feb 03, 2023;Rp 349,586,663.47;Rp 353,969,854.83
Feb 02, 2023;Rp 353,350,131.29;Rp 349,852,383.45
Feb 01, 2023;Rp 347,052,487.45;Rp 353,199,482.58
Jan 31, 2023;Rp 342,669,043.33;Rp 347,134,380.23
Jan 30, 2023;Rp 356,143,674.69;Rp 342,903,573.45
Jan 29, 2023;Rp 344,845,283.09;Rp 356,142,430.70
Jan 28, 2023;Rp 345,569,381.96;Rp 344,839,900.97
Jan 27, 2023;Rp 344,253,770.61;Rp 345,550,868.92
Jan 26, 2023;Rp 345,039,180.86;Rp 344,457,492.28
Jan 25, 2023;Rp 338,582,692.06;Rp 345,376,200.07
Jan 24, 2023;Rp 344,547,465.27;Rp 338,540,848.58
Jan 23, 2023;Rp 342,387,132.19;Rp 344,619,647.53
Jan 22, 2023;Rp 343,111,646.48;Rp 342,376,990.01
Jan 21, 2023;Rp 341,594,624.15;Rp 343,106,210.86
Jan 20, 2023;Rp 319,356,733.04;Rp 341,581,434.46
Jan 19, 2023;Rp 312,969,778.80;Rp 319,554,537.44
Jan 18, 2023;Rp 321,221,578.50;Rp 313,000,563.65
Jan 17, 2023;Rp 319,903,172.96;Rp 321,228,687.53
Jan 16, 2023;Rp 318,110,148.66;Rp 320,201,280.62
Jan 15, 2023;Rp 317,071,526.98;Rp 318,088,445.83
Jan 14, 2023;Rp 300,942,783.92;Rp 317,053,624.97
Jan 13, 2023;Rp 286,496,033.30;Rp 300,928,243.04
Jan 12, 2023;Rp 276,688,567.82;Rp 286,923,408.15
Jan 11, 2023;Rp 270,811,127.31;Rp 276,915,611.38
Jan 10, 2023;Rp 267,995,109.58;Rp 271,043,855.78
Jan 09, 2023;Rp 267,043,479.47;Rp 268,188,858.85
Jan 08, 2023;Rp 264,608,438.59;Rp 266,998,987.10
Jan 07, 2023;Rp 264,575,080.16;Rp 264,622,980.05
Jan 06, 2023;Rp 263,111,988.66;Rp 264,572,778.65
Jan 05, 2023;Rp 263,330,704.74;Rp 263,245,744.78
Jan 04, 2023;Rp 260,050,490.36;Rp 263,327,053.87
Jan 03, 2023;Rp 259,582,670.22;Rp 260,110,695.28
Jan 02, 2023;Rp 258,598,362.56;Rp 259,701,819.13
Jan 01, 2023;Rp 257,129,767.85;Rp 258,591,676.64
Dec 31, 2022;Rp 257,926,463.92;Rp 257,123,256.73
Dec 30, 2022;Rp 260,045,740.50;Rp 257,909,538.57
Dec 29, 2022;Rp 261,417,450.52;Rp 260,105,669.98
Dec 28, 2022;Rp 261,185,395.23;Rp 261,347,727.51
Dec 27, 2022;Rp 264,296,254.85;Rp 261,122,257.55
Dec 26, 2022;Rp 262,548,191.83;Rp 264,338,116.24
Dec 25, 2022;Rp 262,706,851.64;Rp 262,544,103.58
Dec 24, 2022;Rp 261,738,529.79;Rp 262,710,748.40
Dec 23, 2022;Rp 262,096,454.39;Rp 261,738,148.82
Dec 22, 2022;Rp 261,353,710.38;Rp 262,188,107.81
Dec 21, 2022;Rp 263,135,872.80;Rp 261,349,529.65
Dec 20, 2022;Rp 255,958,338.10;Rp 263,121,281.15
Dec 19, 2022;Rp 261,410,772.06;Rp 255,925,534.88
Dec 18, 2022;Rp 262,279,393.90;Rp 261,394,183.02
Dec 17, 2022;Rp 259,960,112.12;Rp 262,271,300.80
Dec 16, 2022;Rp 271,459,954.54;Rp 259,967,934.38
Dec 15, 2022;Rp 276,688,645.98;Rp 271,402,419.66
Dec 14, 2022;Rp 276,582,268.22;Rp 274,371,859.70
Dec 13, 2022;Rp 269,770,297.42;Rp 276,680,877.33
Dec 12, 2022;Rp 266,663,946.55;Rp 269,734,149.07
Dec 11, 2022;Rp 267,274,885.92;Rp 266,690,330.83
Dec 10, 2022;Rp 267,353,823.09;Rp 267,259,476.04
Dec 09, 2022;Rp 268,703,706.19;Rp 267,337,137.47
Dec 08, 2022;Rp 262,953,442.71;Rp 268,721,560.38
Dec 07, 2022;Rp 267,091,893.51;Rp 262,965,576.04
Dec 06, 2022;Rp 263,404,785.49;Rp 267,022,640.93
Dec 05, 2022;Rp 264,253,282.14;Rp 263,455,235.51
Dec 04, 2022;Rp 259,991,864.96;Rp 264,277,840.41
Dec 03, 2022;Rp 262,780,772.32;Rp 259,992,884.71
Dec 02, 2022;Rp 260,647,459.24;Rp 262,758,660.18
Dec 01, 2022;Rp 268,462,213.64;Rp 260,623,656.69
Nov 30, 2022;Rp 258,744,920.08;Rp 268,473,443.75
Nov 29, 2022;Rp 255,460,263.77;Rp 258,737,144.29
Nov 28, 2022;Rp 257,833,437.19;Rp 255,302,820.66
Nov 27, 2022;Rp 258,375,950.54;Rp 257,902,517.22
Nov 26, 2022;Rp 259,270,356.21;Rp 258,382,195.10
Nov 25, 2022;Rp 259,769,070.20;Rp 259,274,499.02
Nov 24, 2022;Rp 259,639,896.83;Rp 259,803,422.34
Nov 23, 2022;Rp 253,971,123.74;Rp 259,455,081.52
Nov 22, 2022;Rp 248,426,047.19;Rp 253,583,598.12
Nov 21, 2022;Rp 255,074,074.77;Rp 248,504,481.46
Nov 20, 2022;Rp 261,413,474.07;Rp 255,083,604.78
Nov 19, 2022;Rp 261,150,584.39;Rp 261,392,003.67
Nov 18, 2022;Rp 262,567,600.71;Rp 261,174,949.82
Nov 17, 2022;Rp 260,703,802.91;Rp 262,561,407.42
Nov 16, 2022;Rp 262,897,634.46;Rp 260,688,373.59
Nov 15, 2022;Rp 258,544,503.01;Rp 262,672,250.10
Nov 14, 2022;Rp 255,082,655.31;Rp 258,467,007.15
Nov 13, 2022;Rp 259,958,062.74;Rp 255,103,514.17
Nov 12, 2022;Rp 263,626,377.45;Rp 259,949,744.68
Nov 11, 2022;Rp 272,742,620.10;Rp 263,586,419.68
Nov 10, 2022;Rp 249,230,577.33;Rp 273,003,849.92
Nov 09, 2022;Rp 290,339,669.87;Rp 248,915,343.36
Nov 08, 2022;Rp 323,121,552.03;Rp 290,300,693.39
Nov 07, 2022;Rp 328,088,744.17;Rp 322,901,765.68
Nov 06, 2022;Rp 332,357,645.80;Rp 328,117,994.22
Nov 05, 2022;Rp 330,165,970.93;Rp 332,320,711.52
Nov 04, 2022;Rp 319,096,470.39;Rp 330,203,418.66
Nov 03, 2022;Rp 316,685,278.36;Rp 318,446,750.71
Nov 02, 2022;Rp 321,047,861.92;Rp 316,635,234.93
Nov 01, 2022;Rp 320,207,156.73;Rp 321,084,124.26
Oct 31, 2022;Rp 320,969,768.92;Rp 320,220,852.66
Oct 30, 2022;Rp 323,867,866.64;Rp 320,999,443.99
Oct 29, 2022;Rp 320,400,520.27;Rp 323,875,550.50
Oct 28, 2022;Rp 316,045,780.06;Rp 320,404,379.91
Oct 27, 2022;Rp 322,352,357.38;Rp 316,012,765.31
Oct 26, 2022;Rp 312,574,933.95;Rp 321,998,958.44
Oct 25, 2022;Rp 301,742,755.04;Rp 312,150,947.93
Oct 24, 2022;Rp 305,896,397.33;Rp 301,752,237.51
Oct 23, 2022;Rp 298,434,414.80;Rp 305,884,482.39
Oct 22, 2022;Rp 297,885,111.97;Rp 298,441,493.47
Oct 21, 2022;Rp 297,144,228.11;Rp 297,886,488.70
Oct 20, 2022;Rp 299,099,562.31;Rp 296,515,258.31
Oct 19, 2022;Rp 299,195,999.65;Rp 298,320,266.12
Oct 18, 2022;Rp 302,543,472.86;Rp 299,186,540.34
Oct 17, 2022;Rp 297,259,388.46;Rp 301,892,041.32
Oct 16, 2022;Rp 295,038,044.39;Rp 297,252,148.47
Oct 15, 2022;Rp 296,840,923.06;Rp 295,018,263.52
Oct 14, 2022;Rp 297,948,312.23;Rp 296,844,317.60
Oct 13, 2022;Rp 293,954,074.22;Rp 298,506,413.58
Oct 12, 2022;Rp 293,058,271.14;Rp 293,466,214.55
Oct 11, 2022;Rp 293,224,789.33;Rp 292,515,476.11
Oct 10, 2022;Rp 296,618,193.22;Rp 293,262,840.49
Oct 09, 2022;Rp 296,906,852.42;Rp 296,618,345.28
Oct 08, 2022;Rp 298,877,050.35;Rp 296,892,914.00
Oct 07, 2022;Rp 304,402,669.85;Rp 298,885,014.85
Oct 06, 2022;Rp 306,961,890.72;Rp 303,947,349.23
Oct 05, 2022;Rp 308,810,803.04;Rp 306,578,970.65
Oct 04, 2022;Rp 300,231,033.98;Rp 308,594,305.46
Oct 03, 2022;Rp 289,998,705.35;Rp 299,630,485.77
Oct 02, 2022;Rp 295,542,739.07;Rp 289,999,305.67
Oct 01, 2022;Rp 297,367,800.76;Rp 295,546,504.15
Sep 30, 2022;Rp 297,760,825.52;Rp 297,378,276.15
Sep 29, 2022;Rp 295,428,539.48;Rp 297,269,616.27
Sep 28, 2022;Rp 289,851,485.69;Rp 294,807,295.56
Sep 27, 2022;Rp 292,785,300.47;Rp 289,941,390.16
Sep 26, 2022;Rp 282,769,269.18;Rp 292,005,846.34
Sep 25, 2022;Rp 286,172,387.96;Rp 282,742,161.18
Sep 24, 2022;Rp 291,623,102.29;Rp 286,182,961.48
Sep 23, 2022;Rp 291,703,339.32;Rp 291,632,882.05
Sep 22, 2022;Rp 279,113,288.26;Rp 291,720,645.44
Sep 21, 2022;Rp 283,703,619.04;Rp 279,305,292.99
Sep 20, 2022;Rp 292,907,299.00;Rp 283,696,203.40
Sep 19, 2022;Rp 290,368,569.73;Rp 292,885,389.30
Sep 18, 2022;Rp 301,892,407.44;Rp 290,382,547.46
Sep 17, 2022;Rp 296,639,688.81;Rp 301,897,547.80
Sep 16, 2022;Rp 294,712,809.39;Rp 296,572,945.02
Sep 15, 2022;Rp 302,065,571.17;Rp 294,397,150.59
Sep 14, 2022;Rp 302,516,022.92;Rp 302,047,662.58
Sep 13, 2022;Rp 332,663,917.11;Rp 303,788,944.55
Sep 12, 2022;Rp 322,853,443.50;Rp 332,440,526.25
Sep 11, 2022;Rp 321,618,536.67;Rp 322,840,218.11
Sep 10, 2022;Rp 317,154,275.26;Rp 321,648,146.61
Sep 09, 2022;Rp 288,085,925.63;Rp 317,217,198.09
Sep 08, 2022;Rp 287,580,220.99;Rp 288,111,189.67
Sep 07, 2022;Rp 280,935,790.22;Rp 287,585,935.41
Sep 06, 2022;Rp 295,079,140.45;Rp 280,700,086.58
Sep 05, 2022;Rp 297,767,729.99;Rp 295,053,761.02
Sep 04, 2022;Rp 295,351,112.30;Rp 297,736,804.68
Sep 03, 2022;Rp 297,395,036.56;Rp 295,345,400.11
Sep 02, 2022;Rp 300,189,003.88;Rp 297,395,823.33
Sep 01, 2022;Rp 297,944,866.96;Rp 300,206,360.68
Aug 31, 2022;Rp 294,211,878.55;Rp 297,714,923.65
Aug 30, 2022;Rp 302,189,497.78;Rp 294,170,689.30
Aug 29, 2022;Rp 290,658,438.18;Rp 302,180,305.74
Aug 28, 2022;Rp 297,207,544.10;Rp 290,683,060.18
Aug 27, 2022;Rp 300,491,569.90;Rp 297,217,979.18
Aug 26, 2022;Rp 319,114,634.26;Rp 300,455,063.58
Aug 25, 2022;Rp 317,722,557.09;Rp 319,149,053.30
Aug 24, 2022;Rp 319,893,893.36;Rp 317,716,048.06
Aug 23, 2022;Rp 319,107,781.82;Rp 319,724,389.60
Aug 22, 2022;Rp 320,058,253.49;Rp 319,075,912.57
Aug 21, 2022;Rp 314,769,306.82;Rp 320,097,754.62
Aug 20, 2022;Rp 310,491,876.48;Rp 314,853,614.83
Aug 19, 2022;Rp 344,996,261.40;Rp 310,561,962.21
Aug 18, 2022;Rp 344,763,484.46;Rp 344,711,496.59
Aug 17, 2022;Rp 352,619,564.21;Rp 344,689,028.97
Aug 16, 2022;Rp 356,871,487.05;Rp 352,268,982.26
Aug 15, 2022;Rp 356,702,721.53;Rp 356,658,766.18
Aug 14, 2022;Rp 358,156,271.64;Rp 356,717,660.08
Aug 13, 2022;Rp 357,762,329.02;Rp 358,083,118.65
Aug 12, 2022;Rp 352,925,536.89;Rp 357,771,580.67
Aug 11, 2022;Rp 353,705,098.12;Rp 352,949,522.06
Aug 10, 2022;Rp 344,372,082.36;Rp 353,622,876.63
Aug 09, 2022;Rp 353,183,829.34;Rp 344,221,765.27
Aug 08, 2022;Rp 345,214,385.63;Rp 353,124,455.76
Aug 07, 2022;Rp 343,212,564.31;Rp 345,160,231.42
Aug 06, 2022;Rp 348,113,624.00;Rp 343,179,275.43
Aug 05, 2022;Rp 337,332,145.64;Rp 348,082,091.18
Aug 04, 2022;Rp 340,586,907.70;Rp 336,981,735.02
Aug 03, 2022;Rp 342,311,100.09;Rp 340,111,381.27
Aug 02, 2022;Rp 346,205,210.02;Rp 342,263,642.30
Aug 01, 2022;Rp 346,146,501.52;Rp 346,106,385.62
Jul 31, 2022;Rp 350,414,872.85;Rp 346,149,135.11
Jul 30, 2022;Rp 352,559,386.42;Rp 350,476,169.54
Jul 29, 2022;Rp 354,339,855.87;Rp 352,675,163.20
Jul 28, 2022;Rp 342,802,840.11;Rp 354,320,149.04
Jul 27, 2022;Rp 318,463,910.41;Rp 342,139,834.19
Jul 26, 2022;Rp 320,181,855.75;Rp 318,397,724.00
Jul 25, 2022;Rp 339,503,303.66;Rp 319,780,384.46
Jul 24, 2022;Rp 336,488,397.80;Rp 339,533,477.21
Jul 23, 2022;Rp 340,105,197.79;Rp 336,487,923.92
Jul 22, 2022;Rp 347,825,742.76;Rp 340,224,957.69
Jul 21, 2022;Rp 347,946,241.00;Rp 347,838,907.13
Jul 20, 2022;Rp 349,982,036.68;Rp 347,924,225.83
Jul 19, 2022;Rp 336,602,096.22;Rp 349,925,796.38
Jul 18, 2022;Rp 311,634,119.00;Rp 336,869,353.54
Jul 17, 2022;Rp 317,848,256.29;Rp 311,595,626.21
Jul 16, 2022;Rp 312,435,517.45;Rp 317,777,390.35
Jul 15, 2022;Rp 309,535,480.39;Rp 312,468,877.06
Jul 14, 2022;Rp 303,787,428.49;Rp 309,486,789.27
Jul 13, 2022;Rp 289,580,375.31;Rp 303,796,560.13
Jul 12, 2022;Rp 299,768,812.40;Rp 289,549,540.21
Jul 11, 2022;Rp 312,363,398.12;Rp 299,770,036.82
Jul 10, 2022;Rp 323,368,537.60;Rp 312,424,749.85
Jul 09, 2022;Rp 325,251,855.87;Rp 323,385,390.75
Jul 08, 2022;Rp 324,177,569.78;Rp 325,465,846.50
Jul 07, 2022;Rp 308,525,430.83;Rp 323,798,927.53
Jul 06, 2022;Rp 303,797,758.43;Rp 308,132,248.40
Jul 05, 2022;Rp 303,272,095.90;Rp 303,157,600.29
Jul 04, 2022;Rp 288,270,555.56;Rp 303,360,685.42
Jul 03, 2022;Rp 288,153,255.41;Rp 288,266,998.69
Jul 02, 2022;Rp 288,643,564.58;Rp 288,155,663.67
Jul 01, 2022;Rp 296,464,687.12;Rp 288,561,656.55
Jun 30, 2022;Rp 299,226,303.30;Rp 295,364,203.37
Jun 29, 2022;Rp 301,225,055.34;Rp 298,922,699.83
Jun 28, 2022;Rp 307,136,075.07;Rp 301,390,526.40
Jun 27, 2022;Rp 312,227,281.20;Rp 307,044,736.81
Jun 26, 2022;Rp 318,782,268.76;Rp 312,211,313.58
Jun 25, 2022;Rp 314,883,817.60;Rp 318,868,931.59
Jun 24, 2022;Rp 313,476,005.04;Rp 314,854,839.28
Jun 23, 2022;Rp 296,479,331.10;Rp 313,494,278.68
Jun 22, 2022;Rp 307,476,102.70;Rp 296,485,590.23
Jun 21, 2022;Rp 305,367,055.25;Rp 307,345,261.01
Jun 20, 2022;Rp 304,662,607.30;Rp 305,444,799.04
Jun 19, 2022;Rp 282,099,924.38;Rp 304,667,335.81
Jun 18, 2022;Rp 303,802,082.23;Rp 282,199,942.25
Jun 17, 2022;Rp 302,524,065.68;Rp 303,773,249.06
Jun 16, 2022;Rp 331,761,064.70;Rp 302,468,779.41
Jun 15, 2022;Rp 328,117,466.87;Rp 331,710,138.50
Jun 14, 2022;Rp 333,204,505.97;Rp 328,271,914.43
Jun 13, 2022;Rp 389,111,967.68;Rp 333,195,626.89
Jun 12, 2022;Rp 414,677,492.11;Rp 389,475,052.42
Jun 11, 2022;Rp 425,070,947.16;Rp 414,491,839.95
Jun 10, 2022;Rp 439,784,002.12;Rp 425,058,351.79
Jun 09, 2022;Rp 438,523,408.37;Rp 439,991,996.82
Jun 08, 2022;Rp 450,618,617.28;Rp 438,510,016.48
Jun 07, 2022;Rp 452,938,925.97;Rp 450,913,243.26
Jun 06, 2022;Rp 431,844,676.41;Rp 453,070,929.62
Jun 05, 2022;Rp 430,625,177.54;Rp 431,782,059.83
Jun 04, 2022;Rp 428,763,565.50;Rp 430,593,367.46
Jun 03, 2022;Rp 439,802,791.73;Rp 428,738,332.64
Jun 02, 2022;Rp 433,682,502.04;Rp 439,798,185.54
Jun 01, 2022;Rp 462,454,487.71;Rp 433,740,504.77
May 31, 2022;Rp 461,218,999.00;Rp 462,461,843.05
May 30, 2022;Rp 429,195,941.98;Rp 461,539,668.51
May 29, 2022;Rp 421,931,460.31;Rp 429,237,585.61
May 28, 2022;Rp 419,346,884.66;Rp 421,984,102.02
May 27, 2022;Rp 427,365,018.26;Rp 416,227,761.85
May 26, 2022;Rp 432,115,817.03;Rp 427,886,283.79
May 25, 2022;Rp 433,998,840.19;Rp 432,290,408.78
May 24, 2022;Rp 425,627,238.34;Rp 434,544,639.65
May 23, 2022;Rp 444,093,277.23;Rp 425,833,445.24
May 22, 2022;Rp 431,846,301.65;Rp 444,303,438.29
May 21, 2022;Rp 428,433,294.69;Rp 431,842,685.84
May 20, 2022;Rp 443,679,009.42;Rp 428,446,222.31
May 19, 2022;Rp 423,339,521.21;Rp 443,726,077.88
May 18, 2022;Rp 445,129,906.92;Rp 423,911,205.84
May 17, 2022;Rp 437,409,624.03;Rp 445,936,577.19
May 16, 2022;Rp 457,450,819.36;Rp 437,417,094.96
May 15, 2022;Rp 441,424,366.50;Rp 457,452,371.09
May 14, 2022;Rp 429,501,775.97;Rp 441,463,668.61
May 13, 2022;Rp 424,784,635.48;Rp 429,464,536.32
May 12, 2022;Rp 420,742,620.61;Rp 426,044,221.62
May 11, 2022;Rp 450,553,477.11;Rp 420,905,326.62
May 10, 2022;Rp 440,549,784.59;Rp 450,651,133.16
May 09, 2022;Rp 493,768,044.45;Rp 440,888,840.10
May 08, 2022;Rp 514,744,703.96;Rp 493,756,445.07
May 07, 2022;Rp 522,567,646.16;Rp 514,730,407.43
May 06, 2022;Rp 528,802,500.38;Rp 522,544,718.81
May 05, 2022;Rp 572,809,619.84;Rp 528,830,836.32
May 04, 2022;Rp 545,677,709.67;Rp 572,847,488.04
May 03, 2022;Rp 559,682,443.24;Rp 545,713,011.70
May 02, 2022;Rp 557,731,297.06;Rp 559,700,133.20
May 01, 2022;Rp 547,788,946.75;Rp 557,685,653.77
Apr 30, 2022;Rp 560,753,959.73;Rp 547,812,338.78
Apr 29, 2022;Rp 577,285,204.08;Rp 560,811,542.86
Apr 28, 2022;Rp 566,942,500.73;Rp 577,356,892.58
Apr 27, 2022;Rp 550,171,267.73;Rp 566,938,083.04
Apr 26, 2022;Rp 583,533,214.53;Rp 550,130,277.65
Apr 25, 2022;Rp 566,708,224.07;Rp 583,671,794.25
Apr 24, 2022;Rp 571,252,063.60;Rp 566,650,283.02
Apr 23, 2022;Rp 575,019,325.67;Rp 571,372,964.42
Apr 22, 2022;Rp 582,360,688.37;Rp 575,042,428.25
Apr 21, 2022;Rp 593,763,983.96;Rp 583,026,659.71
Apr 20, 2022;Rp 596,608,324.32;Rp 593,805,075.96
Apr 19, 2022;Rp 586,041,488.29;Rp 596,184,934.62
Apr 18, 2022;Rp 569,760,934.64;Rp 586,013,357.36
Apr 17, 2022;Rp 580,672,775.71;Rp 569,702,353.42
Apr 16, 2022;Rp 582,605,701.05;Rp 580,769,133.99
Apr 15, 2022;Rp 575,007,598.83;Rp 582,622,159.30
Apr 14, 2022;Rp 591,071,036.99;Rp 574,430,479.75
Apr 13, 2022;Rp 576,848,808.50;Rp 591,164,560.51
Apr 12, 2022;Rp 567,733,773.38;Rp 576,396,875.25
Apr 11, 2022;Rp 606,091,311.06;Rp 568,047,905.48
Apr 10, 2022;Rp 614,792,077.70;Rp 606,200,514.14
Apr 09, 2022;Rp 607,620,964.28;Rp 614,807,092.93
Apr 08, 2022;Rp 625,362,413.70;Rp 607,701,211.67
Apr 07, 2022;Rp 621,369,201.59;Rp 626,020,389.47
Apr 06, 2022;Rp 653,941,798.46;Rp 621,620,865.36
Apr 05, 2022;Rp 668,010,293.91;Rp 654,579,267.86
Apr 04, 2022;Rp 667,325,662.64;Rp 668,051,639.40
Apr 03, 2022;Rp 659,062,175.16;Rp 667,440,642.14
Apr 02, 2022;Rp 665,189,721.07;Rp 659,203,309.34
Apr 01, 2022;Rp 653,613,420.07;Rp 665,134,332.39
Mar 31, 2022;Rp 674,064,065.90;Rp 653,810,169.23
Mar 30, 2022;Rp 680,441,735.33;Rp 674,413,362.88
Mar 29, 2022;Rp 676,545,989.96;Rp 681,014,559.52
Mar 28, 2022;Rp 671,472,154.40;Rp 676,941,953.33
Mar 27, 2022;Rp 638,981,214.08;Rp 671,453,453.83
Mar 26, 2022;Rp 636,748,657.49;Rp 638,916,193.91
Mar 25, 2022;Rp 632,215,016.60;Rp 636,732,469.11
Mar 24, 2022;Rp 617,310,500.81;Rp 631,371,316.73
Mar 23, 2022;Rp 607,945,610.68;Rp 616,845,766.16
Mar 22, 2022;Rp 589,086,860.69;Rp 607,865,684.32
Mar 21, 2022;Rp 591,788,223.19;Rp 589,475,277.64
Mar 20, 2022;Rp 605,123,902.01;Rp 591,812,479.44
Mar 19, 2022;Rp 599,433,467.39;Rp 605,113,118.71
Mar 18, 2022;Rp 586,387,455.65;Rp 599,526,788.22
Mar 17, 2022;Rp 586,559,445.36;Rp 586,853,749.27
Mar 16, 2022;Rp 562,709,087.74;Rp 587,039,306.52
Mar 15, 2022;Rp 568,957,884.89;Rp 563,002,377.81
Mar 14, 2022;Rp 541,958,146.93;Rp 569,294,345.09
Mar 13, 2022;Rp 557,101,452.93;Rp 542,006,066.70
Mar 12, 2022;Rp 555,808,274.13;Rp 557,377,799.97
Mar 11, 2022;Rp 563,202,764.95;Rp 555,815,580.16
Mar 10, 2022;Rp 598,464,180.48;Rp 563,166,925.60
Mar 09, 2022;Rp 556,494,061.63;Rp 598,590,464.81
Mar 08, 2022;Rp 548,348,071.10;Rp 556,410,503.50
Mar 07, 2022;Rp 552,787,573.27;Rp 548,375,038.02
Mar 06, 2022;Rp 566,758,474.01;Rp 552,653,517.98
Mar 05, 2022;Rp 563,079,981.84;Rp 566,706,481.81
Mar 04, 2022;Rp 609,673,431.61;Rp 562,923,980.70
Mar 03, 2022;Rp 632,149,444.75;Rp 609,582,227.40
Mar 02, 2022;Rp 640,046,571.02;Rp 632,133,921.70
Mar 01, 2022;Rp 620,570,855.34;Rp 640,030,489.08
Feb 28, 2022;Rp 540,846,666.42;Rp 620,596,472.42
Feb 27, 2022;Rp 560,450,524.90;Rp 540,900,921.58
Feb 26, 2022;Rp 562,090,146.25;Rp 560,542,965.11
Feb 25, 2022;Rp 552,828,217.73;Rp 562,106,442.03
Feb 24, 2022;Rp 535,012,646.30;Rp 552,811,816.01
Feb 23, 2022;Rp 550,550,021.05;Rp 535,271,077.23
Feb 22, 2022;Rp 532,114,800.24;Rp 550,560,726.73
Feb 21, 2022;Rp 551,591,350.16;Rp 532,208,220.09
Feb 20, 2022;Rp 576,372,739.81;Rp 551,708,610.86
Feb 19, 2022;Rp 575,049,862.73;Rp 576,430,985.29
Feb 18, 2022;Rp 583,038,286.06;Rp 575,121,023.33
Feb 17, 2022;Rp 627,177,531.92;Rp 582,020,465.48
Feb 16, 2022;Rp 635,929,170.32;Rp 627,726,146.77
Feb 15, 2022;Rp 609,133,367.24;Rp 636,016,831.26
Feb 14, 2022;Rp 604,826,414.10;Rp 609,291,059.91
Feb 13, 2022;Rp 605,872,986.24;Rp 605,401,955.53
Feb 12, 2022;Rp 608,393,844.89;Rp 605,986,360.84
Feb 11, 2022;Rp 625,550,720.09;Rp 608,331,267.73
Feb 10, 2022;Rp 636,058,304.83;Rp 625,453,262.10
Feb 09, 2022;Rp 633,707,125.72;Rp 635,929,206.88
Feb 08, 2022;Rp 631,283,353.29;Rp 634,721,056.71
Feb 07, 2022;Rp 610,439,215.70;Rp 631,076,541.19
Feb 06, 2022;Rp 596,781,148.14;Rp 610,520,588.48
Feb 05, 2022;Rp 597,650,371.25;Rp 596,781,782.21
Feb 04, 2022;Rp 534,039,246.63;Rp 597,641,656.09
Feb 03, 2022;Rp 530,355,609.92;Rp 534,673,274.84
Feb 02, 2022;Rp 555,131,549.05;Rp 530,473,032.29
Feb 01, 2022;Rp 551,805,426.31;Rp 555,539,785.40
Jan 31, 2022;Rp 545,468,782.85;Rp 552,483,002.84
Jan 30, 2022;Rp 548,754,309.19;Rp 545,430,257.14
Jan 29, 2022;Rp 543,415,118.66;Rp 548,556,677.57
Jan 28, 2022;Rp 533,725,098.23;Rp 543,467,179.05
Jan 27, 2022;Rp 529,950,189.50;Rp 534,604,883.01
Jan 26, 2022;Rp 529,521,200.24;Rp 530,097,514.83
Jan 25, 2022;Rp 526,022,123.37;Rp 530,211,095.40
Jan 24, 2022;Rp 519,904,862.76;Rp 526,015,281.79
Jan 23, 2022;Rp 502,219,911.13;Rp 519,920,223.06
Jan 22, 2022;Rp 522,628,766.82;Rp 501,974,750.28
Jan 21, 2022;Rp 583,266,067.69;Rp 522,424,254.06
Jan 20, 2022;Rp 599,563,213.43;Rp 583,804,706.20
Jan 19, 2022;Rp 608,436,136.97;Rp 600,595,627.27
Jan 18, 2022;Rp 605,496,360.76;Rp 608,458,999.34
Jan 17, 2022;Rp 617,313,903.01;Rp 605,503,185.72
Jan 16, 2022;Rp 617,988,309.35;Rp 617,253,199.92
Jan 15, 2022;Rp 616,984,297.07;Rp 618,065,005.22
Jan 14, 2022;Rp 608,789,012.21;Rp 616,952,808.17
Jan 13, 2022;Rp 628,392,262.51;Rp 609,449,452.20
Jan 12, 2022;Rp 610,565,554.23;Rp 629,617,523.97
Jan 11, 2022;Rp 598,729,881.33;Rp 611,562,858.22
Jan 10, 2022;Rp 601,193,374.86;Rp 598,762,033.16
Jan 09, 2022;Rp 597,589,130.31;Rp 601,213,037.39
Jan 08, 2022;Rp 595,108,239.41;Rp 597,577,897.77
Jan 07, 2022;Rp 620,256,734.88;Rp 595,057,197.27
Jan 06, 2022;Rp 627,554,661.64;Rp 620,261,386.24
Jan 05, 2022;Rp 658,492,855.20;Rp 627,604,957.92
Jan 04, 2022;Rp 663,601,973.45;Rp 658,467,276.73
Jan 03, 2022;Rp 674,353,921.43;Rp 663,591,482.32
Jan 02, 2022;Rp 679,071,757.03;Rp 674,377,805.49
Jan 01, 2022;Rp 659,571,867.53;Rp 679,155,569.55
Dec 31, 2021;Rp 672,925,348.58;Rp 659,496,405.72
Dec 30, 2021;Rp 661,082,470.88;Rp 673,050,219.97
Dec 29, 2021;Rp 677,590,047.75;Rp 661,744,235.10
Dec 28, 2021;Rp 720,371,123.17;Rp 677,091,846.32
Dec 27, 2021;Rp 720,855,999.01;Rp 720,304,075.18
Dec 26, 2021;Rp 715,116,684.00;Rp 720,953,991.80
Dec 25, 2021;Rp 721,160,888.01;Rp 715,133,206.00
Dec 24, 2021;Rp 719,812,502.65;Rp 720,696,863.39
Dec 23, 2021;Rp 690,484,356.46;Rp 720,340,585.61
Dec 22, 2021;Rp 698,036,295.34;Rp 691,618,982.37
Dec 21, 2021;Rp 674,636,735.63;Rp 699,267,513.73
Dec 20, 2021;Rp 672,060,567.69;Rp 674,548,613.89
Dec 19, 2021;Rp 674,028,031.64;Rp 672,059,854.37
Dec 18, 2021;Rp 664,898,653.62;Rp 673,954,790.37
Dec 17, 2021;Rp 684,214,635.91;Rp 664,652,484.13
Dec 16, 2021;Rp 700,878,109.77;Rp 685,657,621.05
Dec 15, 2021;Rp 692,684,388.14;Rp 700,824,475.45
Dec 14, 2021;Rp 669,125,213.17;Rp 668,722,086.98
Dec 13, 2021;Rp 720,616,118.99;Rp 669,502,748.82
Dec 12, 2021;Rp 708,488,942.57;Rp 720,380,213.88
Dec 11, 2021;Rp 678,483,831.14;Rp 708,598,807.15
Dec 10, 2021;Rp 683,795,775.88;Rp 678,177,653.08
Dec 09, 2021;Rp 721,733,828.86;Rp 684,226,054.65
Dec 08, 2021;Rp 727,230,213.77;Rp 724,592,301.63
Dec 07, 2021;Rp 730,060,198.57;Rp 729,954,735.96
Dec 06, 2021;Rp 715,243,738.31;Rp 730,071,678.02
Dec 05, 2021;Rp 714,701,256.26;Rp 714,597,704.90
Dec 04, 2021;Rp 780,451,157.06;Rp 714,689,435.24
Dec 03, 2021;Rp 813,282,733.30;Rp 778,568,128.19
Dec 02, 2021;Rp 822,808,682.62;Rp 812,831,573.06
Dec 01, 2021;Rp 814,848,103.32;Rp 822,987,845.88
Nov 30, 2021;Rp 829,029,379.72;Rp 816,187,991.08
Nov 29, 2021;Rp 823,841,320.19;Rp 828,691,810.68
Nov 28, 2021;Rp 790,113,307.11;Rp 823,216,573.89
Nov 27, 2021;Rp 774,594,539.46;Rp 790,142,923.60
Nov 26, 2021;Rp 842,309,582.12;Rp 772,192,076.54
Nov 25, 2021;Rp 817,662,687.67;Rp 818,228,934.30
Nov 24, 2021;Rp 822,011,556.63;Rp 805,004,275.11
Nov 23, 2021;Rp 803,007,123.22;Rp 822,057,604.71
Nov 22, 2021;Rp 837,402,964.29;Rp 802,789,372.37
Nov 21, 2021;Rp 852,315,523.93;Rp 837,739,986.85
Nov 20, 2021;Rp 829,264,421.71;Rp 851,840,199.89
Nov 19, 2021;Rp 808,320,455.30;Rp 829,328,574.53
Nov 18, 2021;Rp 858,942,867.33;Rp 810,984,139.97
Nov 17, 2021;Rp 856,219,799.40;Rp 859,054,918.51
Nov 16, 2021;Rp 903,920,200.46;Rp 856,527,706.29
Nov 15, 2021;Rp 930,664,287.98;Rp 901,597,008.48
Nov 14, 2021;Rp 914,699,070.00;Rp 929,890,904.16
Nov 13, 2021;Rp 910,480,750.57;Rp 914,899,980.26
Nov 12, 2021;Rp 925,073,871.72;Rp 910,449,801.77
Nov 11, 2021;Rp 929,516,527.75;Rp 926,300,119.36
Nov 10, 2021;Rp 954,684,318.48;Rp 929,750,256.86
Nov 09, 2021;Rp 962,837,043.59;Rp 954,947,948.27
Nov 08, 2021;Rp 908,381,233.28;Rp 963,080,704.42
Nov 07, 2021;Rp 881,457,246.97;Rp 908,136,324.62
Nov 06, 2021;Rp 874,497,107.39;Rp 881,064,310.12
Nov 05, 2021;Rp 886,368,040.91;Rp 875,310,486.64
Nov 04, 2021;Rp 902,311,672.98;Rp 885,680,273.35
Nov 03, 2021;Rp 904,008,815.10;Rp 905,320,371.83
Nov 02, 2021;Rp 870,351,042.39;Rp 906,195,555.05
Nov 01, 2021;Rp 871,403,853.13;Rp 870,938,581.77
Oct 31, 2021;Rp 880,042,781.79;Rp 871,382,654.74
Oct 30, 2021;Rp 885,575,877.22;Rp 880,588,329.48
Oct 29, 2021;Rp 860,818,602.53;Rp 885,413,705.66
Oct 28, 2021;Rp 831,415,768.60;Rp 860,779,781.40
Oct 27, 2021;Rp 853,721,266.84;Rp 831,581,542.92
Oct 26, 2021;Rp 892,603,798.33;Rp 853,888,093.18
Oct 25, 2021;Rp 860,004,939.20;Rp 892,697,513.11
Oct 24, 2021;Rp 873,320,618.06;Rp 860,535,337.45
Oct 23, 2021;Rp 863,733,111.87;Rp 873,680,287.59
Oct 22, 2021;Rp 880,482,556.85;Rp 863,699,476.75
Oct 21, 2021;Rp 931,948,218.61;Rp 880,090,429.05
Oct 20, 2021;Rp 906,467,307.21;Rp 931,808,959.98
Oct 19, 2021;Rp 876,642,013.82;Rp 906,148,698.57
Oct 18, 2021;Rp 866,237,859.56;Rp 876,375,757.59
Oct 17, 2021;Rp 856,351,351.94;Rp 866,293,557.87
Oct 16, 2021;Rp 866,504,114.04;Rp 856,415,030.71
Oct 15, 2021;Rp 806,119,946.06;Rp 866,285,030.90
Oct 14, 2021;Rp 814,129,093.18;Rp 807,330,692.46
Oct 13, 2021;Rp 796,990,097.62;Rp 814,530,184.13
Oct 12, 2021;Rp 817,001,820.92;Rp 797,097,169.86
Oct 11, 2021;Rp 778,483,457.56;Rp 816,384,608.75
Oct 10, 2021;Rp 783,454,129.62;Rp 779,036,516.88
Oct 09, 2021;Rp 768,868,804.91;Rp 783,673,730.73
Oct 08, 2021;Rp 765,389,329.54;Rp 769,411,496.16
Oct 07, 2021;Rp 787,604,195.53;Rp 763,442,362.30
Oct 06, 2021;Rp 732,148,109.89;Rp 790,472,919.53
Oct 05, 2021;Rp 701,616,030.06;Rp 734,098,979.06
Oct 04, 2021;Rp 689,773,050.37;Rp 700,730,597.28
Oct 03, 2021;Rp 682,174,275.33;Rp 689,625,112.05
Oct 02, 2021;Rp 688,719,028.62;Rp 682,624,356.37
Oct 01, 2021;Rp 627,834,740.81;Rp 688,425,334.53
Sep 30, 2021;Rp 595,805,750.15;Rp 627,464,416.58
Sep 29, 2021;Rp 587,995,132.47;Rp 595,993,486.20
Sep 28, 2021;Rp 601,090,580.96;Rp 587,559,282.95
Sep 27, 2021;Rp 616,433,008.76;Rp 601,544,522.61
Sep 26, 2021;Rp 610,225,063.41;Rp 616,072,100.25
Sep 25, 2021;Rp 611,928,569.83;Rp 610,153,137.39
Sep 24, 2021;Rp 640,423,953.94;Rp 611,912,303.32
Sep 23, 2021;Rp 620,662,334.62;Rp 640,435,287.29
Sep 22, 2021;Rp 579,201,195.50;Rp 620,864,861.52
Sep 21, 2021;Rp 613,920,073.97;Rp 579,571,558.64
Sep 20, 2021;Rp 672,435,291.63;Rp 611,511,734.43
Sep 19, 2021;Rp 688,475,607.53;Rp 672,413,419.27
Sep 18, 2021;Rp 674,278,844.44;Rp 688,611,196.29
Sep 17, 2021;Rp 680,631,698.10;Rp 674,193,181.76
Sep 16, 2021;Rp 685,255,504.36;Rp 680,807,725.35
Sep 15, 2021;Rp 671,167,667.36;Rp 685,503,647.44
Sep 14, 2021;Rp 640,622,255.31;Rp 671,089,228.75
Sep 13, 2021;Rp 654,150,629.33;Rp 640,665,333.03
Sep 12, 2021;Rp 644,567,421.77;Rp 654,249,070.37
Sep 11, 2021;Rp 639,765,399.89;Rp 644,493,702.54
Sep 10, 2021;Rp 661,690,641.52;Rp 639,966,011.27
Sep 09, 2021;Rp 653,619,832.94;Rp 661,615,917.92
Sep 08, 2021;Rp 666,832,033.25;Rp 658,136,643.29
Sep 07, 2021;Rp 749,537,666.76;Rp 666,595,165.65
Sep 06, 2021;Rp 738,381,308.61;Rp 749,154,174.15
Sep 05, 2021;Rp 711,691,880.39;Rp 738,140,462.85
Sep 04, 2021;Rp 712,710,397.05;Rp 711,788,347.57
Sep 03, 2021;Rp 703,934,773.85;Rp 712,939,127.45
Sep 02, 2021;Rp 694,945,675.19;Rp 704,511,477.03
Sep 01, 2021;Rp 669,775,283.56;Rp 697,407,281.31
Aug 31, 2021;Rp 673,738,903.97;Rp 672,219,636.64
Aug 30, 2021;Rp 704,100,905.91;Rp 676,121,312.79
Aug 29, 2021;Rp 700,563,146.94;Rp 704,042,559.93
Aug 28, 2021;Rp 702,873,998.95;Rp 700,436,442.11
Aug 27, 2021;Rp 677,595,839.30;Rp 702,674,685.30
Aug 26, 2021;Rp 706,277,526.49;Rp 678,284,535.74
Aug 25, 2021;Rp 687,592,269.04;Rp 705,674,275.10
Aug 24, 2021;Rp 713,440,068.74;Rp 687,287,738.23
Aug 23, 2021;Rp 712,412,613.07;Rp 713,206,887.06
Aug 22, 2021;Rp 703,895,916.81;Rp 712,844,838.77
Aug 21, 2021;Rp 710,492,371.97;Rp 704,420,014.79
Aug 20, 2021;Rp 677,317,053.38;Rp 710,666,689.92
Aug 19, 2021;Rp 644,392,737.85;Rp 677,236,708.49
Aug 18, 2021;Rp 644,825,694.75;Rp 645,246,880.47
Aug 17, 2021;Rp 660,057,541.08;Rp 644,737,238.00
Aug 16, 2021;Rp 676,523,203.53;Rp 660,988,258.32
Aug 15, 2021;Rp 676,484,773.08;Rp 676,899,546.66
Aug 14, 2021;Rp 686,740,788.20;Rp 676,488,753.21
Aug 13, 2021;Rp 639,185,552.14;Rp 686,491,317.04
Aug 12, 2021;Rp 655,764,711.89;Rp 639,021,521.41
Aug 11, 2021;Rp 656,323,380.03;Rp 656,005,793.10
Aug 10, 2021;Rp 666,589,991.22;Rp 656,112,185.68
Aug 09, 2021;Rp 628,545,534.29;Rp 667,766,091.47
Aug 08, 2021;Rp 641,544,293.49;Rp 628,620,232.25
Aug 07, 2021;Rp 616,477,450.57;Rp 641,276,044.41
Aug 06, 2021;Rp 586,596,728.03;Rp 616,242,883.85
Aug 05, 2021;Rp 569,906,524.62;Rp 588,286,582.41
Aug 04, 2021;Rp 548,552,380.41;Rp 569,953,386.05
Aug 03, 2021;Rp 564,235,614.63;Rp 546,283,935.77
Aug 02, 2021;Rp 577,178,742.60;Rp 563,275,109.57
Aug 01, 2021;Rp 599,979,874.71;Rp 578,144,237.36
Jul 31, 2021;Rp 610,622,713.55;Rp 602,372,677.64
Jul 30, 2021;Rp 577,872,773.95;Rp 611,190,610.90
Jul 29, 2021;Rp 578,564,302.16;Rp 577,597,570.92
Jul 28, 2021;Rp 573,023,335.86;Rp 578,446,796.72
Jul 27, 2021;Rp 541,594,710.25;Rp 571,623,293.46
Jul 26, 2021;Rp 512,820,745.12;Rp 542,486,355.89
Jul 25, 2021;Rp 496,357,111.38;Rp 512,325,953.45
Jul 24, 2021;Rp 486,274,272.33;Rp 496,388,298.39
Jul 23, 2021;Rp 468,601,163.77;Rp 486,097,982.32
Jul 22, 2021;Rp 467,186,724.57;Rp 468,704,838.57
Jul 21, 2021;Rp 433,833,919.65;Rp 464,768,568.79
Jul 20, 2021;Rp 449,922,872.30;Rp 433,777,388.46
Jul 19, 2021;Rp 461,036,583.18;Rp 449,624,459.42
Jul 18, 2021;Rp 456,993,787.45;Rp 461,722,170.62
Jul 17, 2021;Rp 455,014,505.83;Rp 456,981,944.65
Jul 16, 2021;Rp 462,699,134.77;Rp 455,365,648.50
Jul 15, 2021;Rp 475,272,119.37;Rp 461,812,163.76
Jul 14, 2021;Rp 475,847,262.59;Rp 475,192,118.32
Jul 13, 2021;Rp 480,619,081.59;Rp 475,557,766.28
Jul 12, 2021;Rp 497,420,665.40;Rp 481,059,858.36
Jul 11, 2021;Rp 485,454,379.59;Rp 497,219,838.71
Jul 10, 2021;Rp 489,831,930.48;Rp 485,620,152.72
Jul 09, 2021;Rp 478,410,069.18;Rp 489,640,223.41
Jul 08, 2021;Rp 491,829,690.04;Rp 478,638,653.92
Jul 07, 2021;Rp 496,833,665.98;Rp 491,332,202.53
Jul 06, 2021;Rp 488,173,094.90;Rp 496,971,762.19
Jul 05, 2021;Rp 512,787,377.57;Rp 488,498,695.06
Jul 04, 2021;Rp 501,248,468.43;Rp 512,833,318.71
Jul 03, 2021;Rp 489,519,698.37;Rp 501,291,609.02
Jul 02, 2021;Rp 490,223,402.84;Rp 490,136,068.91
Jul 01, 2021;Rp 509,622,893.76;Rp 490,552,425.94
Jun 30, 2021;Rp 523,152,896.39;Rp 509,693,506.40
Jun 29, 2021;Rp 499,361,244.44;Rp 522,561,240.60
Jun 28, 2021;Rp 500,246,338.06;Rp 498,764,129.87
Jun 27, 2021;Rp 466,796,866.84;Rp 499,817,906.86
Jun 26, 2021;Rp 456,779,848.60;Rp 465,333,109.44
Jun 25, 2021;Rp 501,130,793.11;Rp 457,403,205.17
Jun 24, 2021;Rp 486,110,175.44;Rp 501,178,961.23
Jun 23, 2021;Rp 469,801,672.31;Rp 486,667,148.11
Jun 22, 2021;Rp 455,245,227.26;Rp 469,656,400.68
Jun 21, 2021;Rp 512,341,474.69;Rp 456,027,186.01
Jun 20, 2021;Rp 515,292,108.54;Rp 513,163,878.15
Jun 19, 2021;Rp 519,514,201.16;Rp 516,056,137.78
Jun 18, 2021;Rp 552,478,611.77;Rp 518,539,283.25
Jun 17, 2021;Rp 552,557,429.17;Rp 554,230,261.55
Jun 16, 2021;Rp 572,152,783.49;Rp 554,924,854.56
Jun 15, 2021;Rp 576,956,355.54;Rp 575,536,793.90
Jun 14, 2021;Rp 553,611,789.86;Rp 573,978,006.78
Jun 13, 2021;Rp 505,745,558.93;Rp 554,768,000.72
Jun 12, 2021;Rp 531,126,191.79;Rp 505,699,003.89
Jun 11, 2021;Rp 522,987,741.44;Rp 531,044,498.82
Jun 10, 2021;Rp 533,804,506.51;Rp 522,940,470.99
Jun 09, 2021;Rp 477,254,594.25;Rp 533,170,697.68
Jun 08, 2021;Rp 478,541,506.27;Rp 478,049,432.08
Jun 07, 2021;Rp 512,265,120.43;Rp 478,131,014.40
Jun 06, 2021;Rp 506,274,135.30;Rp 512,652,689.58
Jun 05, 2021;Rp 525,385,481.90;Rp 506,464,316.00
Jun 04, 2021;Rp 562,234,949.14;Rp 525,588,474.71
Jun 03, 2021;Rp 535,960,788.98;Rp 561,751,832.13
Jun 02, 2021;Rp 523,030,786.48;Rp 535,615,397.24
Jun 01, 2021;Rp 531,345,171.56;Rp 524,071,660.42
May 31, 2021;Rp 509,383,000.36;Rp 533,206,482.84
May 30, 2021;Rp 495,107,392.88;Rp 509,656,679.74
May 29, 2021;Rp 510,511,821.99;Rp 495,231,315.26
May 28, 2021;Rp 552,480,374.38;Rp 510,704,236.04
May 27, 2021;Rp 562,781,958.82;Rp 551,488,876.06
May 26, 2021;Rp 550,559,821.40;Rp 562,443,788.69
May 25, 2021;Rp 555,852,360.86;Rp 550,697,490.60
May 24, 2021;Rp 498,123,719.00;Rp 554,565,714.79
May 23, 2021;Rp 539,240,591.95;Rp 499,121,540.42
May 22, 2021;Rp 536,935,746.40;Rp 539,315,054.85
May 21, 2021;Rp 582,405,850.44;Rp 535,982,604.18
May 20, 2021;Rp 528,958,814.41;Rp 585,071,202.21
May 19, 2021;Rp 615,047,202.11;Rp 532,539,123.16
May 18, 2021;Rp 623,816,622.24;Rp 614,533,421.76
May 17, 2021;Rp 659,012,937.57;Rp 624,526,009.02
May 16, 2021;Rp 666,922,052.25;Rp 659,571,284.70
May 15, 2021;Rp 711,732,056.08;Rp 667,543,747.33
May 14, 2021;Rp 711,003,216.73;Rp 712,089,507.06
May 13, 2021;Rp 713,591,545.45;Rp 713,750,504.72
May 12, 2021;Rp 804,660,125.16;Rp 705,199,572.45
May 11, 2021;Rp 792,952,636.69;Rp 804,518,812.13
May 10, 2021;Rp 832,113,714.05;Rp 793,130,921.45
May 09, 2021;Rp 832,025,818.39;Rp 831,839,829.07
May 08, 2021;Rp 810,480,612.06;Rp 830,985,557.84
May 07, 2021;Rp 803,896,017.37;Rp 810,531,993.13
May 06, 2021;Rp 827,140,461.66;Rp 805,782,115.09
May 05, 2021;Rp 771,370,919.56;Rp 826,891,329.63
May 04, 2021;Rp 823,835,542.08;Rp 772,549,627.69
May 03, 2021;Rp 817,879,838.01;Rp 826,673,781.74
May 02, 2021;Rp 835,161,588.91;Rp 818,054,373.32
May 01, 2021;Rp 833,555,590.12;Rp 835,193,186.83
Apr 30, 2021;Rp 774,040,404.45;Rp 834,068,486.32
Apr 29, 2021;Rp 793,881,140.97;Rp 773,844,540.14
Apr 28, 2021;Rp 798,942,098.92;Rp 792,765,232.81
Apr 27, 2021;Rp 781,494,313.00;Rp 798,885,506.02
Apr 26, 2021;Rp 712,854,934.12;Rp 781,311,237.36
Apr 25, 2021;Rp 726,509,343.46;Rp 711,796,257.55
Apr 24, 2021;Rp 742,336,257.90;Rp 726,480,844.52
Apr 23, 2021;Rp 753,003,041.07;Rp 741,616,676.01
Apr 22, 2021;Rp 781,488,163.90;Rp 753,329,990.59
Apr 21, 2021;Rp 821,279,375.26;Rp 782,198,900.00
Apr 20, 2021;Rp 808,340,934.20;Rp 821,307,073.96
Apr 19, 2021;Rp 818,430,422.56;Rp 808,957,544.16
Apr 18, 2021;Rp 884,851,393.60;Rp 818,805,186.70
Apr 17, 2021;Rp 896,921,658.40;Rp 884,588,062.14
Apr 16, 2021;Rp 924,982,671.57;Rp 897,546,554.04
Apr 15, 2021;Rp 921,944,913.14;Rp 921,551,256.36
Apr 14, 2021;Rp 929,009,505.49;Rp 922,449,181.65
Apr 13, 2021;Rp 875,735,796.18;Rp 928,712,670.87
Apr 12, 2021;Rp 876,462,635.39;Rp 875,786,010.94
Apr 11, 2021;Rp 874,646,678.37;Rp 876,902,933.46
Apr 10, 2021;Rp 851,402,249.57;Rp 873,872,156.26
Apr 09, 2021;Rp 851,594,075.80;Rp 851,274,016.86
Apr 08, 2021;Rp 817,193,409.33;Rp 851,555,968.04
Apr 07, 2021;Rp 842,068,972.33;Rp 816,450,864.91
Apr 06, 2021;Rp 856,605,432.50;Rp 841,886,310.80
Apr 05, 2021;Rp 853,501,684.18;Rp 854,954,337.73
Apr 04, 2021;Rp 837,401,538.97;Rp 853,479,395.81
Apr 03, 2021;Rp 863,460,126.79;Rp 837,387,736.90
Apr 02, 2021;Rp 857,453,816.69;Rp 863,269,763.27
Apr 01, 2021;Rp 858,524,683.67;Rp 860,700,895.35
Mar 31, 2021;Rp 857,547,509.28;Rp 858,317,771.18
Mar 30, 2021;Rp 834,870,570.49;Rp 857,364,377.42
Mar 29, 2021;Rp 806,656,807.30;Rp 834,871,539.50
Mar 28, 2021;Rp 806,892,770.96;Rp 806,713,932.60
Mar 27, 2021;Rp 794,821,816.13;Rp 806,872,152.17
Mar 26, 2021;Rp 747,152,851.18;Rp 794,818,161.70
Mar 25, 2021;Rp 762,431,377.30;Rp 747,458,631.63
Mar 24, 2021;Rp 791,119,143.17;Rp 763,118,491.72
Mar 23, 2021;Rp 786,306,194.59;Rp 791,530,617.55
Mar 22, 2021;Rp 828,824,872.36;Rp 786,525,669.83
Mar 21, 2021;Rp 838,044,647.54;Rp 828,904,551.67
Mar 20, 2021;Rp 838,365,855.44;Rp 838,098,249.94
Mar 19, 2021;Rp 834,848,386.39;Rp 838,572,683.15
Mar 18, 2021;Rp 844,753,477.70;Rp 834,964,977.67
Mar 17, 2021;Rp 820,224,014.25;Rp 848,156,425.19
Mar 16, 2021;Rp 804,415,629.81;Rp 819,921,944.32
Mar 15, 2021;Rp 849,915,972.52;Rp 805,385,888.72
Mar 14, 2021;Rp 881,061,995.17;Rp 850,700,928.85
Mar 13, 2021;Rp 825,255,277.94;Rp 881,377,894.64
Mar 12, 2021;Rp 827,647,143.08;Rp 825,092,923.71
Mar 11, 2021;Rp 805,339,766.05;Rp 830,919,740.78
Mar 10, 2021;Rp 789,856,683.17;Rp 805,979,772.49
Mar 09, 2021;Rp 750,296,935.38;Rp 789,614,197.67
Mar 08, 2021;Rp 730,804,412.36;Rp 749,905,776.71
Mar 07, 2021;Rp 704,387,414.91;Rp 731,211,037.23
Mar 06, 2021;Rp 704,107,358.89;Rp 704,296,721.37
Mar 05, 2021;Rp 692,538,348.16;Rp 704,511,597.36
Mar 04, 2021;Rp 720,923,537.02;Rp 692,988,545.63
Mar 03, 2021;Rp 690,246,578.21;Rp 721,244,083.20
Mar 02, 2021;Rp 706,926,632.47;Rp 689,749,800.22
Mar 01, 2021;Rp 645,018,759.32;Rp 707,298,294.95
Feb 28, 2021;Rp 662,223,560.23;Rp 644,570,345.40
Feb 27, 2021;Rp 664,384,751.38;Rp 662,143,780.97
Feb 26, 2021;Rp 667,972,367.56;Rp 664,312,898.64
Feb 25, 2021;Rp 700,003,050.20;Rp 667,075,494.62
Feb 24, 2021;Rp 688,096,616.14;Rp 700,934,669.37
Feb 23, 2021;Rp 764,973,358.96;Rp 690,133,273.78
Feb 22, 2021;Rp 810,286,888.72;Rp 765,088,874.12
Feb 21, 2021;Rp 788,705,896.52;Rp 810,169,351.11
Feb 20, 2021;Rp 786,156,532.93;Rp 789,141,296.19
Feb 19, 2021;Rp 724,260,936.67;Rp 786,167,757.80
Feb 18, 2021;Rp 730,624,163.83;Rp 724,212,909.63
Feb 17, 2021;Rp 688,857,583.51;Rp 730,791,785.88
Feb 16, 2021;Rp 667,137,664.19;Rp 691,012,193.03
Feb 15, 2021;Rp 681,120,539.83;Rp 668,756,830.77
Feb 14, 2021;Rp 658,331,042.49;Rp 681,408,003.12
Feb 13, 2021;Rp 664,316,463.34;Rp 658,205,395.69
Feb 12, 2021;Rp 669,559,751.22;Rp 664,507,383.08
Feb 11, 2021;Rp 628,311,515.17;Rp 669,972,656.81
Feb 10, 2021;Rp 650,512,487.30;Rp 628,616,418.21
Feb 09, 2021;Rp 646,487,927.16;Rp 652,362,297.91
Feb 08, 2021;Rp 544,681,801.27;Rp 646,629,757.63
Feb 07, 2021;Rp 549,860,334.58;Rp 545,032,099.36
Feb 06, 2021;Rp 534,284,972.85;Rp 550,081,961.84
Feb 05, 2021;Rp 517,720,058.12;Rp 534,367,886.10
Feb 04, 2021;Rp 524,386,037.39;Rp 517,641,656.01
Feb 03, 2021;Rp 497,405,807.76;Rp 524,198,162.02
Feb 02, 2021;Rp 470,421,494.87;Rp 497,410,740.18
Feb 01, 2021;Rp 464,721,254.66;Rp 470,386,500.74
Jan 31, 2021;Rp 480,820,412.63;Rp 464,759,249.34
Jan 30, 2021;Rp 481,243,990.15;Rp 480,801,387.24
Jan 29, 2021;Rp 482,126,242.93;Rp 481,530,983.17
Jan 28, 2021;Rp 427,723,246.53;Rp 472,373,950.12
Jan 27, 2021;Rp 457,929,008.11;Rp 427,573,901.79
Jan 26, 2021;Rp 453,811,395.60;Rp 458,025,022.84
Jan 25, 2021;Rp 452,958,039.00;Rp 453,724,257.70
Jan 24, 2021;Rp 449,578,147.43;Rp 452,992,945.43
Jan 23, 2021;Rp 465,033,200.96;Rp 449,623,948.32
Jan 22, 2021;Rp 430,235,132.71;Rp 465,315,254.69
Jan 21, 2021;Rp 498,469,864.43;Rp 430,496,505.33
Jan 20, 2021;Rp 509,254,706.98;Rp 498,318,014.51
Jan 19, 2021;Rp 514,913,518.03;Rp 509,532,304.87
Jan 18, 2021;Rp 504,142,283.31;Rp 517,035,349.79
Jan 17, 2021;Rp 511,878,951.68;Rp 504,160,057.01
Jan 16, 2021;Rp 521,192,616.13;Rp 512,084,045.93
Jan 15, 2021;Rp 550,920,580.96;Rp 521,245,230.15
Jan 14, 2021;Rp 527,056,290.19;Rp 550,288,055.11
Jan 13, 2021;Rp 480,339,838.63;Rp 529,164,634.46
Jan 12, 2021;Rp 501,845,277.26;Rp 477,321,749.95
Jan 11, 2021;Rp 540,040,849.58;Rp 502,393,295.74
Jan 10, 2021;Rp 569,007,457.58;Rp 540,558,324.47
Jan 09, 2021;Rp 576,626,971.62;Rp 569,012,103.88
Jan 08, 2021;Rp 557,015,696.05;Rp 576,753,782.85
Jan 07, 2021;Rp 510,171,389.12;Rp 547,428,667.37
Jan 06, 2021;Rp 472,836,191.87;Rp 510,036,843.12
Jan 05, 2021;Rp 448,131,146.91;Rp 472,627,628.31
Jan 04, 2021;Rp 462,105,143.81;Rp 445,646,911.03
Jan 03, 2021;Rp 456,677,516.38;Rp 461,510,611.83
Jan 02, 2021;Rp 417,547,909.99;Rp 456,647,107.38
Jan 01, 2021;Rp 404,648,709.69;Rp 417,515,162.42
Dec 31, 2020;Rp 404,468,480.02;Rp 403,674,938.23
Dec 30, 2020;Rp 386,092,882.72;Rp 404,330,829.06
Dec 29, 2020;Rp 382,458,876.85;Rp 386,122,451.40
Dec 28, 2020;Rp 373,128,192.35;Rp 383,480,252.44
Dec 27, 2020;Rp 372,901,793.34;Rp 372,794,559.51
Dec 26, 2020;Rp 348,045,448.78;Rp 372,868,849.43
Dec 25, 2020;Rp 336,771,685.90;Rp 347,873,015.95
Dec 24, 2020;Rp 329,471,230.68;Rp 336,803,086.35
Dec 23, 2020;Rp 336,308,765.86;Rp 332,258,266.20
Dec 22, 2020;Rp 322,016,867.99;Rp 336,418,821.05
Dec 21, 2020;Rp 332,103,346.06;Rp 322,117,240.09
Dec 20, 2020;Rp 336,390,727.98;Rp 332,184,371.00
Dec 19, 2020;Rp 326,115,067.21;Rp 336,504,441.43
Dec 18, 2020;Rp 321,771,294.52;Rp 326,186,900.12
Dec 17, 2020;Rp 300,151,898.99;Rp 322,350,957.68
Dec 16, 2020;Rp 274,259,787.55;Rp 300,188,650.52
Dec 15, 2020;Rp 271,083,379.26;Rp 274,195,446.76
Dec 14, 2020;Rp 269,072,886.47;Rp 271,063,874.71
Dec 13, 2020;Rp 266,237,049.31;Rp 268,996,607.74
Dec 12, 2020;Rp 255,542,608.86;Rp 266,193,028.29
Dec 11, 2020;Rp 257,512,294.01;Rp 255,649,962.28
Dec 10, 2020;Rp 261,498,753.82;Rp 257,562,323.20
Dec 09, 2020;Rp 258,350,489.32;Rp 261,599,686.74
Dec 08, 2020;Rp 270,620,611.00;Rp 258,335,890.36
Dec 07, 2020;Rp 272,570,867.06;Rp 270,686,191.07
Dec 06, 2020;Rp 270,980,896.80;Rp 272,609,239.21
Dec 05, 2020;Rp 264,532,600.96;Rp 270,981,611.78
Dec 04, 2020;Rp 274,390,356.52;Rp 264,552,129.04
Dec 03, 2020;Rp 270,716,089.56;Rp 276,124,658.42
Dec 02, 2020;Rp 265,524,672.34;Rp 272,780,301.53
Dec 01, 2020;Rp 276,941,772.34;Rp 265,502,284.61
Nov 30, 2020;Rp 255,764,162.92;Rp 276,829,376.77
Nov 29, 2020;Rp 249,395,528.97;Rp 255,678,404.63
Nov 28, 2020;Rp 240,856,506.32;Rp 249,364,289.11
Nov 27, 2020;Rp 241,668,405.91;Rp 240,792,713.38
Nov 26, 2020;Rp 264,759,754.10;Rp 242,166,804.91
Nov 25, 2020;Rp 269,998,513.58;Rp 264,799,871.78
Nov 24, 2020;Rp 260,463,400.18;Rp 270,014,506.60
Nov 23, 2020;Rp 260,052,119.96;Rp 260,464,453.16
Nov 22, 2020;Rp 264,395,249.76;Rp 260,028,956.37
Nov 21, 2020;Rp 264,098,590.79;Rp 264,395,246.55
Nov 20, 2020;Rp 252,432,577.75;Rp 264,098,569.39
Nov 19, 2020;Rp 251,239,195.05;Rp 252,507,125.87
Nov 18, 2020;Rp 247,687,020.87;Rp 251,241,225.49
Nov 17, 2020;Rp 234,941,223.81;Rp 247,707,172.86
Nov 16, 2020;Rp 225,520,930.34;Rp 235,403,560.16
Nov 15, 2020;Rp 227,553,013.69;Rp 225,428,564.99
Nov 14, 2020;Rp 231,088,754.92;Rp 227,552,995.46
Nov 13, 2020;Rp 230,153,360.91;Rp 231,088,752.76
Nov 12, 2020;Rp 220,952,849.16;Rp 230,214,294.48
Nov 11, 2020;Rp 214,914,686.37;Rp 220,967,128.68
Nov 10, 2020;Rp 218,893,182.27;Rp 214,895,867.36
Nov 09, 2020;Rp 219,724,508.05;Rp 215,603,021.92
Nov 08, 2020;Rp 210,859,396.41;Rp 219,707,715.81
Nov 07, 2020;Rp 221,266,455.26;Rp 210,859,396.74
Nov 06, 2020;Rp 224,168,933.10;Rp 221,266,455.23
Nov 05, 2020;Rp 205,372,754.77;Rp 222,184,218.88
Nov 04, 2020;Rp 202,258,358.81;Rp 203,076,637.81
Nov 03, 2020;Rp 198,033,925.22;Rp 202,254,484.25
Nov 02, 2020;Rp 200,988,022.48;Rp 198,010,245.75
Nov 01, 2020;Rp 201,070,936.33;Rp 201,051,311.67
